Copyright 1986-2022 Xilinx, Inc. All Rights Reserved.
------------------------------------------------------------------------------------------------------------------------------------------------------------------------------------------------------------------------
| Tool Version : Vivado v.2022.1 (win64) Build 3526262 Mon Apr 18 15:48:16 MDT 2022
| Date         : Sun May 24 15:50:21 2026
| Host         : MSI running 64-bit major release  (build 9200)
| Command      : report_timing_summary -max_paths 10 -report_unconstrained -file RISCV_CNN_timing_summary_routed.rpt -pb RISCV_CNN_timing_summary_routed.pb -rpx RISCV_CNN_timing_summary_routed.rpx -warn_on_violation
| Design       : RISCV_CNN
| Device       : 7a35t-csg324
| Speed File   : -1  PRODUCTION 1.23 2018-06-13
------------------------------------------------------------------------------------------------------------------------------------------------------------------------------------------------------------------------

Timing Summary Report

------------------------------------------------------------------------------------------------
| Timer Settings
| --------------
------------------------------------------------------------------------------------------------

  Enable Multi Corner Analysis               :  Yes
  Enable Pessimism Removal                   :  Yes
  Pessimism Removal Resolution               :  Nearest Common Node
  Enable Input Delay Default Clock           :  No
  Enable Preset / Clear Arcs                 :  No
  Disable Flight Delays                      :  No
  Ignore I/O Paths                           :  No
  Timing Early Launch at Borrowing Latches   :  No
  Borrow Time for Max Delay Exceptions       :  Yes
  Merge Timing Exceptions                    :  Yes

  Corner  Analyze    Analyze    
  Name    Max Paths  Min Paths  
  ------  ---------  ---------  
  Slow    Yes        Yes        
  Fast    Yes        Yes        


------------------------------------------------------------------------------------------------
| Report Methodology
| ------------------
------------------------------------------------------------------------------------------------

Rule       Severity  Description                    Violations  
---------  --------  -----------------------------  ----------  
SYNTH-13   Warning   combinational multiplier       1           
TIMING-18  Warning   Missing input or output delay  18          

Note: This report is based on the most recent report_methodology run and may not be up-to-date. Run report_methodology on the current design for the latest report.



check_timing report

Table of Contents
-----------------
1. checking no_clock (0)
2. checking constant_clock (0)
3. checking pulse_width_clock (0)
4. checking unconstrained_internal_endpoints (0)
5. checking no_input_delay (7)
6. checking no_output_delay (11)
7. checking multiple_clock (0)
8. checking generated_clocks (0)
9. checking loops (0)
10. checking partial_input_delay (0)
11. checking partial_output_delay (0)
12. checking latch_loops (0)

1. checking no_clock (0)
------------------------
 There are 0 register/latch pins with no clock.


2. checking constant_clock (0)
------------------------------
 There are 0 register/latch pins with constant_clock.


3. checking pulse_width_clock (0)
---------------------------------
 There are 0 register/latch pins which need pulse_width check


4. checking unconstrained_internal_endpoints (0)
------------------------------------------------
 There are 0 pins that are not constrained for maximum delay.

 There are 0 pins that are not constrained for maximum delay due to constant clock.


5. checking no_input_delay (7)
------------------------------
 There are 7 input ports with no input delay specified. (HIGH)

 There are 0 input ports with no input delay but user has a false path constraint.


6. checking no_output_delay (11)
--------------------------------
 There are 11 ports with no output delay specified. (HIGH)

 There are 0 ports with no output delay but user has a false path constraint

 There are 0 ports with no output delay but with a timing clock defined on it or propagating through it


7. checking multiple_clock (0)
------------------------------
 There are 0 register/latch pins with multiple clocks.


8. checking generated_clocks (0)
--------------------------------
 There are 0 generated clocks that are not connected to a clock source.


9. checking loops (0)
---------------------
 There are 0 combinational loops in the design.


10. checking partial_input_delay (0)
------------------------------------
 There are 0 input ports with partial input delay specified.


11. checking partial_output_delay (0)
-------------------------------------
 There are 0 ports with partial output delay specified.


12. checking latch_loops (0)
----------------------------
 There are 0 combinational latch loops in the design through latch input



------------------------------------------------------------------------------------------------
| Design Timing Summary
| ---------------------
------------------------------------------------------------------------------------------------

    WNS(ns)      TNS(ns)  TNS Failing Endpoints  TNS Total Endpoints      WHS(ns)      THS(ns)  THS Failing Endpoints  THS Total Endpoints     WPWS(ns)     TPWS(ns)  TPWS Failing Endpoints  TPWS Total Endpoints  
    -------      -------  ---------------------  -------------------      -------      -------  ---------------------  -------------------     --------     --------  ----------------------  --------------------  
      0.903        0.000                      0                 5785        0.040        0.000                      0                 5785        4.500        0.000                       0                  1902  


All user specified timing constraints are met.


------------------------------------------------------------------------------------------------
| Clock Summary
| -------------
------------------------------------------------------------------------------------------------

Clock    Waveform(ns)       Period(ns)      Frequency(MHz)
-----    ------------       ----------      --------------
sys_clk  {0.000 5.000}      10.000          100.000         


------------------------------------------------------------------------------------------------
| Intra Clock Table
| -----------------
------------------------------------------------------------------------------------------------

Clock             WNS(ns)      TNS(ns)  TNS Failing Endpoints  TNS Total Endpoints      WHS(ns)      THS(ns)  THS Failing Endpoints  THS Total Endpoints     WPWS(ns)     TPWS(ns)  TPWS Failing Endpoints  TPWS Total Endpoints  
-----             -------      -------  ---------------------  -------------------      -------      -------  ---------------------  -------------------     --------     --------  ----------------------  --------------------  
sys_clk             0.903        0.000                      0                 5494        0.040        0.000                      0                 5494        4.500        0.000                       0                  1902  


------------------------------------------------------------------------------------------------
| Inter Clock Table
| -----------------
------------------------------------------------------------------------------------------------

From Clock    To Clock          WNS(ns)      TNS(ns)  TNS Failing Endpoints  TNS Total Endpoints      WHS(ns)      THS(ns)  THS Failing Endpoints  THS Total Endpoints  
----------    --------          -------      -------  ---------------------  -------------------      -------      -------  ---------------------  -------------------  


------------------------------------------------------------------------------------------------
| Other Path Groups Table
| -----------------------
------------------------------------------------------------------------------------------------

Path Group         From Clock         To Clock               WNS(ns)      TNS(ns)  TNS Failing Endpoints  TNS Total Endpoints      WHS(ns)      THS(ns)  THS Failing Endpoints  THS Total Endpoints  
----------         ----------         --------               -------      -------  ---------------------  -------------------      -------      -------  ---------------------  -------------------  
**async_default**  sys_clk            sys_clk                  4.253        0.000                      0                  291        0.868        0.000                      0                  291  


------------------------------------------------------------------------------------------------
| User Ignored Path Table
| -----------------------
------------------------------------------------------------------------------------------------

Path Group    From Clock    To Clock    
----------    ----------    --------    


------------------------------------------------------------------------------------------------
| Unconstrained Path Table
| ------------------------
------------------------------------------------------------------------------------------------

Path Group    From Clock    To Clock    
----------    ----------    --------    
(none)        sys_clk                     
(none)                      sys_clk       


------------------------------------------------------------------------------------------------
| Timing Details
| --------------
------------------------------------------------------------------------------------------------


---------------------------------------------------------------------------------------------------
From Clock:  sys_clk
  To Clock:  sys_clk

Setup :            0  Failing Endpoints,  Worst Slack        0.903ns,  Total Violation        0.000ns
Hold  :            0  Failing Endpoints,  Worst Slack        0.040ns,  Total Violation        0.000ns
PW    :            0  Failing Endpoints,  Worst Slack        4.500ns,  Total Violation        0.000ns
---------------------------------------------------------------------------------------------------


Max Delay Paths
--------------------------------------------------------------------------------------
Slack (MET) :             0.903ns  (required time - arrival time)
  Source:                 u_test_circuit/test_id_reg[3]/C
                            (rising edge-triggered cell FDCE clocked by sys_clk  {rise@0.000ns fall@5.000ns period=10.000ns})
  Destination:            u_test_circuit/ofmap_word_count_q_reg[4]/D
                            (rising edge-triggered cell FDCE clocked by sys_clk  {rise@0.000ns fall@5.000ns period=10.000ns})
  Path Group:             sys_clk
  Path Type:              Setup (Max at Slow Process Corner)
  Requirement:            10.000ns  (sys_clk rise@10.000ns - sys_clk rise@0.000ns)
  Data Path Delay:        9.064ns  (logic 5.774ns (63.705%)  route 3.290ns (36.295%))
  Logic Levels:           3  (DSP48E1=1 LUT3=1 LUT4=1)
  Clock Path Skew:        -0.029ns (DCD - SCD + CPR)
    Destination Clock Delay (DCD):    4.811ns = ( 14.811 - 10.000 ) 
    Source Clock Delay      (SCD):    5.113ns
    Clock Pessimism Removal (CPR):    0.273ns
  Clock Uncertainty:      0.035ns  ((TSJ^2 + TIJ^2)^1/2 + DJ) / 2 + PE
    Total System Jitter     (TSJ):    0.071ns
    Total Input Jitter      (TIJ):    0.000ns
    Discrete Jitter          (DJ):    0.000ns
    Phase Error              (PE):    0.000ns

    Location             Delay type                Incr(ns)  Path(ns)    Netlist Resource(s)
  -------------------------------------------------------------------    -------------------
                         (clock sys_clk rise edge)    0.000     0.000 r  
    P17                                               0.000     0.000 r  clk (IN)
                         net (fo=0)                   0.000     0.000    clk
    P17                  IBUF (Prop_ibuf_I_O)         1.478     1.478 r  clk_IBUF_inst/O
                         net (fo=1, routed)           1.972     3.450    clk_IBUF
    BUFGCTRL_X0Y0        BUFG (Prop_bufg_I_O)         0.096     3.546 r  clk_IBUF_BUFG_inst/O
                         net (fo=1901, routed)        1.567     5.113    u_test_circuit/clk_IBUF_BUFG
    SLICE_X45Y5          FDCE                                         r  u_test_circuit/test_id_reg[3]/C
  -------------------------------------------------------------------    -------------------
    SLICE_X45Y5          FDCE (Prop_fdce_C_Q)         0.456     5.569 r  u_test_circuit/test_id_reg[3]/Q
                         net (fo=33, routed)          1.365     6.935    u_test_circuit/init_rom_base[13]
    SLICE_X54Y10         LUT4 (Prop_lut4_I0_O)        0.124     7.059 r  u_test_circuit/ofmap_word_count_q1_i_4/O
                         net (fo=2, routed)           0.726     7.785    u_test_circuit/feature_size[1]
    DSP48_X1Y4           DSP48E1 (Prop_dsp48e1_D[1]_P[6])
                                                      5.070    12.855 r  u_test_circuit/ofmap_word_count_q1/P[6]
                         net (fo=1, routed)           1.198    14.053    u_test_circuit/ofmap_word_count_q1_n_99
    SLICE_X47Y12         LUT3 (Prop_lut3_I0_O)        0.124    14.177 r  u_test_circuit/ofmap_word_count_q[4]_i_1/O
                         net (fo=1, routed)           0.000    14.177    u_test_circuit/ofmap_word_count_q[4]_i_1_n_0
    SLICE_X47Y12         FDCE                                         r  u_test_circuit/ofmap_word_count_q_reg[4]/D
  -------------------------------------------------------------------    -------------------

                         (clock sys_clk rise edge)   10.000    10.000 r  
    P17                                               0.000    10.000 r  clk (IN)
                         net (fo=0)                   0.000    10.000    clk
    P17                  IBUF (Prop_ibuf_I_O)         1.408    11.408 r  clk_IBUF_inst/O
                         net (fo=1, routed)           1.868    13.276    clk_IBUF
    BUFGCTRL_X0Y0        BUFG (Prop_bufg_I_O)         0.091    13.367 r  clk_IBUF_BUFG_inst/O
                         net (fo=1901, routed)        1.444    14.811    u_test_circuit/clk_IBUF_BUFG
    SLICE_X47Y12         FDCE                                         r  u_test_circuit/ofmap_word_count_q_reg[4]/C
                         clock pessimism              0.273    15.084    
                         clock uncertainty           -0.035    15.049    
    SLICE_X47Y12         FDCE (Setup_fdce_C_D)        0.031    15.080    u_test_circuit/ofmap_word_count_q_reg[4]
  -------------------------------------------------------------------
                         required time                         15.080    
                         arrival time                         -14.177    
  -------------------------------------------------------------------
                         slack                                  0.903    

Slack (MET) :             0.906ns  (required time - arrival time)
  Source:                 u_test_circuit/test_id_reg[3]/C
                            (rising edge-triggered cell FDCE clocked by sys_clk  {rise@0.000ns fall@5.000ns period=10.000ns})
  Destination:            u_test_circuit/ofmap_word_count_q_reg[0]/D
                            (rising edge-triggered cell FDCE clocked by sys_clk  {rise@0.000ns fall@5.000ns period=10.000ns})
  Path Group:             sys_clk
  Path Type:              Setup (Max at Slow Process Corner)
  Requirement:            10.000ns  (sys_clk rise@10.000ns - sys_clk rise@0.000ns)
  Data Path Delay:        9.062ns  (logic 5.774ns (63.716%)  route 3.288ns (36.284%))
  Logic Levels:           3  (DSP48E1=1 LUT3=1 LUT4=1)
  Clock Path Skew:        -0.028ns (DCD - SCD + CPR)
    Destination Clock Delay (DCD):    4.812ns = ( 14.812 - 10.000 ) 
    Source Clock Delay      (SCD):    5.113ns
    Clock Pessimism Removal (CPR):    0.273ns
  Clock Uncertainty:      0.035ns  ((TSJ^2 + TIJ^2)^1/2 + DJ) / 2 + PE
    Total System Jitter     (TSJ):    0.071ns
    Total Input Jitter      (TIJ):    0.000ns
    Discrete Jitter          (DJ):    0.000ns
    Phase Error              (PE):    0.000ns

    Location             Delay type                Incr(ns)  Path(ns)    Netlist Resource(s)
  -------------------------------------------------------------------    -------------------
                         (clock sys_clk rise edge)    0.000     0.000 r  
    P17                                               0.000     0.000 r  clk (IN)
                         net (fo=0)                   0.000     0.000    clk
    P17                  IBUF (Prop_ibuf_I_O)         1.478     1.478 r  clk_IBUF_inst/O
                         net (fo=1, routed)           1.972     3.450    clk_IBUF
    BUFGCTRL_X0Y0        BUFG (Prop_bufg_I_O)         0.096     3.546 r  clk_IBUF_BUFG_inst/O
                         net (fo=1901, routed)        1.567     5.113    u_test_circuit/clk_IBUF_BUFG
    SLICE_X45Y5          FDCE                                         r  u_test_circuit/test_id_reg[3]/C
  -------------------------------------------------------------------    -------------------
    SLICE_X45Y5          FDCE (Prop_fdce_C_Q)         0.456     5.569 r  u_test_circuit/test_id_reg[3]/Q
                         net (fo=33, routed)          1.365     6.935    u_test_circuit/init_rom_base[13]
    SLICE_X54Y10         LUT4 (Prop_lut4_I0_O)        0.124     7.059 r  u_test_circuit/ofmap_word_count_q1_i_4/O
                         net (fo=2, routed)           0.726     7.785    u_test_circuit/feature_size[1]
    DSP48_X1Y4           DSP48E1 (Prop_dsp48e1_D[1]_P[2])
                                                      5.070    12.855 r  u_test_circuit/ofmap_word_count_q1/P[2]
                         net (fo=1, routed)           1.196    14.051    u_test_circuit/ofmap_word_count_q1_n_103
    SLICE_X45Y11         LUT3 (Prop_lut3_I0_O)        0.124    14.175 r  u_test_circuit/ofmap_word_count_q[0]_i_1/O
                         net (fo=1, routed)           0.000    14.175    u_test_circuit/ofmap_word_count_q[0]_i_1_n_0
    SLICE_X45Y11         FDCE                                         r  u_test_circuit/ofmap_word_count_q_reg[0]/D
  -------------------------------------------------------------------    -------------------

                         (clock sys_clk rise edge)   10.000    10.000 r  
    P17                                               0.000    10.000 r  clk (IN)
                         net (fo=0)                   0.000    10.000    clk
    P17                  IBUF (Prop_ibuf_I_O)         1.408    11.408 r  clk_IBUF_inst/O
                         net (fo=1, routed)           1.868    13.276    clk_IBUF
    BUFGCTRL_X0Y0        BUFG (Prop_bufg_I_O)         0.091    13.367 r  clk_IBUF_BUFG_inst/O
                         net (fo=1901, routed)        1.445    14.812    u_test_circuit/clk_IBUF_BUFG
    SLICE_X45Y11         FDCE                                         r  u_test_circuit/ofmap_word_count_q_reg[0]/C
                         clock pessimism              0.273    15.085    
                         clock uncertainty           -0.035    15.050    
    SLICE_X45Y11         FDCE (Setup_fdce_C_D)        0.031    15.081    u_test_circuit/ofmap_word_count_q_reg[0]
  -------------------------------------------------------------------
                         required time                         15.081    
                         arrival time                         -14.175    
  -------------------------------------------------------------------
                         slack                                  0.906    

Slack (MET) :             1.048ns  (required time - arrival time)
  Source:                 u_test_circuit/test_id_reg[3]/C
                            (rising edge-triggered cell FDCE clocked by sys_clk  {rise@0.000ns fall@5.000ns period=10.000ns})
  Destination:            u_test_circuit/ofmap_word_count_q_reg[2]/D
                            (rising edge-triggered cell FDCE clocked by sys_clk  {rise@0.000ns fall@5.000ns period=10.000ns})
  Path Group:             sys_clk
  Path Type:              Setup (Max at Slow Process Corner)
  Requirement:            10.000ns  (sys_clk rise@10.000ns - sys_clk rise@0.000ns)
  Data Path Delay:        8.920ns  (logic 5.774ns (64.730%)  route 3.146ns (35.270%))
  Logic Levels:           3  (DSP48E1=1 LUT3=1 LUT4=1)
  Clock Path Skew:        -0.028ns (DCD - SCD + CPR)
    Destination Clock Delay (DCD):    4.812ns = ( 14.812 - 10.000 ) 
    Source Clock Delay      (SCD):    5.113ns
    Clock Pessimism Removal (CPR):    0.273ns
  Clock Uncertainty:      0.035ns  ((TSJ^2 + TIJ^2)^1/2 + DJ) / 2 + PE
    Total System Jitter     (TSJ):    0.071ns
    Total Input Jitter      (TIJ):    0.000ns
    Discrete Jitter          (DJ):    0.000ns
    Phase Error              (PE):    0.000ns

    Location             Delay type                Incr(ns)  Path(ns)    Netlist Resource(s)
  -------------------------------------------------------------------    -------------------
                         (clock sys_clk rise edge)    0.000     0.000 r  
    P17                                               0.000     0.000 r  clk (IN)
                         net (fo=0)                   0.000     0.000    clk
    P17                  IBUF (Prop_ibuf_I_O)         1.478     1.478 r  clk_IBUF_inst/O
                         net (fo=1, routed)           1.972     3.450    clk_IBUF
    BUFGCTRL_X0Y0        BUFG (Prop_bufg_I_O)         0.096     3.546 r  clk_IBUF_BUFG_inst/O
                         net (fo=1901, routed)        1.567     5.113    u_test_circuit/clk_IBUF_BUFG
    SLICE_X45Y5          FDCE                                         r  u_test_circuit/test_id_reg[3]/C
  -------------------------------------------------------------------    -------------------
    SLICE_X45Y5          FDCE (Prop_fdce_C_Q)         0.456     5.569 r  u_test_circuit/test_id_reg[3]/Q
                         net (fo=33, routed)          1.365     6.935    u_test_circuit/init_rom_base[13]
    SLICE_X54Y10         LUT4 (Prop_lut4_I0_O)        0.124     7.059 r  u_test_circuit/ofmap_word_count_q1_i_4/O
                         net (fo=2, routed)           0.726     7.785    u_test_circuit/feature_size[1]
    DSP48_X1Y4           DSP48E1 (Prop_dsp48e1_D[1]_P[4])
                                                      5.070    12.855 r  u_test_circuit/ofmap_word_count_q1/P[4]
                         net (fo=1, routed)           1.054    13.909    u_test_circuit/ofmap_word_count_q1_n_101
    SLICE_X45Y11         LUT3 (Prop_lut3_I0_O)        0.124    14.033 r  u_test_circuit/ofmap_word_count_q[2]_i_1/O
                         net (fo=1, routed)           0.000    14.033    u_test_circuit/ofmap_word_count_q[2]_i_1_n_0
    SLICE_X45Y11         FDCE                                         r  u_test_circuit/ofmap_word_count_q_reg[2]/D
  -------------------------------------------------------------------    -------------------

                         (clock sys_clk rise edge)   10.000    10.000 r  
    P17                                               0.000    10.000 r  clk (IN)
                         net (fo=0)                   0.000    10.000    clk
    P17                  IBUF (Prop_ibuf_I_O)         1.408    11.408 r  clk_IBUF_inst/O
                         net (fo=1, routed)           1.868    13.276    clk_IBUF
    BUFGCTRL_X0Y0        BUFG (Prop_bufg_I_O)         0.091    13.367 r  clk_IBUF_BUFG_inst/O
                         net (fo=1901, routed)        1.445    14.812    u_test_circuit/clk_IBUF_BUFG
    SLICE_X45Y11         FDCE                                         r  u_test_circuit/ofmap_word_count_q_reg[2]/C
                         clock pessimism              0.273    15.085    
                         clock uncertainty           -0.035    15.050    
    SLICE_X45Y11         FDCE (Setup_fdce_C_D)        0.031    15.081    u_test_circuit/ofmap_word_count_q_reg[2]
  -------------------------------------------------------------------
                         required time                         15.081    
                         arrival time                         -14.033    
  -------------------------------------------------------------------
                         slack                                  1.048    

Slack (MET) :             1.067ns  (required time - arrival time)
  Source:                 u_test_circuit/test_id_reg[3]/C
                            (rising edge-triggered cell FDCE clocked by sys_clk  {rise@0.000ns fall@5.000ns period=10.000ns})
  Destination:            u_test_circuit/ofmap_word_count_q_reg[7]/D
                            (rising edge-triggered cell FDCE clocked by sys_clk  {rise@0.000ns fall@5.000ns period=10.000ns})
  Path Group:             sys_clk
  Path Type:              Setup (Max at Slow Process Corner)
  Requirement:            10.000ns  (sys_clk rise@10.000ns - sys_clk rise@0.000ns)
  Data Path Delay:        8.944ns  (logic 5.803ns (64.883%)  route 3.141ns (35.117%))
  Logic Levels:           3  (DSP48E1=1 LUT3=1 LUT4=1)
  Clock Path Skew:        -0.029ns (DCD - SCD + CPR)
    Destination Clock Delay (DCD):    4.811ns = ( 14.811 - 10.000 ) 
    Source Clock Delay      (SCD):    5.113ns
    Clock Pessimism Removal (CPR):    0.273ns
  Clock Uncertainty:      0.035ns  ((TSJ^2 + TIJ^2)^1/2 + DJ) / 2 + PE
    Total System Jitter     (TSJ):    0.071ns
    Total Input Jitter      (TIJ):    0.000ns
    Discrete Jitter          (DJ):    0.000ns
    Phase Error              (PE):    0.000ns

    Location             Delay type                Incr(ns)  Path(ns)    Netlist Resource(s)
  -------------------------------------------------------------------    -------------------
                         (clock sys_clk rise edge)    0.000     0.000 r  
    P17                                               0.000     0.000 r  clk (IN)
                         net (fo=0)                   0.000     0.000    clk
    P17                  IBUF (Prop_ibuf_I_O)         1.478     1.478 r  clk_IBUF_inst/O
                         net (fo=1, routed)           1.972     3.450    clk_IBUF
    BUFGCTRL_X0Y0        BUFG (Prop_bufg_I_O)         0.096     3.546 r  clk_IBUF_BUFG_inst/O
                         net (fo=1901, routed)        1.567     5.113    u_test_circuit/clk_IBUF_BUFG
    SLICE_X45Y5          FDCE                                         r  u_test_circuit/test_id_reg[3]/C
  -------------------------------------------------------------------    -------------------
    SLICE_X45Y5          FDCE (Prop_fdce_C_Q)         0.456     5.569 r  u_test_circuit/test_id_reg[3]/Q
                         net (fo=33, routed)          1.365     6.935    u_test_circuit/init_rom_base[13]
    SLICE_X54Y10         LUT4 (Prop_lut4_I0_O)        0.124     7.059 r  u_test_circuit/ofmap_word_count_q1_i_4/O
                         net (fo=2, routed)           0.726     7.785    u_test_circuit/feature_size[1]
    DSP48_X1Y4           DSP48E1 (Prop_dsp48e1_D[1]_P[9])
                                                      5.070    12.855 r  u_test_circuit/ofmap_word_count_q1/P[9]
                         net (fo=1, routed)           1.049    13.904    u_test_circuit/ofmap_word_count_q1_n_96
    SLICE_X47Y12         LUT3 (Prop_lut3_I0_O)        0.153    14.057 r  u_test_circuit/ofmap_word_count_q[7]_i_2/O
                         net (fo=1, routed)           0.000    14.057    u_test_circuit/ofmap_word_count_q[7]_i_2_n_0
    SLICE_X47Y12         FDCE                                         r  u_test_circuit/ofmap_word_count_q_reg[7]/D
  -------------------------------------------------------------------    -------------------

                         (clock sys_clk rise edge)   10.000    10.000 r  
    P17                                               0.000    10.000 r  clk (IN)
                         net (fo=0)                   0.000    10.000    clk
    P17                  IBUF (Prop_ibuf_I_O)         1.408    11.408 r  clk_IBUF_inst/O
                         net (fo=1, routed)           1.868    13.276    clk_IBUF
    BUFGCTRL_X0Y0        BUFG (Prop_bufg_I_O)         0.091    13.367 r  clk_IBUF_BUFG_inst/O
                         net (fo=1901, routed)        1.444    14.811    u_test_circuit/clk_IBUF_BUFG
    SLICE_X47Y12         FDCE                                         r  u_test_circuit/ofmap_word_count_q_reg[7]/C
                         clock pessimism              0.273    15.084    
                         clock uncertainty           -0.035    15.049    
    SLICE_X47Y12         FDCE (Setup_fdce_C_D)        0.075    15.124    u_test_circuit/ofmap_word_count_q_reg[7]
  -------------------------------------------------------------------
                         required time                         15.124    
                         arrival time                         -14.057    
  -------------------------------------------------------------------
                         slack                                  1.067    

Slack (MET) :             1.092ns  (required time - arrival time)
  Source:                 u_test_circuit/test_id_reg[3]/C
                            (rising edge-triggered cell FDCE clocked by sys_clk  {rise@0.000ns fall@5.000ns period=10.000ns})
  Destination:            u_test_circuit/ofmap_word_count_q_reg[6]/D
                            (rising edge-triggered cell FDCE clocked by sys_clk  {rise@0.000ns fall@5.000ns period=10.000ns})
  Path Group:             sys_clk
  Path Type:              Setup (Max at Slow Process Corner)
  Requirement:            10.000ns  (sys_clk rise@10.000ns - sys_clk rise@0.000ns)
  Data Path Delay:        8.875ns  (logic 5.774ns (65.059%)  route 3.101ns (34.941%))
  Logic Levels:           3  (DSP48E1=1 LUT3=1 LUT4=1)
  Clock Path Skew:        -0.029ns (DCD - SCD + CPR)
    Destination Clock Delay (DCD):    4.811ns = ( 14.811 - 10.000 ) 
    Source Clock Delay      (SCD):    5.113ns
    Clock Pessimism Removal (CPR):    0.273ns
  Clock Uncertainty:      0.035ns  ((TSJ^2 + TIJ^2)^1/2 + DJ) / 2 + PE
    Total System Jitter     (TSJ):    0.071ns
    Total Input Jitter      (TIJ):    0.000ns
    Discrete Jitter          (DJ):    0.000ns
    Phase Error              (PE):    0.000ns

    Location             Delay type                Incr(ns)  Path(ns)    Netlist Resource(s)
  -------------------------------------------------------------------    -------------------
                         (clock sys_clk rise edge)    0.000     0.000 r  
    P17                                               0.000     0.000 r  clk (IN)
                         net (fo=0)                   0.000     0.000    clk
    P17                  IBUF (Prop_ibuf_I_O)         1.478     1.478 r  clk_IBUF_inst/O
                         net (fo=1, routed)           1.972     3.450    clk_IBUF
    BUFGCTRL_X0Y0        BUFG (Prop_bufg_I_O)         0.096     3.546 r  clk_IBUF_BUFG_inst/O
                         net (fo=1901, routed)        1.567     5.113    u_test_circuit/clk_IBUF_BUFG
    SLICE_X45Y5          FDCE                                         r  u_test_circuit/test_id_reg[3]/C
  -------------------------------------------------------------------    -------------------
    SLICE_X45Y5          FDCE (Prop_fdce_C_Q)         0.456     5.569 r  u_test_circuit/test_id_reg[3]/Q
                         net (fo=33, routed)          1.365     6.935    u_test_circuit/init_rom_base[13]
    SLICE_X54Y10         LUT4 (Prop_lut4_I0_O)        0.124     7.059 r  u_test_circuit/ofmap_word_count_q1_i_4/O
                         net (fo=2, routed)           0.726     7.785    u_test_circuit/feature_size[1]
    DSP48_X1Y4           DSP48E1 (Prop_dsp48e1_D[1]_P[8])
                                                      5.070    12.855 r  u_test_circuit/ofmap_word_count_q1/P[8]
                         net (fo=1, routed)           1.009    13.864    u_test_circuit/ofmap_word_count_q1_n_97
    SLICE_X47Y12         LUT3 (Prop_lut3_I0_O)        0.124    13.988 r  u_test_circuit/ofmap_word_count_q[6]_i_1/O
                         net (fo=1, routed)           0.000    13.988    u_test_circuit/ofmap_word_count_q[6]_i_1_n_0
    SLICE_X47Y12         FDCE                                         r  u_test_circuit/ofmap_word_count_q_reg[6]/D
  -------------------------------------------------------------------    -------------------

                         (clock sys_clk rise edge)   10.000    10.000 r  
    P17                                               0.000    10.000 r  clk (IN)
                         net (fo=0)                   0.000    10.000    clk
    P17                  IBUF (Prop_ibuf_I_O)         1.408    11.408 r  clk_IBUF_inst/O
                         net (fo=1, routed)           1.868    13.276    clk_IBUF
    BUFGCTRL_X0Y0        BUFG (Prop_bufg_I_O)         0.091    13.367 r  clk_IBUF_BUFG_inst/O
                         net (fo=1901, routed)        1.444    14.811    u_test_circuit/clk_IBUF_BUFG
    SLICE_X47Y12         FDCE                                         r  u_test_circuit/ofmap_word_count_q_reg[6]/C
                         clock pessimism              0.273    15.084    
                         clock uncertainty           -0.035    15.049    
    SLICE_X47Y12         FDCE (Setup_fdce_C_D)        0.031    15.080    u_test_circuit/ofmap_word_count_q_reg[6]
  -------------------------------------------------------------------
                         required time                         15.080    
                         arrival time                         -13.988    
  -------------------------------------------------------------------
                         slack                                  1.092    

Slack (MET) :             1.119ns  (required time - arrival time)
  Source:                 u_test_circuit/test_id_reg[3]/C
                            (rising edge-triggered cell FDCE clocked by sys_clk  {rise@0.000ns fall@5.000ns period=10.000ns})
  Destination:            u_test_circuit/ofmap_word_count_q_reg[1]/D
                            (rising edge-triggered cell FDCE clocked by sys_clk  {rise@0.000ns fall@5.000ns period=10.000ns})
  Path Group:             sys_clk
  Path Type:              Setup (Max at Slow Process Corner)
  Requirement:            10.000ns  (sys_clk rise@10.000ns - sys_clk rise@0.000ns)
  Data Path Delay:        8.893ns  (logic 5.769ns (64.871%)  route 3.124ns (35.129%))
  Logic Levels:           3  (DSP48E1=1 LUT3=1 LUT4=1)
  Clock Path Skew:        -0.028ns (DCD - SCD + CPR)
    Destination Clock Delay (DCD):    4.812ns = ( 14.812 - 10.000 ) 
    Source Clock Delay      (SCD):    5.113ns
    Clock Pessimism Removal (CPR):    0.273ns
  Clock Uncertainty:      0.035ns  ((TSJ^2 + TIJ^2)^1/2 + DJ) / 2 + PE
    Total System Jitter     (TSJ):    0.071ns
    Total Input Jitter      (TIJ):    0.000ns
    Discrete Jitter          (DJ):    0.000ns
    Phase Error              (PE):    0.000ns

    Location             Delay type                Incr(ns)  Path(ns)    Netlist Resource(s)
  -------------------------------------------------------------------    -------------------
                         (clock sys_clk rise edge)    0.000     0.000 r  
    P17                                               0.000     0.000 r  clk (IN)
                         net (fo=0)                   0.000     0.000    clk
    P17                  IBUF (Prop_ibuf_I_O)         1.478     1.478 r  clk_IBUF_inst/O
                         net (fo=1, routed)           1.972     3.450    clk_IBUF
    BUFGCTRL_X0Y0        BUFG (Prop_bufg_I_O)         0.096     3.546 r  clk_IBUF_BUFG_inst/O
                         net (fo=1901, routed)        1.567     5.113    u_test_circuit/clk_IBUF_BUFG
    SLICE_X45Y5          FDCE                                         r  u_test_circuit/test_id_reg[3]/C
  -------------------------------------------------------------------    -------------------
    SLICE_X45Y5          FDCE (Prop_fdce_C_Q)         0.456     5.569 r  u_test_circuit/test_id_reg[3]/Q
                         net (fo=33, routed)          1.365     6.935    u_test_circuit/init_rom_base[13]
    SLICE_X54Y10         LUT4 (Prop_lut4_I0_O)        0.124     7.059 r  u_test_circuit/ofmap_word_count_q1_i_4/O
                         net (fo=2, routed)           0.726     7.785    u_test_circuit/feature_size[1]
    DSP48_X1Y4           DSP48E1 (Prop_dsp48e1_D[1]_P[3])
                                                      5.070    12.855 r  u_test_circuit/ofmap_word_count_q1/P[3]
                         net (fo=1, routed)           1.032    13.887    u_test_circuit/ofmap_word_count_q1_n_102
    SLICE_X45Y11         LUT3 (Prop_lut3_I0_O)        0.119    14.006 r  u_test_circuit/ofmap_word_count_q[1]_i_1/O
                         net (fo=1, routed)           0.000    14.006    u_test_circuit/ofmap_word_count_q[1]_i_1_n_0
    SLICE_X45Y11         FDCE                                         r  u_test_circuit/ofmap_word_count_q_reg[1]/D
  -------------------------------------------------------------------    -------------------

                         (clock sys_clk rise edge)   10.000    10.000 r  
    P17                                               0.000    10.000 r  clk (IN)
                         net (fo=0)                   0.000    10.000    clk
    P17                  IBUF (Prop_ibuf_I_O)         1.408    11.408 r  clk_IBUF_inst/O
                         net (fo=1, routed)           1.868    13.276    clk_IBUF
    BUFGCTRL_X0Y0        BUFG (Prop_bufg_I_O)         0.091    13.367 r  clk_IBUF_BUFG_inst/O
                         net (fo=1901, routed)        1.445    14.812    u_test_circuit/clk_IBUF_BUFG
    SLICE_X45Y11         FDCE                                         r  u_test_circuit/ofmap_word_count_q_reg[1]/C
                         clock pessimism              0.273    15.085    
                         clock uncertainty           -0.035    15.050    
    SLICE_X45Y11         FDCE (Setup_fdce_C_D)        0.075    15.125    u_test_circuit/ofmap_word_count_q_reg[1]
  -------------------------------------------------------------------
                         required time                         15.125    
                         arrival time                         -14.006    
  -------------------------------------------------------------------
                         slack                                  1.119    

Slack (MET) :             1.128ns  (required time - arrival time)
  Source:                 u_test_circuit/test_id_reg[3]/C
                            (rising edge-triggered cell FDCE clocked by sys_clk  {rise@0.000ns fall@5.000ns period=10.000ns})
  Destination:            u_test_circuit/ofmap_word_count_q_reg[3]/D
                            (rising edge-triggered cell FDCE clocked by sys_clk  {rise@0.000ns fall@5.000ns period=10.000ns})
  Path Group:             sys_clk
  Path Type:              Setup (Max at Slow Process Corner)
  Requirement:            10.000ns  (sys_clk rise@10.000ns - sys_clk rise@0.000ns)
  Data Path Delay:        8.884ns  (logic 5.770ns (64.950%)  route 3.114ns (35.050%))
  Logic Levels:           3  (DSP48E1=1 LUT3=1 LUT4=1)
  Clock Path Skew:        -0.028ns (DCD - SCD + CPR)
    Destination Clock Delay (DCD):    4.812ns = ( 14.812 - 10.000 ) 
    Source Clock Delay      (SCD):    5.113ns
    Clock Pessimism Removal (CPR):    0.273ns
  Clock Uncertainty:      0.035ns  ((TSJ^2 + TIJ^2)^1/2 + DJ) / 2 + PE
    Total System Jitter     (TSJ):    0.071ns
    Total Input Jitter      (TIJ):    0.000ns
    Discrete Jitter          (DJ):    0.000ns
    Phase Error              (PE):    0.000ns

    Location             Delay type                Incr(ns)  Path(ns)    Netlist Resource(s)
  -------------------------------------------------------------------    -------------------
                         (clock sys_clk rise edge)    0.000     0.000 r  
    P17                                               0.000     0.000 r  clk (IN)
                         net (fo=0)                   0.000     0.000    clk
    P17                  IBUF (Prop_ibuf_I_O)         1.478     1.478 r  clk_IBUF_inst/O
                         net (fo=1, routed)           1.972     3.450    clk_IBUF
    BUFGCTRL_X0Y0        BUFG (Prop_bufg_I_O)         0.096     3.546 r  clk_IBUF_BUFG_inst/O
                         net (fo=1901, routed)        1.567     5.113    u_test_circuit/clk_IBUF_BUFG
    SLICE_X45Y5          FDCE                                         r  u_test_circuit/test_id_reg[3]/C
  -------------------------------------------------------------------    -------------------
    SLICE_X45Y5          FDCE (Prop_fdce_C_Q)         0.456     5.569 r  u_test_circuit/test_id_reg[3]/Q
                         net (fo=33, routed)          1.365     6.935    u_test_circuit/init_rom_base[13]
    SLICE_X54Y10         LUT4 (Prop_lut4_I0_O)        0.124     7.059 r  u_test_circuit/ofmap_word_count_q1_i_4/O
                         net (fo=2, routed)           0.726     7.785    u_test_circuit/feature_size[1]
    DSP48_X1Y4           DSP48E1 (Prop_dsp48e1_D[1]_P[5])
                                                      5.070    12.855 r  u_test_circuit/ofmap_word_count_q1/P[5]
                         net (fo=1, routed)           1.022    13.877    u_test_circuit/ofmap_word_count_q1_n_100
    SLICE_X45Y11         LUT3 (Prop_lut3_I0_O)        0.120    13.997 r  u_test_circuit/ofmap_word_count_q[3]_i_1/O
                         net (fo=1, routed)           0.000    13.997    u_test_circuit/ofmap_word_count_q[3]_i_1_n_0
    SLICE_X45Y11         FDCE                                         r  u_test_circuit/ofmap_word_count_q_reg[3]/D
  -------------------------------------------------------------------    -------------------

                         (clock sys_clk rise edge)   10.000    10.000 r  
    P17                                               0.000    10.000 r  clk (IN)
                         net (fo=0)                   0.000    10.000    clk
    P17                  IBUF (Prop_ibuf_I_O)         1.408    11.408 r  clk_IBUF_inst/O
                         net (fo=1, routed)           1.868    13.276    clk_IBUF
    BUFGCTRL_X0Y0        BUFG (Prop_bufg_I_O)         0.091    13.367 r  clk_IBUF_BUFG_inst/O
                         net (fo=1901, routed)        1.445    14.812    u_test_circuit/clk_IBUF_BUFG
    SLICE_X45Y11         FDCE                                         r  u_test_circuit/ofmap_word_count_q_reg[3]/C
                         clock pessimism              0.273    15.085    
                         clock uncertainty           -0.035    15.050    
    SLICE_X45Y11         FDCE (Setup_fdce_C_D)        0.075    15.125    u_test_circuit/ofmap_word_count_q_reg[3]
  -------------------------------------------------------------------
                         required time                         15.125    
                         arrival time                         -13.997    
  -------------------------------------------------------------------
                         slack                                  1.128    

Slack (MET) :             1.129ns  (required time - arrival time)
  Source:                 u_test_circuit/test_id_reg[3]/C
                            (rising edge-triggered cell FDCE clocked by sys_clk  {rise@0.000ns fall@5.000ns period=10.000ns})
  Destination:            u_test_circuit/ofmap_word_count_q_reg[5]/D
                            (rising edge-triggered cell FDCE clocked by sys_clk  {rise@0.000ns fall@5.000ns period=10.000ns})
  Path Group:             sys_clk
  Path Type:              Setup (Max at Slow Process Corner)
  Requirement:            10.000ns  (sys_clk rise@10.000ns - sys_clk rise@0.000ns)
  Data Path Delay:        8.881ns  (logic 5.769ns (64.957%)  route 3.112ns (35.043%))
  Logic Levels:           3  (DSP48E1=1 LUT3=1 LUT4=1)
  Clock Path Skew:        -0.029ns (DCD - SCD + CPR)
    Destination Clock Delay (DCD):    4.811ns = ( 14.811 - 10.000 ) 
    Source Clock Delay      (SCD):    5.113ns
    Clock Pessimism Removal (CPR):    0.273ns
  Clock Uncertainty:      0.035ns  ((TSJ^2 + TIJ^2)^1/2 + DJ) / 2 + PE
    Total System Jitter     (TSJ):    0.071ns
    Total Input Jitter      (TIJ):    0.000ns
    Discrete Jitter          (DJ):    0.000ns
    Phase Error              (PE):    0.000ns

    Location             Delay type                Incr(ns)  Path(ns)    Netlist Resource(s)
  -------------------------------------------------------------------    -------------------
                         (clock sys_clk rise edge)    0.000     0.000 r  
    P17                                               0.000     0.000 r  clk (IN)
                         net (fo=0)                   0.000     0.000    clk
    P17                  IBUF (Prop_ibuf_I_O)         1.478     1.478 r  clk_IBUF_inst/O
                         net (fo=1, routed)           1.972     3.450    clk_IBUF
    BUFGCTRL_X0Y0        BUFG (Prop_bufg_I_O)         0.096     3.546 r  clk_IBUF_BUFG_inst/O
                         net (fo=1901, routed)        1.567     5.113    u_test_circuit/clk_IBUF_BUFG
    SLICE_X45Y5          FDCE                                         r  u_test_circuit/test_id_reg[3]/C
  -------------------------------------------------------------------    -------------------
    SLICE_X45Y5          FDCE (Prop_fdce_C_Q)         0.456     5.569 r  u_test_circuit/test_id_reg[3]/Q
                         net (fo=33, routed)          1.365     6.935    u_test_circuit/init_rom_base[13]
    SLICE_X54Y10         LUT4 (Prop_lut4_I0_O)        0.124     7.059 r  u_test_circuit/ofmap_word_count_q1_i_4/O
                         net (fo=2, routed)           0.726     7.785    u_test_circuit/feature_size[1]
    DSP48_X1Y4           DSP48E1 (Prop_dsp48e1_D[1]_P[7])
                                                      5.070    12.855 r  u_test_circuit/ofmap_word_count_q1/P[7]
                         net (fo=1, routed)           1.021    13.875    u_test_circuit/ofmap_word_count_q1_n_98
    SLICE_X47Y12         LUT3 (Prop_lut3_I0_O)        0.119    13.994 r  u_test_circuit/ofmap_word_count_q[5]_i_1/O
                         net (fo=1, routed)           0.000    13.994    u_test_circuit/ofmap_word_count_q[5]_i_1_n_0
    SLICE_X47Y12         FDCE                                         r  u_test_circuit/ofmap_word_count_q_reg[5]/D
  -------------------------------------------------------------------    -------------------

                         (clock sys_clk rise edge)   10.000    10.000 r  
    P17                                               0.000    10.000 r  clk (IN)
                         net (fo=0)                   0.000    10.000    clk
    P17                  IBUF (Prop_ibuf_I_O)         1.408    11.408 r  clk_IBUF_inst/O
                         net (fo=1, routed)           1.868    13.276    clk_IBUF
    BUFGCTRL_X0Y0        BUFG (Prop_bufg_I_O)         0.091    13.367 r  clk_IBUF_BUFG_inst/O
                         net (fo=1901, routed)        1.444    14.811    u_test_circuit/clk_IBUF_BUFG
    SLICE_X47Y12         FDCE                                         r  u_test_circuit/ofmap_word_count_q_reg[5]/C
                         clock pessimism              0.273    15.084    
                         clock uncertainty           -0.035    15.049    
    SLICE_X47Y12         FDCE (Setup_fdce_C_D)        0.075    15.124    u_test_circuit/ofmap_word_count_q_reg[5]
  -------------------------------------------------------------------
                         required time                         15.124    
                         arrival time                         -13.994    
  -------------------------------------------------------------------
                         slack                                  1.129    

Slack (MET) :             1.201ns  (required time - arrival time)
  Source:                 u_test_circuit/result_valid_reg[3]/C
                            (rising edge-triggered cell FDCE clocked by sys_clk  {rise@0.000ns fall@5.000ns period=10.000ns})
  Destination:            u_test_circuit/display_value_q_reg[5]/D
                            (rising edge-triggered cell FDCE clocked by sys_clk  {rise@0.000ns fall@5.000ns period=10.000ns})
  Path Group:             sys_clk
  Path Type:              Setup (Max at Slow Process Corner)
  Requirement:            10.000ns  (sys_clk rise@10.000ns - sys_clk rise@0.000ns)
  Data Path Delay:        8.757ns  (logic 3.147ns (35.939%)  route 5.610ns (64.061%))
  Logic Levels:           11  (CARRY4=2 LUT2=1 LUT3=1 LUT4=2 LUT6=5)
  Clock Path Skew:        -0.036ns (DCD - SCD + CPR)
    Destination Clock Delay (DCD):    4.819ns = ( 14.819 - 10.000 ) 
    Source Clock Delay      (SCD):    5.114ns
    Clock Pessimism Removal (CPR):    0.259ns
  Clock Uncertainty:      0.035ns  ((TSJ^2 + TIJ^2)^1/2 + DJ) / 2 + PE
    Total System Jitter     (TSJ):    0.071ns
    Total Input Jitter      (TIJ):    0.000ns
    Discrete Jitter          (DJ):    0.000ns
    Phase Error              (PE):    0.000ns

    Location             Delay type                Incr(ns)  Path(ns)    Netlist Resource(s)
  -------------------------------------------------------------------    -------------------
                         (clock sys_clk rise edge)    0.000     0.000 r  
    P17                                               0.000     0.000 r  clk (IN)
                         net (fo=0)                   0.000     0.000    clk
    P17                  IBUF (Prop_ibuf_I_O)         1.478     1.478 r  clk_IBUF_inst/O
                         net (fo=1, routed)           1.972     3.450    clk_IBUF
    BUFGCTRL_X0Y0        BUFG (Prop_bufg_I_O)         0.096     3.546 r  clk_IBUF_BUFG_inst/O
                         net (fo=1901, routed)        1.568     5.114    u_test_circuit/clk_IBUF_BUFG
    SLICE_X46Y1          FDCE                                         r  u_test_circuit/result_valid_reg[3]/C
  -------------------------------------------------------------------    -------------------
    SLICE_X46Y1          FDCE (Prop_fdce_C_Q)         0.478     5.592 f  u_test_circuit/result_valid_reg[3]/Q
                         net (fo=4, routed)           0.908     6.500    u_test_circuit/result_valid_reg_n_0_[3]
    SLICE_X46Y1          LUT6 (Prop_lut6_I0_O)        0.301     6.801 r  u_test_circuit/display_value_q[4]_i_18/O
                         net (fo=7, routed)           0.829     7.630    u_test_circuit/display_value_q[4]_i_18_n_0
    SLICE_X48Y2          LUT3 (Prop_lut3_I0_O)        0.150     7.780 r  u_test_circuit/display_value_q[7]_i_17/O
                         net (fo=2, routed)           0.459     8.239    u_test_circuit/display_value_q[7]_i_17_n_0
    SLICE_X48Y2          LUT6 (Prop_lut6_I0_O)        0.326     8.565 r  u_test_circuit/display_value_q[7]_i_18/O
                         net (fo=2, routed)           0.430     8.995    u_test_circuit/display_value_q[7]_i_18_n_0
    SLICE_X48Y2          LUT4 (Prop_lut4_I0_O)        0.124     9.119 r  u_test_circuit/display_value_q[6]_i_10/O
                         net (fo=3, routed)           0.325     9.444    u_test_circuit/display_value_q[6]_i_10_n_0
    SLICE_X48Y1          LUT2 (Prop_lut2_I1_O)        0.124     9.568 r  u_test_circuit/display_value_q[7]_i_14/O
                         net (fo=2, routed)           0.292     9.860    u_test_circuit/display_value_q[7]_i_14_n_0
    SLICE_X48Y1          LUT6 (Prop_lut6_I5_O)        0.124     9.984 r  u_test_circuit/display_value_q[7]_i_6/O
                         net (fo=2, routed)           0.635    10.618    u_test_circuit/display_value_q[7]_i_6_n_0
    SLICE_X49Y1          CARRY4 (Prop_carry4_DI[3]_CO[3])
                                                      0.385    11.003 r  u_test_circuit/display_value_q_reg[7]_i_4/CO[3]
                         net (fo=1, routed)           0.000    11.003    u_test_circuit/display_value_q_reg[7]_i_4_n_0
    SLICE_X49Y2          CARRY4 (Prop_carry4_CI_O[1])
                                                      0.334    11.337 r  u_test_circuit/display_value_q_reg[6]_i_2/O[1]
                         net (fo=10, routed)          0.831    12.168    u_test_circuit/display_value_q_reg[6]_i_2_n_6
    SLICE_X52Y3          LUT4 (Prop_lut4_I0_O)        0.329    12.497 f  u_test_circuit/display_value_q[5]_i_3/O
                         net (fo=1, routed)           0.499    12.996    u_test_circuit/display_value_q[5]_i_3_n_0
    SLICE_X53Y3          LUT6 (Prop_lut6_I0_O)        0.348    13.344 f  u_test_circuit/display_value_q[5]_i_2/O
                         net (fo=1, routed)           0.403    13.747    u_test_circuit/display_value_q[5]_i_2_n_0
    SLICE_X53Y3          LUT6 (Prop_lut6_I0_O)        0.124    13.871 r  u_test_circuit/display_value_q[5]_i_1/O
                         net (fo=1, routed)           0.000    13.871    u_test_circuit/display_value_q[5]_i_1_n_0
    SLICE_X53Y3          FDCE                                         r  u_test_circuit/display_value_q_reg[5]/D
  -------------------------------------------------------------------    -------------------

                         (clock sys_clk rise edge)   10.000    10.000 r  
    P17                                               0.000    10.000 r  clk (IN)
                         net (fo=0)                   0.000    10.000    clk
    P17                  IBUF (Prop_ibuf_I_O)         1.408    11.408 r  clk_IBUF_inst/O
                         net (fo=1, routed)           1.868    13.276    clk_IBUF
    BUFGCTRL_X0Y0        BUFG (Prop_bufg_I_O)         0.091    13.367 r  clk_IBUF_BUFG_inst/O
                         net (fo=1901, routed)        1.452    14.819    u_test_circuit/clk_IBUF_BUFG
    SLICE_X53Y3          FDCE                                         r  u_test_circuit/display_value_q_reg[5]/C
                         clock pessimism              0.259    15.078    
                         clock uncertainty           -0.035    15.043    
    SLICE_X53Y3          FDCE (Setup_fdce_C_D)        0.029    15.072    u_test_circuit/display_value_q_reg[5]
  -------------------------------------------------------------------
                         required time                         15.072    
                         arrival time                         -13.871    
  -------------------------------------------------------------------
                         slack                                  1.201    

Slack (MET) :             1.340ns  (required time - arrival time)
  Source:                 u_test_circuit/result_valid_reg[3]/C
                            (rising edge-triggered cell FDCE clocked by sys_clk  {rise@0.000ns fall@5.000ns period=10.000ns})
  Destination:            u_test_circuit/display_value_q_reg[8]/D
                            (rising edge-triggered cell FDCE clocked by sys_clk  {rise@0.000ns fall@5.000ns period=10.000ns})
  Path Group:             sys_clk
  Path Type:              Setup (Max at Slow Process Corner)
  Requirement:            10.000ns  (sys_clk rise@10.000ns - sys_clk rise@0.000ns)
  Data Path Delay:        8.668ns  (logic 2.750ns (31.726%)  route 5.918ns (68.274%))
  Logic Levels:           11  (CARRY4=2 LUT2=1 LUT3=2 LUT4=1 LUT6=5)
  Clock Path Skew:        -0.036ns (DCD - SCD + CPR)
    Destination Clock Delay (DCD):    4.819ns = ( 14.819 - 10.000 ) 
    Source Clock Delay      (SCD):    5.114ns
    Clock Pessimism Removal (CPR):    0.259ns
  Clock Uncertainty:      0.035ns  ((TSJ^2 + TIJ^2)^1/2 + DJ) / 2 + PE
    Total System Jitter     (TSJ):    0.071ns
    Total Input Jitter      (TIJ):    0.000ns
    Discrete Jitter          (DJ):    0.000ns
    Phase Error              (PE):    0.000ns

    Location             Delay type                Incr(ns)  Path(ns)    Netlist Resource(s)
  -------------------------------------------------------------------    -------------------
                         (clock sys_clk rise edge)    0.000     0.000 r  
    P17                                               0.000     0.000 r  clk (IN)
                         net (fo=0)                   0.000     0.000    clk
    P17                  IBUF (Prop_ibuf_I_O)         1.478     1.478 r  clk_IBUF_inst/O
                         net (fo=1, routed)           1.972     3.450    clk_IBUF
    BUFGCTRL_X0Y0        BUFG (Prop_bufg_I_O)         0.096     3.546 r  clk_IBUF_BUFG_inst/O
                         net (fo=1901, routed)        1.568     5.114    u_test_circuit/clk_IBUF_BUFG
    SLICE_X46Y1          FDCE                                         r  u_test_circuit/result_valid_reg[3]/C
  -------------------------------------------------------------------    -------------------
    SLICE_X46Y1          FDCE (Prop_fdce_C_Q)         0.478     5.592 f  u_test_circuit/result_valid_reg[3]/Q
                         net (fo=4, routed)           0.908     6.500    u_test_circuit/result_valid_reg_n_0_[3]
    SLICE_X46Y1          LUT6 (Prop_lut6_I0_O)        0.301     6.801 r  u_test_circuit/display_value_q[4]_i_18/O
                         net (fo=7, routed)           0.829     7.630    u_test_circuit/display_value_q[4]_i_18_n_0
    SLICE_X48Y2          LUT3 (Prop_lut3_I0_O)        0.150     7.780 r  u_test_circuit/display_value_q[7]_i_17/O
                         net (fo=2, routed)           0.459     8.239    u_test_circuit/display_value_q[7]_i_17_n_0
    SLICE_X48Y2          LUT6 (Prop_lut6_I0_O)        0.326     8.565 r  u_test_circuit/display_value_q[7]_i_18/O
                         net (fo=2, routed)           0.430     8.995    u_test_circuit/display_value_q[7]_i_18_n_0
    SLICE_X48Y2          LUT4 (Prop_lut4_I0_O)        0.124     9.119 r  u_test_circuit/display_value_q[6]_i_10/O
                         net (fo=3, routed)           0.325     9.444    u_test_circuit/display_value_q[6]_i_10_n_0
    SLICE_X48Y1          LUT2 (Prop_lut2_I1_O)        0.124     9.568 r  u_test_circuit/display_value_q[7]_i_14/O
                         net (fo=2, routed)           0.292     9.860    u_test_circuit/display_value_q[7]_i_14_n_0
    SLICE_X48Y1          LUT6 (Prop_lut6_I5_O)        0.124     9.984 r  u_test_circuit/display_value_q[7]_i_6/O
                         net (fo=2, routed)           0.635    10.618    u_test_circuit/display_value_q[7]_i_6_n_0
    SLICE_X49Y1          CARRY4 (Prop_carry4_DI[3]_CO[3])
                                                      0.385    11.003 r  u_test_circuit/display_value_q_reg[7]_i_4/CO[3]
                         net (fo=1, routed)           0.000    11.003    u_test_circuit/display_value_q_reg[7]_i_4_n_0
    SLICE_X49Y2          CARRY4 (Prop_carry4_CI_CO[3])
                                                      0.114    11.117 f  u_test_circuit/display_value_q_reg[6]_i_2/CO[3]
                         net (fo=5, routed)           1.138    12.256    u_test_circuit/weighted_score_decimal[7]
    SLICE_X50Y3          LUT3 (Prop_lut3_I1_O)        0.152    12.408 r  u_test_circuit/display_value_q[7]_i_3/O
                         net (fo=2, routed)           0.620    13.028    u_test_circuit/display_value_q[7]_i_3_n_0
    SLICE_X50Y4          LUT6 (Prop_lut6_I0_O)        0.348    13.376 r  u_test_circuit/display_value_q[8]_i_2/O
                         net (fo=1, routed)           0.282    13.658    u_test_circuit/display_value_q[8]_i_2_n_0
    SLICE_X50Y4          LUT6 (Prop_lut6_I5_O)        0.124    13.782 r  u_test_circuit/display_value_q[8]_i_1/O
                         net (fo=1, routed)           0.000    13.782    u_test_circuit/display_value_q[8]_i_1_n_0
    SLICE_X50Y4          FDCE                                         r  u_test_circuit/display_value_q_reg[8]/D
  -------------------------------------------------------------------    -------------------

                         (clock sys_clk rise edge)   10.000    10.000 r  
    P17                                               0.000    10.000 r  clk (IN)
                         net (fo=0)                   0.000    10.000    clk
    P17                  IBUF (Prop_ibuf_I_O)         1.408    11.408 r  clk_IBUF_inst/O
                         net (fo=1, routed)           1.868    13.276    clk_IBUF
    BUFGCTRL_X0Y0        BUFG (Prop_bufg_I_O)         0.091    13.367 r  clk_IBUF_BUFG_inst/O
                         net (fo=1901, routed)        1.452    14.819    u_test_circuit/clk_IBUF_BUFG
    SLICE_X50Y4          FDCE                                         r  u_test_circuit/display_value_q_reg[8]/C
                         clock pessimism              0.259    15.078    
                         clock uncertainty           -0.035    15.043    
    SLICE_X50Y4          FDCE (Setup_fdce_C_D)        0.079    15.122    u_test_circuit/display_value_q_reg[8]
  -------------------------------------------------------------------
                         required time                         15.122    
                         arrival time                         -13.782    
  -------------------------------------------------------------------
                         slack                                  1.340    





Min Delay Paths
--------------------------------------------------------------------------------------
Slack (MET) :             0.040ns  (arrival time - required time)
  Source:                 u_cnn/dinb_reg[22]/C
                            (rising edge-triggered cell FDRE clocked by sys_clk  {rise@0.000ns fall@5.000ns period=10.000ns})
  Destination:            u_data_mem/U0/inst_blk_mem_gen/gnbram.gnativebmg.native_blk_mem_gen/valid.cstr/ramloop[0].ram.r/prim_noinit.ram/DEVICE_7SERIES.NO_BMM_INFO.TRUE_DP.SIMPLE_PRIM36.ram/DIBDI[22]
                            (rising edge-triggered cell RAMB36E1 clocked by sys_clk  {rise@0.000ns fall@5.000ns period=10.000ns})
  Path Group:             sys_clk
  Path Type:              Hold (Min at Fast Process Corner)
  Requirement:            0.000ns  (sys_clk rise@0.000ns - sys_clk rise@0.000ns)
  Data Path Delay:        0.251ns  (logic 0.141ns (56.258%)  route 0.110ns (43.742%))
  Logic Levels:           0  
  Clock Path Skew:        0.055ns (DCD - SCD - CPR)
    Destination Clock Delay (DCD):    2.023ns
    Source Clock Delay      (SCD):    1.468ns
    Clock Pessimism Removal (CPR):    0.499ns

    Location             Delay type                Incr(ns)  Path(ns)    Netlist Resource(s)
  -------------------------------------------------------------------    -------------------
                         (clock sys_clk rise edge)    0.000     0.000 r  
    P17                                               0.000     0.000 r  clk (IN)
                         net (fo=0)                   0.000     0.000    clk
    P17                  IBUF (Prop_ibuf_I_O)         0.246     0.246 r  clk_IBUF_inst/O
                         net (fo=1, routed)           0.634     0.880    clk_IBUF
    BUFGCTRL_X0Y0        BUFG (Prop_bufg_I_O)         0.026     0.906 r  clk_IBUF_BUFG_inst/O
                         net (fo=1901, routed)        0.562     1.468    u_cnn/clk_IBUF_BUFG
    SLICE_X48Y15         FDRE                                         r  u_cnn/dinb_reg[22]/C
  -------------------------------------------------------------------    -------------------
    SLICE_X48Y15         FDRE (Prop_fdre_C_Q)         0.141     1.609 r  u_cnn/dinb_reg[22]/Q
                         net (fo=1, routed)           0.110     1.719    u_data_mem/U0/inst_blk_mem_gen/gnbram.gnativebmg.native_blk_mem_gen/valid.cstr/ramloop[0].ram.r/prim_noinit.ram/dinb[22]
    RAMB36_X1Y3          RAMB36E1                                     r  u_data_mem/U0/inst_blk_mem_gen/gnbram.gnativebmg.native_blk_mem_gen/valid.cstr/ramloop[0].ram.r/prim_noinit.ram/DEVICE_7SERIES.NO_BMM_INFO.TRUE_DP.SIMPLE_PRIM36.ram/DIBDI[22]
  -------------------------------------------------------------------    -------------------

                         (clock sys_clk rise edge)    0.000     0.000 r  
    P17                                               0.000     0.000 r  clk (IN)
                         net (fo=0)                   0.000     0.000    clk
    P17                  IBUF (Prop_ibuf_I_O)         0.434     0.434 r  clk_IBUF_inst/O
                         net (fo=1, routed)           0.689     1.123    clk_IBUF
    BUFGCTRL_X0Y0        BUFG (Prop_bufg_I_O)         0.029     1.152 r  clk_IBUF_BUFG_inst/O
                         net (fo=1901, routed)        0.871     2.023    u_data_mem/U0/inst_blk_mem_gen/gnbram.gnativebmg.native_blk_mem_gen/valid.cstr/ramloop[0].ram.r/prim_noinit.ram/clkb
    RAMB36_X1Y3          RAMB36E1                                     r  u_data_mem/U0/inst_blk_mem_gen/gnbram.gnativebmg.native_blk_mem_gen/valid.cstr/ramloop[0].ram.r/prim_noinit.ram/DEVICE_7SERIES.NO_BMM_INFO.TRUE_DP.SIMPLE_PRIM36.ram/CLKBWRCLK
                         clock pessimism             -0.499     1.523    
    RAMB36_X1Y3          RAMB36E1 (Hold_ramb36e1_CLKBWRCLK_DIBDI[22])
                                                      0.155     1.678    u_data_mem/U0/inst_blk_mem_gen/gnbram.gnativebmg.native_blk_mem_gen/valid.cstr/ramloop[0].ram.r/prim_noinit.ram/DEVICE_7SERIES.NO_BMM_INFO.TRUE_DP.SIMPLE_PRIM36.ram
  -------------------------------------------------------------------
                         required time                         -1.678    
                         arrival time                           1.719    
  -------------------------------------------------------------------
                         slack                                  0.040    

Slack (MET) :             0.059ns  (arrival time - required time)
  Source:                 u_cpu/imem_addr_reg[3]/C
                            (rising edge-triggered cell FDRE clocked by sys_clk  {rise@0.000ns fall@5.000ns period=10.000ns})
  Destination:            u_cpu/u_Instruction_Memory/U0/inst_blk_mem_gen/gnbram.gnativebmg.native_blk_mem_gen/valid.cstr/ramloop[0].ram.r/prim_init.ram/DEVICE_7SERIES.NO_BMM_INFO.SP.SIMPLE_PRIM36.ram/ADDRARDADDR[8]
                            (rising edge-triggered cell RAMB36E1 clocked by sys_clk  {rise@0.000ns fall@5.000ns period=10.000ns})
  Path Group:             sys_clk
  Path Type:              Hold (Min at Fast Process Corner)
  Requirement:            0.000ns  (sys_clk rise@0.000ns - sys_clk rise@0.000ns)
  Data Path Delay:        0.301ns  (logic 0.141ns (46.916%)  route 0.160ns (53.084%))
  Logic Levels:           0  
  Clock Path Skew:        0.058ns (DCD - SCD - CPR)
    Destination Clock Delay (DCD):    2.018ns
    Source Clock Delay      (SCD):    1.460ns
    Clock Pessimism Removal (CPR):    0.499ns

    Location             Delay type                Incr(ns)  Path(ns)    Netlist Resource(s)
  -------------------------------------------------------------------    -------------------
                         (clock sys_clk rise edge)    0.000     0.000 r  
    P17                                               0.000     0.000 r  clk (IN)
                         net (fo=0)                   0.000     0.000    clk
    P17                  IBUF (Prop_ibuf_I_O)         0.246     0.246 r  clk_IBUF_inst/O
                         net (fo=1, routed)           0.634     0.880    clk_IBUF
    BUFGCTRL_X0Y0        BUFG (Prop_bufg_I_O)         0.026     0.906 r  clk_IBUF_BUFG_inst/O
                         net (fo=1901, routed)        0.554     1.460    u_cpu/clk_IBUF_BUFG
    SLICE_X48Y26         FDRE                                         r  u_cpu/imem_addr_reg[3]/C
  -------------------------------------------------------------------    -------------------
    SLICE_X48Y26         FDRE (Prop_fdre_C_Q)         0.141     1.601 r  u_cpu/imem_addr_reg[3]/Q
                         net (fo=1, routed)           0.160     1.760    u_cpu/u_Instruction_Memory/U0/inst_blk_mem_gen/gnbram.gnativebmg.native_blk_mem_gen/valid.cstr/ramloop[0].ram.r/prim_init.ram/addra[3]
    RAMB36_X1Y5          RAMB36E1                                     r  u_cpu/u_Instruction_Memory/U0/inst_blk_mem_gen/gnbram.gnativebmg.native_blk_mem_gen/valid.cstr/ramloop[0].ram.r/prim_init.ram/DEVICE_7SERIES.NO_BMM_INFO.SP.SIMPLE_PRIM36.ram/ADDRARDADDR[8]
  -------------------------------------------------------------------    -------------------

                         (clock sys_clk rise edge)    0.000     0.000 r  
    P17                                               0.000     0.000 r  clk (IN)
                         net (fo=0)                   0.000     0.000    clk
    P17                  IBUF (Prop_ibuf_I_O)         0.434     0.434 r  clk_IBUF_inst/O
                         net (fo=1, routed)           0.689     1.123    clk_IBUF
    BUFGCTRL_X0Y0        BUFG (Prop_bufg_I_O)         0.029     1.152 r  clk_IBUF_BUFG_inst/O
                         net (fo=1901, routed)        0.866     2.018    u_cpu/u_Instruction_Memory/U0/inst_blk_mem_gen/gnbram.gnativebmg.native_blk_mem_gen/valid.cstr/ramloop[0].ram.r/prim_init.ram/clka
    RAMB36_X1Y5          RAMB36E1                                     r  u_cpu/u_Instruction_Memory/U0/inst_blk_mem_gen/gnbram.gnativebmg.native_blk_mem_gen/valid.cstr/ramloop[0].ram.r/prim_init.ram/DEVICE_7SERIES.NO_BMM_INFO.SP.SIMPLE_PRIM36.ram/CLKARDCLK
                         clock pessimism             -0.499     1.518    
    RAMB36_X1Y5          RAMB36E1 (Hold_ramb36e1_CLKARDCLK_ADDRARDADDR[8])
                                                      0.183     1.701    u_cpu/u_Instruction_Memory/U0/inst_blk_mem_gen/gnbram.gnativebmg.native_blk_mem_gen/valid.cstr/ramloop[0].ram.r/prim_init.ram/DEVICE_7SERIES.NO_BMM_INFO.SP.SIMPLE_PRIM36.ram
  -------------------------------------------------------------------
                         required time                         -1.701    
                         arrival time                           1.760    
  -------------------------------------------------------------------
                         slack                                  0.059    

Slack (MET) :             0.059ns  (arrival time - required time)
  Source:                 u_cpu/imem_addr_reg[6]/C
                            (rising edge-triggered cell FDRE clocked by sys_clk  {rise@0.000ns fall@5.000ns period=10.000ns})
  Destination:            u_cpu/u_Instruction_Memory/U0/inst_blk_mem_gen/gnbram.gnativebmg.native_blk_mem_gen/valid.cstr/ramloop[0].ram.r/prim_init.ram/DEVICE_7SERIES.NO_BMM_INFO.SP.SIMPLE_PRIM36.ram/ADDRARDADDR[11]
                            (rising edge-triggered cell RAMB36E1 clocked by sys_clk  {rise@0.000ns fall@5.000ns period=10.000ns})
  Path Group:             sys_clk
  Path Type:              Hold (Min at Fast Process Corner)
  Requirement:            0.000ns  (sys_clk rise@0.000ns - sys_clk rise@0.000ns)
  Data Path Delay:        0.301ns  (logic 0.141ns (46.916%)  route 0.160ns (53.084%))
  Logic Levels:           0  
  Clock Path Skew:        0.058ns (DCD - SCD - CPR)
    Destination Clock Delay (DCD):    2.018ns
    Source Clock Delay      (SCD):    1.460ns
    Clock Pessimism Removal (CPR):    0.499ns

    Location             Delay type                Incr(ns)  Path(ns)    Netlist Resource(s)
  -------------------------------------------------------------------    -------------------
                         (clock sys_clk rise edge)    0.000     0.000 r  
    P17                                               0.000     0.000 r  clk (IN)
                         net (fo=0)                   0.000     0.000    clk
    P17                  IBUF (Prop_ibuf_I_O)         0.246     0.246 r  clk_IBUF_inst/O
                         net (fo=1, routed)           0.634     0.880    clk_IBUF
    BUFGCTRL_X0Y0        BUFG (Prop_bufg_I_O)         0.026     0.906 r  clk_IBUF_BUFG_inst/O
                         net (fo=1901, routed)        0.554     1.460    u_cpu/clk_IBUF_BUFG
    SLICE_X48Y26         FDRE                                         r  u_cpu/imem_addr_reg[6]/C
  -------------------------------------------------------------------    -------------------
    SLICE_X48Y26         FDRE (Prop_fdre_C_Q)         0.141     1.601 r  u_cpu/imem_addr_reg[6]/Q
                         net (fo=1, routed)           0.160     1.760    u_cpu/u_Instruction_Memory/U0/inst_blk_mem_gen/gnbram.gnativebmg.native_blk_mem_gen/valid.cstr/ramloop[0].ram.r/prim_init.ram/addra[6]
    RAMB36_X1Y5          RAMB36E1                                     r  u_cpu/u_Instruction_Memory/U0/inst_blk_mem_gen/gnbram.gnativebmg.native_blk_mem_gen/valid.cstr/ramloop[0].ram.r/prim_init.ram/DEVICE_7SERIES.NO_BMM_INFO.SP.SIMPLE_PRIM36.ram/ADDRARDADDR[11]
  -------------------------------------------------------------------    -------------------

                         (clock sys_clk rise edge)    0.000     0.000 r  
    P17                                               0.000     0.000 r  clk (IN)
                         net (fo=0)                   0.000     0.000    clk
    P17                  IBUF (Prop_ibuf_I_O)         0.434     0.434 r  clk_IBUF_inst/O
                         net (fo=1, routed)           0.689     1.123    clk_IBUF
    BUFGCTRL_X0Y0        BUFG (Prop_bufg_I_O)         0.029     1.152 r  clk_IBUF_BUFG_inst/O
                         net (fo=1901, routed)        0.866     2.018    u_cpu/u_Instruction_Memory/U0/inst_blk_mem_gen/gnbram.gnativebmg.native_blk_mem_gen/valid.cstr/ramloop[0].ram.r/prim_init.ram/clka
    RAMB36_X1Y5          RAMB36E1                                     r  u_cpu/u_Instruction_Memory/U0/inst_blk_mem_gen/gnbram.gnativebmg.native_blk_mem_gen/valid.cstr/ramloop[0].ram.r/prim_init.ram/DEVICE_7SERIES.NO_BMM_INFO.SP.SIMPLE_PRIM36.ram/CLKARDCLK
                         clock pessimism             -0.499     1.518    
    RAMB36_X1Y5          RAMB36E1 (Hold_ramb36e1_CLKARDCLK_ADDRARDADDR[11])
                                                      0.183     1.701    u_cpu/u_Instruction_Memory/U0/inst_blk_mem_gen/gnbram.gnativebmg.native_blk_mem_gen/valid.cstr/ramloop[0].ram.r/prim_init.ram/DEVICE_7SERIES.NO_BMM_INFO.SP.SIMPLE_PRIM36.ram
  -------------------------------------------------------------------
                         required time                         -1.701    
                         arrival time                           1.760    
  -------------------------------------------------------------------
                         slack                                  0.059    

Slack (MET) :             0.061ns  (arrival time - required time)
  Source:                 u_cpu/imem_addr_reg[5]/C
                            (rising edge-triggered cell FDRE clocked by sys_clk  {rise@0.000ns fall@5.000ns period=10.000ns})
  Destination:            u_cpu/u_Instruction_Memory/U0/inst_blk_mem_gen/gnbram.gnativebmg.native_blk_mem_gen/valid.cstr/ramloop[0].ram.r/prim_init.ram/DEVICE_7SERIES.NO_BMM_INFO.SP.SIMPLE_PRIM36.ram/ADDRARDADDR[10]
                            (rising edge-triggered cell RAMB36E1 clocked by sys_clk  {rise@0.000ns fall@5.000ns period=10.000ns})
  Path Group:             sys_clk
  Path Type:              Hold (Min at Fast Process Corner)
  Requirement:            0.000ns  (sys_clk rise@0.000ns - sys_clk rise@0.000ns)
  Data Path Delay:        0.302ns  (logic 0.141ns (46.691%)  route 0.161ns (53.309%))
  Logic Levels:           0  
  Clock Path Skew:        0.058ns (DCD - SCD - CPR)
    Destination Clock Delay (DCD):    2.018ns
    Source Clock Delay      (SCD):    1.460ns
    Clock Pessimism Removal (CPR):    0.499ns

    Location             Delay type                Incr(ns)  Path(ns)    Netlist Resource(s)
  -------------------------------------------------------------------    -------------------
                         (clock sys_clk rise edge)    0.000     0.000 r  
    P17                                               0.000     0.000 r  clk (IN)
                         net (fo=0)                   0.000     0.000    clk
    P17                  IBUF (Prop_ibuf_I_O)         0.246     0.246 r  clk_IBUF_inst/O
                         net (fo=1, routed)           0.634     0.880    clk_IBUF
    BUFGCTRL_X0Y0        BUFG (Prop_bufg_I_O)         0.026     0.906 r  clk_IBUF_BUFG_inst/O
                         net (fo=1901, routed)        0.554     1.460    u_cpu/clk_IBUF_BUFG
    SLICE_X48Y26         FDRE                                         r  u_cpu/imem_addr_reg[5]/C
  -------------------------------------------------------------------    -------------------
    SLICE_X48Y26         FDRE (Prop_fdre_C_Q)         0.141     1.601 r  u_cpu/imem_addr_reg[5]/Q
                         net (fo=1, routed)           0.161     1.762    u_cpu/u_Instruction_Memory/U0/inst_blk_mem_gen/gnbram.gnativebmg.native_blk_mem_gen/valid.cstr/ramloop[0].ram.r/prim_init.ram/addra[5]
    RAMB36_X1Y5          RAMB36E1                                     r  u_cpu/u_Instruction_Memory/U0/inst_blk_mem_gen/gnbram.gnativebmg.native_blk_mem_gen/valid.cstr/ramloop[0].ram.r/prim_init.ram/DEVICE_7SERIES.NO_BMM_INFO.SP.SIMPLE_PRIM36.ram/ADDRARDADDR[10]
  -------------------------------------------------------------------    -------------------

                         (clock sys_clk rise edge)    0.000     0.000 r  
    P17                                               0.000     0.000 r  clk (IN)
                         net (fo=0)                   0.000     0.000    clk
    P17                  IBUF (Prop_ibuf_I_O)         0.434     0.434 r  clk_IBUF_inst/O
                         net (fo=1, routed)           0.689     1.123    clk_IBUF
    BUFGCTRL_X0Y0        BUFG (Prop_bufg_I_O)         0.029     1.152 r  clk_IBUF_BUFG_inst/O
                         net (fo=1901, routed)        0.866     2.018    u_cpu/u_Instruction_Memory/U0/inst_blk_mem_gen/gnbram.gnativebmg.native_blk_mem_gen/valid.cstr/ramloop[0].ram.r/prim_init.ram/clka
    RAMB36_X1Y5          RAMB36E1                                     r  u_cpu/u_Instruction_Memory/U0/inst_blk_mem_gen/gnbram.gnativebmg.native_blk_mem_gen/valid.cstr/ramloop[0].ram.r/prim_init.ram/DEVICE_7SERIES.NO_BMM_INFO.SP.SIMPLE_PRIM36.ram/CLKARDCLK
                         clock pessimism             -0.499     1.518    
    RAMB36_X1Y5          RAMB36E1 (Hold_ramb36e1_CLKARDCLK_ADDRARDADDR[10])
                                                      0.183     1.701    u_cpu/u_Instruction_Memory/U0/inst_blk_mem_gen/gnbram.gnativebmg.native_blk_mem_gen/valid.cstr/ramloop[0].ram.r/prim_init.ram/DEVICE_7SERIES.NO_BMM_INFO.SP.SIMPLE_PRIM36.ram
  -------------------------------------------------------------------
                         required time                         -1.701    
                         arrival time                           1.762    
  -------------------------------------------------------------------
                         slack                                  0.061    

Slack (MET) :             0.094ns  (arrival time - required time)
  Source:                 u_cnn/dinb_reg[4]/C
                            (rising edge-triggered cell FDRE clocked by sys_clk  {rise@0.000ns fall@5.000ns period=10.000ns})
  Destination:            u_data_mem/U0/inst_blk_mem_gen/gnbram.gnativebmg.native_blk_mem_gen/valid.cstr/ramloop[0].ram.r/prim_noinit.ram/DEVICE_7SERIES.NO_BMM_INFO.TRUE_DP.SIMPLE_PRIM36.ram/DIBDI[4]
                            (rising edge-triggered cell RAMB36E1 clocked by sys_clk  {rise@0.000ns fall@5.000ns period=10.000ns})
  Path Group:             sys_clk
  Path Type:              Hold (Min at Fast Process Corner)
  Requirement:            0.000ns  (sys_clk rise@0.000ns - sys_clk rise@0.000ns)
  Data Path Delay:        0.305ns  (logic 0.141ns (46.264%)  route 0.164ns (53.736%))
  Logic Levels:           0  
  Clock Path Skew:        0.055ns (DCD - SCD - CPR)
    Destination Clock Delay (DCD):    2.023ns
    Source Clock Delay      (SCD):    1.468ns
    Clock Pessimism Removal (CPR):    0.499ns

    Location             Delay type                Incr(ns)  Path(ns)    Netlist Resource(s)
  -------------------------------------------------------------------    -------------------
                         (clock sys_clk rise edge)    0.000     0.000 r  
    P17                                               0.000     0.000 r  clk (IN)
                         net (fo=0)                   0.000     0.000    clk
    P17                  IBUF (Prop_ibuf_I_O)         0.246     0.246 r  clk_IBUF_inst/O
                         net (fo=1, routed)           0.634     0.880    clk_IBUF
    BUFGCTRL_X0Y0        BUFG (Prop_bufg_I_O)         0.026     0.906 r  clk_IBUF_BUFG_inst/O
                         net (fo=1901, routed)        0.562     1.468    u_cnn/clk_IBUF_BUFG
    SLICE_X48Y15         FDRE                                         r  u_cnn/dinb_reg[4]/C
  -------------------------------------------------------------------    -------------------
    SLICE_X48Y15         FDRE (Prop_fdre_C_Q)         0.141     1.609 r  u_cnn/dinb_reg[4]/Q
                         net (fo=1, routed)           0.164     1.773    u_data_mem/U0/inst_blk_mem_gen/gnbram.gnativebmg.native_blk_mem_gen/valid.cstr/ramloop[0].ram.r/prim_noinit.ram/dinb[4]
    RAMB36_X1Y3          RAMB36E1                                     r  u_data_mem/U0/inst_blk_mem_gen/gnbram.gnativebmg.native_blk_mem_gen/valid.cstr/ramloop[0].ram.r/prim_noinit.ram/DEVICE_7SERIES.NO_BMM_INFO.TRUE_DP.SIMPLE_PRIM36.ram/DIBDI[4]
  -------------------------------------------------------------------    -------------------

                         (clock sys_clk rise edge)    0.000     0.000 r  
    P17                                               0.000     0.000 r  clk (IN)
                         net (fo=0)                   0.000     0.000    clk
    P17                  IBUF (Prop_ibuf_I_O)         0.434     0.434 r  clk_IBUF_inst/O
                         net (fo=1, routed)           0.689     1.123    clk_IBUF
    BUFGCTRL_X0Y0        BUFG (Prop_bufg_I_O)         0.029     1.152 r  clk_IBUF_BUFG_inst/O
                         net (fo=1901, routed)        0.871     2.023    u_data_mem/U0/inst_blk_mem_gen/gnbram.gnativebmg.native_blk_mem_gen/valid.cstr/ramloop[0].ram.r/prim_noinit.ram/clkb
    RAMB36_X1Y3          RAMB36E1                                     r  u_data_mem/U0/inst_blk_mem_gen/gnbram.gnativebmg.native_blk_mem_gen/valid.cstr/ramloop[0].ram.r/prim_noinit.ram/DEVICE_7SERIES.NO_BMM_INFO.TRUE_DP.SIMPLE_PRIM36.ram/CLKBWRCLK
                         clock pessimism             -0.499     1.523    
    RAMB36_X1Y3          RAMB36E1 (Hold_ramb36e1_CLKBWRCLK_DIBDI[4])
                                                      0.155     1.678    u_data_mem/U0/inst_blk_mem_gen/gnbram.gnativebmg.native_blk_mem_gen/valid.cstr/ramloop[0].ram.r/prim_noinit.ram/DEVICE_7SERIES.NO_BMM_INFO.TRUE_DP.SIMPLE_PRIM36.ram
  -------------------------------------------------------------------
                         required time                         -1.678    
                         arrival time                           1.773    
  -------------------------------------------------------------------
                         slack                                  0.094    

Slack (MET) :             0.098ns  (arrival time - required time)
  Source:                 u_cnn/dinb_reg[17]/C
                            (rising edge-triggered cell FDRE clocked by sys_clk  {rise@0.000ns fall@5.000ns period=10.000ns})
  Destination:            u_data_mem/U0/inst_blk_mem_gen/gnbram.gnativebmg.native_blk_mem_gen/valid.cstr/ramloop[0].ram.r/prim_noinit.ram/DEVICE_7SERIES.NO_BMM_INFO.TRUE_DP.SIMPLE_PRIM36.ram/DIBDI[17]
                            (rising edge-triggered cell RAMB36E1 clocked by sys_clk  {rise@0.000ns fall@5.000ns period=10.000ns})
  Path Group:             sys_clk
  Path Type:              Hold (Min at Fast Process Corner)
  Requirement:            0.000ns  (sys_clk rise@0.000ns - sys_clk rise@0.000ns)
  Data Path Delay:        0.311ns  (logic 0.141ns (45.345%)  route 0.170ns (54.655%))
  Logic Levels:           0  
  Clock Path Skew:        0.057ns (DCD - SCD - CPR)
    Destination Clock Delay (DCD):    2.023ns
    Source Clock Delay      (SCD):    1.466ns
    Clock Pessimism Removal (CPR):    0.499ns

    Location             Delay type                Incr(ns)  Path(ns)    Netlist Resource(s)
  -------------------------------------------------------------------    -------------------
                         (clock sys_clk rise edge)    0.000     0.000 r  
    P17                                               0.000     0.000 r  clk (IN)
                         net (fo=0)                   0.000     0.000    clk
    P17                  IBUF (Prop_ibuf_I_O)         0.246     0.246 r  clk_IBUF_inst/O
                         net (fo=1, routed)           0.634     0.880    clk_IBUF
    BUFGCTRL_X0Y0        BUFG (Prop_bufg_I_O)         0.026     0.906 r  clk_IBUF_BUFG_inst/O
                         net (fo=1901, routed)        0.560     1.466    u_cnn/clk_IBUF_BUFG
    SLICE_X48Y17         FDRE                                         r  u_cnn/dinb_reg[17]/C
  -------------------------------------------------------------------    -------------------
    SLICE_X48Y17         FDRE (Prop_fdre_C_Q)         0.141     1.607 r  u_cnn/dinb_reg[17]/Q
                         net (fo=1, routed)           0.170     1.777    u_data_mem/U0/inst_blk_mem_gen/gnbram.gnativebmg.native_blk_mem_gen/valid.cstr/ramloop[0].ram.r/prim_noinit.ram/dinb[17]
    RAMB36_X1Y3          RAMB36E1                                     r  u_data_mem/U0/inst_blk_mem_gen/gnbram.gnativebmg.native_blk_mem_gen/valid.cstr/ramloop[0].ram.r/prim_noinit.ram/DEVICE_7SERIES.NO_BMM_INFO.TRUE_DP.SIMPLE_PRIM36.ram/DIBDI[17]
  -------------------------------------------------------------------    -------------------

                         (clock sys_clk rise edge)    0.000     0.000 r  
    P17                                               0.000     0.000 r  clk (IN)
                         net (fo=0)                   0.000     0.000    clk
    P17                  IBUF (Prop_ibuf_I_O)         0.434     0.434 r  clk_IBUF_inst/O
                         net (fo=1, routed)           0.689     1.123    clk_IBUF
    BUFGCTRL_X0Y0        BUFG (Prop_bufg_I_O)         0.029     1.152 r  clk_IBUF_BUFG_inst/O
                         net (fo=1901, routed)        0.871     2.023    u_data_mem/U0/inst_blk_mem_gen/gnbram.gnativebmg.native_blk_mem_gen/valid.cstr/ramloop[0].ram.r/prim_noinit.ram/clkb
    RAMB36_X1Y3          RAMB36E1                                     r  u_data_mem/U0/inst_blk_mem_gen/gnbram.gnativebmg.native_blk_mem_gen/valid.cstr/ramloop[0].ram.r/prim_noinit.ram/DEVICE_7SERIES.NO_BMM_INFO.TRUE_DP.SIMPLE_PRIM36.ram/CLKBWRCLK
                         clock pessimism             -0.499     1.523    
    RAMB36_X1Y3          RAMB36E1 (Hold_ramb36e1_CLKBWRCLK_DIBDI[17])
                                                      0.155     1.678    u_data_mem/U0/inst_blk_mem_gen/gnbram.gnativebmg.native_blk_mem_gen/valid.cstr/ramloop[0].ram.r/prim_noinit.ram/DEVICE_7SERIES.NO_BMM_INFO.TRUE_DP.SIMPLE_PRIM36.ram
  -------------------------------------------------------------------
                         required time                         -1.678    
                         arrival time                           1.777    
  -------------------------------------------------------------------
                         slack                                  0.098    

Slack (MET) :             0.104ns  (arrival time - required time)
  Source:                 u_cnn/dinb_reg[15]/C
                            (rising edge-triggered cell FDRE clocked by sys_clk  {rise@0.000ns fall@5.000ns period=10.000ns})
  Destination:            u_data_mem/U0/inst_blk_mem_gen/gnbram.gnativebmg.native_blk_mem_gen/valid.cstr/ramloop[0].ram.r/prim_noinit.ram/DEVICE_7SERIES.NO_BMM_INFO.TRUE_DP.SIMPLE_PRIM36.ram/DIBDI[15]
                            (rising edge-triggered cell RAMB36E1 clocked by sys_clk  {rise@0.000ns fall@5.000ns period=10.000ns})
  Path Group:             sys_clk
  Path Type:              Hold (Min at Fast Process Corner)
  Requirement:            0.000ns  (sys_clk rise@0.000ns - sys_clk rise@0.000ns)
  Data Path Delay:        0.341ns  (logic 0.141ns (41.327%)  route 0.200ns (58.673%))
  Logic Levels:           0  
  Clock Path Skew:        0.082ns (DCD - SCD - CPR)
    Destination Clock Delay (DCD):    2.023ns
    Source Clock Delay      (SCD):    1.461ns
    Clock Pessimism Removal (CPR):    0.479ns

    Location             Delay type                Incr(ns)  Path(ns)    Netlist Resource(s)
  -------------------------------------------------------------------    -------------------
                         (clock sys_clk rise edge)    0.000     0.000 r  
    P17                                               0.000     0.000 r  clk (IN)
                         net (fo=0)                   0.000     0.000    clk
    P17                  IBUF (Prop_ibuf_I_O)         0.246     0.246 r  clk_IBUF_inst/O
                         net (fo=1, routed)           0.634     0.880    clk_IBUF
    BUFGCTRL_X0Y0        BUFG (Prop_bufg_I_O)         0.026     0.906 r  clk_IBUF_BUFG_inst/O
                         net (fo=1901, routed)        0.555     1.461    u_cnn/clk_IBUF_BUFG
    SLICE_X47Y20         FDRE                                         r  u_cnn/dinb_reg[15]/C
  -------------------------------------------------------------------    -------------------
    SLICE_X47Y20         FDRE (Prop_fdre_C_Q)         0.141     1.602 r  u_cnn/dinb_reg[15]/Q
                         net (fo=1, routed)           0.200     1.802    u_data_mem/U0/inst_blk_mem_gen/gnbram.gnativebmg.native_blk_mem_gen/valid.cstr/ramloop[0].ram.r/prim_noinit.ram/dinb[15]
    RAMB36_X1Y3          RAMB36E1                                     r  u_data_mem/U0/inst_blk_mem_gen/gnbram.gnativebmg.native_blk_mem_gen/valid.cstr/ramloop[0].ram.r/prim_noinit.ram/DEVICE_7SERIES.NO_BMM_INFO.TRUE_DP.SIMPLE_PRIM36.ram/DIBDI[15]
  -------------------------------------------------------------------    -------------------

                         (clock sys_clk rise edge)    0.000     0.000 r  
    P17                                               0.000     0.000 r  clk (IN)
                         net (fo=0)                   0.000     0.000    clk
    P17                  IBUF (Prop_ibuf_I_O)         0.434     0.434 r  clk_IBUF_inst/O
                         net (fo=1, routed)           0.689     1.123    clk_IBUF
    BUFGCTRL_X0Y0        BUFG (Prop_bufg_I_O)         0.029     1.152 r  clk_IBUF_BUFG_inst/O
                         net (fo=1901, routed)        0.871     2.023    u_data_mem/U0/inst_blk_mem_gen/gnbram.gnativebmg.native_blk_mem_gen/valid.cstr/ramloop[0].ram.r/prim_noinit.ram/clkb
    RAMB36_X1Y3          RAMB36E1                                     r  u_data_mem/U0/inst_blk_mem_gen/gnbram.gnativebmg.native_blk_mem_gen/valid.cstr/ramloop[0].ram.r/prim_noinit.ram/DEVICE_7SERIES.NO_BMM_INFO.TRUE_DP.SIMPLE_PRIM36.ram/CLKBWRCLK
                         clock pessimism             -0.479     1.543    
    RAMB36_X1Y3          RAMB36E1 (Hold_ramb36e1_CLKBWRCLK_DIBDI[15])
                                                      0.155     1.698    u_data_mem/U0/inst_blk_mem_gen/gnbram.gnativebmg.native_blk_mem_gen/valid.cstr/ramloop[0].ram.r/prim_noinit.ram/DEVICE_7SERIES.NO_BMM_INFO.TRUE_DP.SIMPLE_PRIM36.ram
  -------------------------------------------------------------------
                         required time                         -1.698    
                         arrival time                           1.802    
  -------------------------------------------------------------------
                         slack                                  0.104    

Slack (MET) :             0.112ns  (arrival time - required time)
  Source:                 u_cnn/dinb_reg[28]/C
                            (rising edge-triggered cell FDRE clocked by sys_clk  {rise@0.000ns fall@5.000ns period=10.000ns})
  Destination:            u_data_mem/U0/inst_blk_mem_gen/gnbram.gnativebmg.native_blk_mem_gen/valid.cstr/ramloop[0].ram.r/prim_noinit.ram/DEVICE_7SERIES.NO_BMM_INFO.TRUE_DP.SIMPLE_PRIM36.ram/DIBDI[28]
                            (rising edge-triggered cell RAMB36E1 clocked by sys_clk  {rise@0.000ns fall@5.000ns period=10.000ns})
  Path Group:             sys_clk
  Path Type:              Hold (Min at Fast Process Corner)
  Requirement:            0.000ns  (sys_clk rise@0.000ns - sys_clk rise@0.000ns)
  Data Path Delay:        0.345ns  (logic 0.141ns (40.840%)  route 0.204ns (59.160%))
  Logic Levels:           0  
  Clock Path Skew:        0.078ns (DCD - SCD - CPR)
    Destination Clock Delay (DCD):    2.023ns
    Source Clock Delay      (SCD):    1.465ns
    Clock Pessimism Removal (CPR):    0.479ns

    Location             Delay type                Incr(ns)  Path(ns)    Netlist Resource(s)
  -------------------------------------------------------------------    -------------------
                         (clock sys_clk rise edge)    0.000     0.000 r  
    P17                                               0.000     0.000 r  clk (IN)
                         net (fo=0)                   0.000     0.000    clk
    P17                  IBUF (Prop_ibuf_I_O)         0.246     0.246 r  clk_IBUF_inst/O
                         net (fo=1, routed)           0.634     0.880    clk_IBUF
    BUFGCTRL_X0Y0        BUFG (Prop_bufg_I_O)         0.026     0.906 r  clk_IBUF_BUFG_inst/O
                         net (fo=1901, routed)        0.559     1.465    u_cnn/clk_IBUF_BUFG
    SLICE_X47Y16         FDRE                                         r  u_cnn/dinb_reg[28]/C
  -------------------------------------------------------------------    -------------------
    SLICE_X47Y16         FDRE (Prop_fdre_C_Q)         0.141     1.606 r  u_cnn/dinb_reg[28]/Q
                         net (fo=1, routed)           0.204     1.810    u_data_mem/U0/inst_blk_mem_gen/gnbram.gnativebmg.native_blk_mem_gen/valid.cstr/ramloop[0].ram.r/prim_noinit.ram/dinb[28]
    RAMB36_X1Y3          RAMB36E1                                     r  u_data_mem/U0/inst_blk_mem_gen/gnbram.gnativebmg.native_blk_mem_gen/valid.cstr/ramloop[0].ram.r/prim_noinit.ram/DEVICE_7SERIES.NO_BMM_INFO.TRUE_DP.SIMPLE_PRIM36.ram/DIBDI[28]
  -------------------------------------------------------------------    -------------------

                         (clock sys_clk rise edge)    0.000     0.000 r  
    P17                                               0.000     0.000 r  clk (IN)
                         net (fo=0)                   0.000     0.000    clk
    P17                  IBUF (Prop_ibuf_I_O)         0.434     0.434 r  clk_IBUF_inst/O
                         net (fo=1, routed)           0.689     1.123    clk_IBUF
    BUFGCTRL_X0Y0        BUFG (Prop_bufg_I_O)         0.029     1.152 r  clk_IBUF_BUFG_inst/O
                         net (fo=1901, routed)        0.871     2.023    u_data_mem/U0/inst_blk_mem_gen/gnbram.gnativebmg.native_blk_mem_gen/valid.cstr/ramloop[0].ram.r/prim_noinit.ram/clkb
    RAMB36_X1Y3          RAMB36E1                                     r  u_data_mem/U0/inst_blk_mem_gen/gnbram.gnativebmg.native_blk_mem_gen/valid.cstr/ramloop[0].ram.r/prim_noinit.ram/DEVICE_7SERIES.NO_BMM_INFO.TRUE_DP.SIMPLE_PRIM36.ram/CLKBWRCLK
                         clock pessimism             -0.479     1.543    
    RAMB36_X1Y3          RAMB36E1 (Hold_ramb36e1_CLKBWRCLK_DIBDI[28])
                                                      0.155     1.698    u_data_mem/U0/inst_blk_mem_gen/gnbram.gnativebmg.native_blk_mem_gen/valid.cstr/ramloop[0].ram.r/prim_noinit.ram/DEVICE_7SERIES.NO_BMM_INFO.TRUE_DP.SIMPLE_PRIM36.ram
  -------------------------------------------------------------------
                         required time                         -1.698    
                         arrival time                           1.810    
  -------------------------------------------------------------------
                         slack                                  0.112    

Slack (MET) :             0.113ns  (arrival time - required time)
  Source:                 u_cnn/dinb_reg[6]/C
                            (rising edge-triggered cell FDRE clocked by sys_clk  {rise@0.000ns fall@5.000ns period=10.000ns})
  Destination:            u_data_mem/U0/inst_blk_mem_gen/gnbram.gnativebmg.native_blk_mem_gen/valid.cstr/ramloop[0].ram.r/prim_noinit.ram/DEVICE_7SERIES.NO_BMM_INFO.TRUE_DP.SIMPLE_PRIM36.ram/DIBDI[6]
                            (rising edge-triggered cell RAMB36E1 clocked by sys_clk  {rise@0.000ns fall@5.000ns period=10.000ns})
  Path Group:             sys_clk
  Path Type:              Hold (Min at Fast Process Corner)
  Requirement:            0.000ns  (sys_clk rise@0.000ns - sys_clk rise@0.000ns)
  Data Path Delay:        0.345ns  (logic 0.141ns (40.840%)  route 0.204ns (59.160%))
  Logic Levels:           0  
  Clock Path Skew:        0.077ns (DCD - SCD - CPR)
    Destination Clock Delay (DCD):    2.023ns
    Source Clock Delay      (SCD):    1.466ns
    Clock Pessimism Removal (CPR):    0.479ns

    Location             Delay type                Incr(ns)  Path(ns)    Netlist Resource(s)
  -------------------------------------------------------------------    -------------------
                         (clock sys_clk rise edge)    0.000     0.000 r  
    P17                                               0.000     0.000 r  clk (IN)
                         net (fo=0)                   0.000     0.000    clk
    P17                  IBUF (Prop_ibuf_I_O)         0.246     0.246 r  clk_IBUF_inst/O
                         net (fo=1, routed)           0.634     0.880    clk_IBUF
    BUFGCTRL_X0Y0        BUFG (Prop_bufg_I_O)         0.026     0.906 r  clk_IBUF_BUFG_inst/O
                         net (fo=1901, routed)        0.560     1.466    u_cnn/clk_IBUF_BUFG
    SLICE_X47Y15         FDRE                                         r  u_cnn/dinb_reg[6]/C
  -------------------------------------------------------------------    -------------------
    SLICE_X47Y15         FDRE (Prop_fdre_C_Q)         0.141     1.607 r  u_cnn/dinb_reg[6]/Q
                         net (fo=1, routed)           0.204     1.811    u_data_mem/U0/inst_blk_mem_gen/gnbram.gnativebmg.native_blk_mem_gen/valid.cstr/ramloop[0].ram.r/prim_noinit.ram/dinb[6]
    RAMB36_X1Y3          RAMB36E1                                     r  u_data_mem/U0/inst_blk_mem_gen/gnbram.gnativebmg.native_blk_mem_gen/valid.cstr/ramloop[0].ram.r/prim_noinit.ram/DEVICE_7SERIES.NO_BMM_INFO.TRUE_DP.SIMPLE_PRIM36.ram/DIBDI[6]
  -------------------------------------------------------------------    -------------------

                         (clock sys_clk rise edge)    0.000     0.000 r  
    P17                                               0.000     0.000 r  clk (IN)
                         net (fo=0)                   0.000     0.000    clk
    P17                  IBUF (Prop_ibuf_I_O)         0.434     0.434 r  clk_IBUF_inst/O
                         net (fo=1, routed)           0.689     1.123    clk_IBUF
    BUFGCTRL_X0Y0        BUFG (Prop_bufg_I_O)         0.029     1.152 r  clk_IBUF_BUFG_inst/O
                         net (fo=1901, routed)        0.871     2.023    u_data_mem/U0/inst_blk_mem_gen/gnbram.gnativebmg.native_blk_mem_gen/valid.cstr/ramloop[0].ram.r/prim_noinit.ram/clkb
    RAMB36_X1Y3          RAMB36E1                                     r  u_data_mem/U0/inst_blk_mem_gen/gnbram.gnativebmg.native_blk_mem_gen/valid.cstr/ramloop[0].ram.r/prim_noinit.ram/DEVICE_7SERIES.NO_BMM_INFO.TRUE_DP.SIMPLE_PRIM36.ram/CLKBWRCLK
                         clock pessimism             -0.479     1.543    
    RAMB36_X1Y3          RAMB36E1 (Hold_ramb36e1_CLKBWRCLK_DIBDI[6])
                                                      0.155     1.698    u_data_mem/U0/inst_blk_mem_gen/gnbram.gnativebmg.native_blk_mem_gen/valid.cstr/ramloop[0].ram.r/prim_noinit.ram/DEVICE_7SERIES.NO_BMM_INFO.TRUE_DP.SIMPLE_PRIM36.ram
  -------------------------------------------------------------------
                         required time                         -1.698    
                         arrival time                           1.811    
  -------------------------------------------------------------------
                         slack                                  0.113    

Slack (MET) :             0.113ns  (arrival time - required time)
  Source:                 u_cpu/instr_reg_reg[11]/C
                            (rising edge-triggered cell FDRE clocked by sys_clk  {rise@0.000ns fall@5.000ns period=10.000ns})
  Destination:            u_cpu/load_rd_reg[4]/D
                            (rising edge-triggered cell FDRE clocked by sys_clk  {rise@0.000ns fall@5.000ns period=10.000ns})
  Path Group:             sys_clk
  Path Type:              Hold (Min at Fast Process Corner)
  Requirement:            0.000ns  (sys_clk rise@0.000ns - sys_clk rise@0.000ns)
  Data Path Delay:        0.442ns  (logic 0.164ns (37.119%)  route 0.278ns (62.881%))
  Logic Levels:           0  
  Clock Path Skew:        0.257ns (DCD - SCD - CPR)
    Destination Clock Delay (DCD):    1.967ns
    Source Clock Delay      (SCD):    1.460ns
    Clock Pessimism Removal (CPR):    0.250ns

    Location             Delay type                Incr(ns)  Path(ns)    Netlist Resource(s)
  -------------------------------------------------------------------    -------------------
                         (clock sys_clk rise edge)    0.000     0.000 r  
    P17                                               0.000     0.000 r  clk (IN)
                         net (fo=0)                   0.000     0.000    clk
    P17                  IBUF (Prop_ibuf_I_O)         0.246     0.246 r  clk_IBUF_inst/O
                         net (fo=1, routed)           0.634     0.880    clk_IBUF
    BUFGCTRL_X0Y0        BUFG (Prop_bufg_I_O)         0.026     0.906 r  clk_IBUF_BUFG_inst/O
                         net (fo=1901, routed)        0.554     1.460    u_cpu/clk_IBUF_BUFG
    SLICE_X42Y29         FDRE                                         r  u_cpu/instr_reg_reg[11]/C
  -------------------------------------------------------------------    -------------------
    SLICE_X42Y29         FDRE (Prop_fdre_C_Q)         0.164     1.624 r  u_cpu/instr_reg_reg[11]/Q
                         net (fo=36, routed)          0.278     1.902    u_cpu/rd[4]
    SLICE_X35Y26         FDRE                                         r  u_cpu/load_rd_reg[4]/D
  -------------------------------------------------------------------    -------------------

                         (clock sys_clk rise edge)    0.000     0.000 r  
    P17                                               0.000     0.000 r  clk (IN)
                         net (fo=0)                   0.000     0.000    clk
    P17                  IBUF (Prop_ibuf_I_O)         0.434     0.434 r  clk_IBUF_inst/O
                         net (fo=1, routed)           0.689     1.123    clk_IBUF
    BUFGCTRL_X0Y0        BUFG (Prop_bufg_I_O)         0.029     1.152 r  clk_IBUF_BUFG_inst/O
                         net (fo=1901, routed)        0.816     1.967    u_cpu/clk_IBUF_BUFG
    SLICE_X35Y26         FDRE                                         r  u_cpu/load_rd_reg[4]/C
                         clock pessimism             -0.250     1.717    
    SLICE_X35Y26         FDRE (Hold_fdre_C_D)         0.072     1.789    u_cpu/load_rd_reg[4]
  -------------------------------------------------------------------
                         required time                         -1.789    
                         arrival time                           1.902    
  -------------------------------------------------------------------
                         slack                                  0.113    





Pulse Width Checks
--------------------------------------------------------------------------------------
Clock Name:         sys_clk
Waveform(ns):       { 0.000 5.000 }
Period(ns):         10.000
Sources:            { clk }

Check Type        Corner  Lib Pin             Reference Pin  Required(ns)  Actual(ns)  Slack(ns)  Location      Pin
Min Period        n/a     RAMB36E1/CLKARDCLK  n/a            2.944         10.000      7.056      RAMB36_X1Y3   u_data_mem/U0/inst_blk_mem_gen/gnbram.gnativebmg.native_blk_mem_gen/valid.cstr/ramloop[0].ram.r/prim_noinit.ram/DEVICE_7SERIES.NO_BMM_INFO.TRUE_DP.SIMPLE_PRIM36.ram/CLKARDCLK
Min Period        n/a     RAMB36E1/CLKBWRCLK  n/a            2.944         10.000      7.056      RAMB36_X1Y3   u_data_mem/U0/inst_blk_mem_gen/gnbram.gnativebmg.native_blk_mem_gen/valid.cstr/ramloop[0].ram.r/prim_noinit.ram/DEVICE_7SERIES.NO_BMM_INFO.TRUE_DP.SIMPLE_PRIM36.ram/CLKBWRCLK
Min Period        n/a     RAMB36E1/CLKARDCLK  n/a            2.576         10.000      7.424      RAMB36_X1Y5   u_cpu/u_Instruction_Memory/U0/inst_blk_mem_gen/gnbram.gnativebmg.native_blk_mem_gen/valid.cstr/ramloop[0].ram.r/prim_init.ram/DEVICE_7SERIES.NO_BMM_INFO.SP.SIMPLE_PRIM36.ram/CLKARDCLK
Min Period        n/a     RAMB36E1/CLKBWRCLK  n/a            2.576         10.000      7.424      RAMB36_X1Y5   u_cpu/u_Instruction_Memory/U0/inst_blk_mem_gen/gnbram.gnativebmg.native_blk_mem_gen/valid.cstr/ramloop[0].ram.r/prim_init.ram/DEVICE_7SERIES.NO_BMM_INFO.SP.SIMPLE_PRIM36.ram/CLKBWRCLK
Min Period        n/a     RAMB18E1/CLKARDCLK  n/a            2.576         10.000      7.424      RAMB18_X2Y2   u_test_circuit/golden_rom_inst/U0/inst_blk_mem_gen/gnbram.gnativebmg.native_blk_mem_gen/valid.cstr/ramloop[0].ram.r/prim_init.ram/DEVICE_7SERIES.NO_BMM_INFO.SP.SIMPLE_PRIM18.ram/CLKARDCLK
Min Period        n/a     RAMB18E1/CLKBWRCLK  n/a            2.576         10.000      7.424      RAMB18_X2Y2   u_test_circuit/golden_rom_inst/U0/inst_blk_mem_gen/gnbram.gnativebmg.native_blk_mem_gen/valid.cstr/ramloop[0].ram.r/prim_init.ram/DEVICE_7SERIES.NO_BMM_INFO.SP.SIMPLE_PRIM18.ram/CLKBWRCLK
Min Period        n/a     RAMB18E1/CLKARDCLK  n/a            2.576         10.000      7.424      RAMB18_X1Y2   u_test_circuit/golden_rom_inst/U0/inst_blk_mem_gen/gnbram.gnativebmg.native_blk_mem_gen/valid.cstr/ramloop[1].ram.r/prim_init.ram/DEVICE_7SERIES.NO_BMM_INFO.SP.WIDE_PRIM18.ram/CLKARDCLK
Min Period        n/a     RAMB18E1/CLKBWRCLK  n/a            2.576         10.000      7.424      RAMB18_X1Y2   u_test_circuit/golden_rom_inst/U0/inst_blk_mem_gen/gnbram.gnativebmg.native_blk_mem_gen/valid.cstr/ramloop[1].ram.r/prim_init.ram/DEVICE_7SERIES.NO_BMM_INFO.SP.WIDE_PRIM18.ram/CLKBWRCLK
Min Period        n/a     RAMB18E1/CLKARDCLK  n/a            2.576         10.000      7.424      RAMB18_X1Y3   u_test_circuit/golden_rom_inst/U0/inst_blk_mem_gen/gnbram.gnativebmg.native_blk_mem_gen/valid.cstr/ramloop[2].ram.r/prim_init.ram/DEVICE_7SERIES.NO_BMM_INFO.SP.SIMPLE_PRIM18.ram/CLKARDCLK
Min Period        n/a     RAMB18E1/CLKBWRCLK  n/a            2.576         10.000      7.424      RAMB18_X1Y3   u_test_circuit/golden_rom_inst/U0/inst_blk_mem_gen/gnbram.gnativebmg.native_blk_mem_gen/valid.cstr/ramloop[2].ram.r/prim_init.ram/DEVICE_7SERIES.NO_BMM_INFO.SP.SIMPLE_PRIM18.ram/CLKBWRCLK
Low Pulse Width   Slow    FDCE/C              n/a            0.500         5.000       4.500      SLICE_X36Y17  cnn_start_latched_reg/C
Low Pulse Width   Fast    FDCE/C              n/a            0.500         5.000       4.500      SLICE_X36Y17  cnn_start_latched_reg/C
Low Pulse Width   Slow    FDCE/C              n/a            0.500         5.000       4.500      SLICE_X37Y15  rstn_sync0_reg/C
Low Pulse Width   Fast    FDCE/C              n/a            0.500         5.000       4.500      SLICE_X37Y15  rstn_sync0_reg/C
Low Pulse Width   Slow    FDCE/C              n/a            0.500         5.000       4.500      SLICE_X37Y15  rstn_sync1_reg/C
Low Pulse Width   Fast    FDCE/C              n/a            0.500         5.000       4.500      SLICE_X37Y15  rstn_sync1_reg/C
Low Pulse Width   Slow    FDRE/C              n/a            0.500         5.000       4.500      SLICE_X50Y17  u_cnn/accum_reg[0]/C
Low Pulse Width   Fast    FDRE/C              n/a            0.500         5.000       4.500      SLICE_X50Y17  u_cnn/accum_reg[0]/C
Low Pulse Width   Slow    FDRE/C              n/a            0.500         5.000       4.500      SLICE_X50Y18  u_cnn/accum_reg[10]/C
Low Pulse Width   Fast    FDRE/C              n/a            0.500         5.000       4.500      SLICE_X50Y18  u_cnn/accum_reg[10]/C
High Pulse Width  Slow    FDCE/C              n/a            0.500         5.000       4.500      SLICE_X36Y17  cnn_start_latched_reg/C
High Pulse Width  Fast    FDCE/C              n/a            0.500         5.000       4.500      SLICE_X36Y17  cnn_start_latched_reg/C
High Pulse Width  Slow    FDCE/C              n/a            0.500         5.000       4.500      SLICE_X37Y15  rstn_sync0_reg/C
High Pulse Width  Fast    FDCE/C              n/a            0.500         5.000       4.500      SLICE_X37Y15  rstn_sync0_reg/C
High Pulse Width  Slow    FDCE/C              n/a            0.500         5.000       4.500      SLICE_X37Y15  rstn_sync1_reg/C
High Pulse Width  Fast    FDCE/C              n/a            0.500         5.000       4.500      SLICE_X37Y15  rstn_sync1_reg/C
High Pulse Width  Slow    FDRE/C              n/a            0.500         5.000       4.500      SLICE_X50Y17  u_cnn/accum_reg[0]/C
High Pulse Width  Fast    FDRE/C              n/a            0.500         5.000       4.500      SLICE_X50Y17  u_cnn/accum_reg[0]/C
High Pulse Width  Slow    FDRE/C              n/a            0.500         5.000       4.500      SLICE_X50Y18  u_cnn/accum_reg[10]/C
High Pulse Width  Fast    FDRE/C              n/a            0.500         5.000       4.500      SLICE_X50Y18  u_cnn/accum_reg[10]/C



---------------------------------------------------------------------------------------------------
Path Group:  **async_default**
From Clock:  sys_clk
  To Clock:  sys_clk

Setup :            0  Failing Endpoints,  Worst Slack        4.253ns,  Total Violation        0.000ns
Hold  :            0  Failing Endpoints,  Worst Slack        0.868ns,  Total Violation        0.000ns
---------------------------------------------------------------------------------------------------


Max Delay Paths
--------------------------------------------------------------------------------------
Slack (MET) :             4.253ns  (required time - arrival time)
  Source:                 rstn_sync1_reg/C
                            (rising edge-triggered cell FDCE clocked by sys_clk  {rise@0.000ns fall@5.000ns period=10.000ns})
  Destination:            u_test_circuit/selected_tc_reg[3]/CLR
                            (recovery check against rising-edge clock sys_clk  {rise@0.000ns fall@5.000ns period=10.000ns})
  Path Group:             **async_default**
  Path Type:              Recovery (Max at Slow Process Corner)
  Requirement:            10.000ns  (sys_clk rise@10.000ns - sys_clk rise@0.000ns)
  Data Path Delay:        5.067ns  (logic 0.605ns (11.940%)  route 4.462ns (88.060%))
  Logic Levels:           1  (LUT1=1)
  Clock Path Skew:        -0.031ns (DCD - SCD + CPR)
    Destination Clock Delay (DCD):    4.814ns = ( 14.814 - 10.000 ) 
    Source Clock Delay      (SCD):    5.104ns
    Clock Pessimism Removal (CPR):    0.259ns
  Clock Uncertainty:      0.035ns  ((TSJ^2 + TIJ^2)^1/2 + DJ) / 2 + PE
    Total System Jitter     (TSJ):    0.071ns
    Total Input Jitter      (TIJ):    0.000ns
    Discrete Jitter          (DJ):    0.000ns
    Phase Error              (PE):    0.000ns

    Location             Delay type                Incr(ns)  Path(ns)    Netlist Resource(s)
  -------------------------------------------------------------------    -------------------
                         (clock sys_clk rise edge)    0.000     0.000 r  
    P17                                               0.000     0.000 r  clk (IN)
                         net (fo=0)                   0.000     0.000    clk
    P17                  IBUF (Prop_ibuf_I_O)         1.478     1.478 r  clk_IBUF_inst/O
                         net (fo=1, routed)           1.972     3.450    clk_IBUF
    BUFGCTRL_X0Y0        BUFG (Prop_bufg_I_O)         0.096     3.546 r  clk_IBUF_BUFG_inst/O
                         net (fo=1901, routed)        1.558     5.104    clk_IBUF_BUFG
    SLICE_X37Y15         FDCE                                         r  rstn_sync1_reg/C
  -------------------------------------------------------------------    -------------------
    SLICE_X37Y15         FDCE (Prop_fdce_C_Q)         0.456     5.560 r  rstn_sync1_reg/Q
                         net (fo=1, routed)           0.923     6.484    u_test_circuit/rstn_sync1
    SLICE_X37Y15         LUT1 (Prop_lut1_I0_O)        0.149     6.633 f  u_test_circuit/start_sync0_i_1/O
                         net (fo=291, routed)         3.539    10.171    u_test_circuit/start_sync0_i_1_n_0
    SLICE_X41Y3          FDCE                                         f  u_test_circuit/selected_tc_reg[3]/CLR
  -------------------------------------------------------------------    -------------------

                         (clock sys_clk rise edge)   10.000    10.000 r  
    P17                                               0.000    10.000 r  clk (IN)
                         net (fo=0)                   0.000    10.000    clk
    P17                  IBUF (Prop_ibuf_I_O)         1.408    11.408 r  clk_IBUF_inst/O
                         net (fo=1, routed)           1.868    13.276    clk_IBUF
    BUFGCTRL_X0Y0        BUFG (Prop_bufg_I_O)         0.091    13.367 r  clk_IBUF_BUFG_inst/O
                         net (fo=1901, routed)        1.447    14.814    u_test_circuit/clk_IBUF_BUFG
    SLICE_X41Y3          FDCE                                         r  u_test_circuit/selected_tc_reg[3]/C
                         clock pessimism              0.259    15.073    
                         clock uncertainty           -0.035    15.038    
    SLICE_X41Y3          FDCE (Recov_fdce_C_CLR)     -0.613    14.425    u_test_circuit/selected_tc_reg[3]
  -------------------------------------------------------------------
                         required time                         14.425    
                         arrival time                         -10.171    
  -------------------------------------------------------------------
                         slack                                  4.253    

Slack (MET) :             4.298ns  (required time - arrival time)
  Source:                 rstn_sync1_reg/C
                            (rising edge-triggered cell FDCE clocked by sys_clk  {rise@0.000ns fall@5.000ns period=10.000ns})
  Destination:            u_test_circuit/cpu_beq_fail_reg/CLR
                            (recovery check against rising-edge clock sys_clk  {rise@0.000ns fall@5.000ns period=10.000ns})
  Path Group:             **async_default**
  Path Type:              Recovery (Max at Slow Process Corner)
  Requirement:            10.000ns  (sys_clk rise@10.000ns - sys_clk rise@0.000ns)
  Data Path Delay:        5.023ns  (logic 0.605ns (12.046%)  route 4.418ns (87.954%))
  Logic Levels:           1  (LUT1=1)
  Clock Path Skew:        -0.031ns (DCD - SCD + CPR)
    Destination Clock Delay (DCD):    4.814ns = ( 14.814 - 10.000 ) 
    Source Clock Delay      (SCD):    5.104ns
    Clock Pessimism Removal (CPR):    0.259ns
  Clock Uncertainty:      0.035ns  ((TSJ^2 + TIJ^2)^1/2 + DJ) / 2 + PE
    Total System Jitter     (TSJ):    0.071ns
    Total Input Jitter      (TIJ):    0.000ns
    Discrete Jitter          (DJ):    0.000ns
    Phase Error              (PE):    0.000ns

    Location             Delay type                Incr(ns)  Path(ns)    Netlist Resource(s)
  -------------------------------------------------------------------    -------------------
                         (clock sys_clk rise edge)    0.000     0.000 r  
    P17                                               0.000     0.000 r  clk (IN)
                         net (fo=0)                   0.000     0.000    clk
    P17                  IBUF (Prop_ibuf_I_O)         1.478     1.478 r  clk_IBUF_inst/O
                         net (fo=1, routed)           1.972     3.450    clk_IBUF
    BUFGCTRL_X0Y0        BUFG (Prop_bufg_I_O)         0.096     3.546 r  clk_IBUF_BUFG_inst/O
                         net (fo=1901, routed)        1.558     5.104    clk_IBUF_BUFG
    SLICE_X37Y15         FDCE                                         r  rstn_sync1_reg/C
  -------------------------------------------------------------------    -------------------
    SLICE_X37Y15         FDCE (Prop_fdce_C_Q)         0.456     5.560 r  rstn_sync1_reg/Q
                         net (fo=1, routed)           0.923     6.484    u_test_circuit/rstn_sync1
    SLICE_X37Y15         LUT1 (Prop_lut1_I0_O)        0.149     6.633 f  u_test_circuit/start_sync0_i_1/O
                         net (fo=291, routed)         3.494    10.127    u_test_circuit/start_sync0_i_1_n_0
    SLICE_X40Y4          FDCE                                         f  u_test_circuit/cpu_beq_fail_reg/CLR
  -------------------------------------------------------------------    -------------------

                         (clock sys_clk rise edge)   10.000    10.000 r  
    P17                                               0.000    10.000 r  clk (IN)
                         net (fo=0)                   0.000    10.000    clk
    P17                  IBUF (Prop_ibuf_I_O)         1.408    11.408 r  clk_IBUF_inst/O
                         net (fo=1, routed)           1.868    13.276    clk_IBUF
    BUFGCTRL_X0Y0        BUFG (Prop_bufg_I_O)         0.091    13.367 r  clk_IBUF_BUFG_inst/O
                         net (fo=1901, routed)        1.447    14.814    u_test_circuit/clk_IBUF_BUFG
    SLICE_X40Y4          FDCE                                         r  u_test_circuit/cpu_beq_fail_reg/C
                         clock pessimism              0.259    15.073    
                         clock uncertainty           -0.035    15.038    
    SLICE_X40Y4          FDCE (Recov_fdce_C_CLR)     -0.613    14.425    u_test_circuit/cpu_beq_fail_reg
  -------------------------------------------------------------------
                         required time                         14.425    
                         arrival time                         -10.127    
  -------------------------------------------------------------------
                         slack                                  4.298    

Slack (MET) :             4.298ns  (required time - arrival time)
  Source:                 rstn_sync1_reg/C
                            (rising edge-triggered cell FDCE clocked by sys_clk  {rise@0.000ns fall@5.000ns period=10.000ns})
  Destination:            u_test_circuit/cpu_blt_fail_reg/CLR
                            (recovery check against rising-edge clock sys_clk  {rise@0.000ns fall@5.000ns period=10.000ns})
  Path Group:             **async_default**
  Path Type:              Recovery (Max at Slow Process Corner)
  Requirement:            10.000ns  (sys_clk rise@10.000ns - sys_clk rise@0.000ns)
  Data Path Delay:        5.023ns  (logic 0.605ns (12.046%)  route 4.418ns (87.954%))
  Logic Levels:           1  (LUT1=1)
  Clock Path Skew:        -0.031ns (DCD - SCD + CPR)
    Destination Clock Delay (DCD):    4.814ns = ( 14.814 - 10.000 ) 
    Source Clock Delay      (SCD):    5.104ns
    Clock Pessimism Removal (CPR):    0.259ns
  Clock Uncertainty:      0.035ns  ((TSJ^2 + TIJ^2)^1/2 + DJ) / 2 + PE
    Total System Jitter     (TSJ):    0.071ns
    Total Input Jitter      (TIJ):    0.000ns
    Discrete Jitter          (DJ):    0.000ns
    Phase Error              (PE):    0.000ns

    Location             Delay type                Incr(ns)  Path(ns)    Netlist Resource(s)
  -------------------------------------------------------------------    -------------------
                         (clock sys_clk rise edge)    0.000     0.000 r  
    P17                                               0.000     0.000 r  clk (IN)
                         net (fo=0)                   0.000     0.000    clk
    P17                  IBUF (Prop_ibuf_I_O)         1.478     1.478 r  clk_IBUF_inst/O
                         net (fo=1, routed)           1.972     3.450    clk_IBUF
    BUFGCTRL_X0Y0        BUFG (Prop_bufg_I_O)         0.096     3.546 r  clk_IBUF_BUFG_inst/O
                         net (fo=1901, routed)        1.558     5.104    clk_IBUF_BUFG
    SLICE_X37Y15         FDCE                                         r  rstn_sync1_reg/C
  -------------------------------------------------------------------    -------------------
    SLICE_X37Y15         FDCE (Prop_fdce_C_Q)         0.456     5.560 r  rstn_sync1_reg/Q
                         net (fo=1, routed)           0.923     6.484    u_test_circuit/rstn_sync1
    SLICE_X37Y15         LUT1 (Prop_lut1_I0_O)        0.149     6.633 f  u_test_circuit/start_sync0_i_1/O
                         net (fo=291, routed)         3.494    10.127    u_test_circuit/start_sync0_i_1_n_0
    SLICE_X40Y4          FDCE                                         f  u_test_circuit/cpu_blt_fail_reg/CLR
  -------------------------------------------------------------------    -------------------

                         (clock sys_clk rise edge)   10.000    10.000 r  
    P17                                               0.000    10.000 r  clk (IN)
                         net (fo=0)                   0.000    10.000    clk
    P17                  IBUF (Prop_ibuf_I_O)         1.408    11.408 r  clk_IBUF_inst/O
                         net (fo=1, routed)           1.868    13.276    clk_IBUF
    BUFGCTRL_X0Y0        BUFG (Prop_bufg_I_O)         0.091    13.367 r  clk_IBUF_BUFG_inst/O
                         net (fo=1901, routed)        1.447    14.814    u_test_circuit/clk_IBUF_BUFG
    SLICE_X40Y4          FDCE                                         r  u_test_circuit/cpu_blt_fail_reg/C
                         clock pessimism              0.259    15.073    
                         clock uncertainty           -0.035    15.038    
    SLICE_X40Y4          FDCE (Recov_fdce_C_CLR)     -0.613    14.425    u_test_circuit/cpu_blt_fail_reg
  -------------------------------------------------------------------
                         required time                         14.425    
                         arrival time                         -10.127    
  -------------------------------------------------------------------
                         slack                                  4.298    

Slack (MET) :             4.298ns  (required time - arrival time)
  Source:                 rstn_sync1_reg/C
                            (rising edge-triggered cell FDCE clocked by sys_clk  {rise@0.000ns fall@5.000ns period=10.000ns})
  Destination:            u_test_circuit/cpu_lw_fail_reg/CLR
                            (recovery check against rising-edge clock sys_clk  {rise@0.000ns fall@5.000ns period=10.000ns})
  Path Group:             **async_default**
  Path Type:              Recovery (Max at Slow Process Corner)
  Requirement:            10.000ns  (sys_clk rise@10.000ns - sys_clk rise@0.000ns)
  Data Path Delay:        5.023ns  (logic 0.605ns (12.046%)  route 4.418ns (87.954%))
  Logic Levels:           1  (LUT1=1)
  Clock Path Skew:        -0.031ns (DCD - SCD + CPR)
    Destination Clock Delay (DCD):    4.814ns = ( 14.814 - 10.000 ) 
    Source Clock Delay      (SCD):    5.104ns
    Clock Pessimism Removal (CPR):    0.259ns
  Clock Uncertainty:      0.035ns  ((TSJ^2 + TIJ^2)^1/2 + DJ) / 2 + PE
    Total System Jitter     (TSJ):    0.071ns
    Total Input Jitter      (TIJ):    0.000ns
    Discrete Jitter          (DJ):    0.000ns
    Phase Error              (PE):    0.000ns

    Location             Delay type                Incr(ns)  Path(ns)    Netlist Resource(s)
  -------------------------------------------------------------------    -------------------
                         (clock sys_clk rise edge)    0.000     0.000 r  
    P17                                               0.000     0.000 r  clk (IN)
                         net (fo=0)                   0.000     0.000    clk
    P17                  IBUF (Prop_ibuf_I_O)         1.478     1.478 r  clk_IBUF_inst/O
                         net (fo=1, routed)           1.972     3.450    clk_IBUF
    BUFGCTRL_X0Y0        BUFG (Prop_bufg_I_O)         0.096     3.546 r  clk_IBUF_BUFG_inst/O
                         net (fo=1901, routed)        1.558     5.104    clk_IBUF_BUFG
    SLICE_X37Y15         FDCE                                         r  rstn_sync1_reg/C
  -------------------------------------------------------------------    -------------------
    SLICE_X37Y15         FDCE (Prop_fdce_C_Q)         0.456     5.560 r  rstn_sync1_reg/Q
                         net (fo=1, routed)           0.923     6.484    u_test_circuit/rstn_sync1
    SLICE_X37Y15         LUT1 (Prop_lut1_I0_O)        0.149     6.633 f  u_test_circuit/start_sync0_i_1/O
                         net (fo=291, routed)         3.494    10.127    u_test_circuit/start_sync0_i_1_n_0
    SLICE_X40Y4          FDCE                                         f  u_test_circuit/cpu_lw_fail_reg/CLR
  -------------------------------------------------------------------    -------------------

                         (clock sys_clk rise edge)   10.000    10.000 r  
    P17                                               0.000    10.000 r  clk (IN)
                         net (fo=0)                   0.000    10.000    clk
    P17                  IBUF (Prop_ibuf_I_O)         1.408    11.408 r  clk_IBUF_inst/O
                         net (fo=1, routed)           1.868    13.276    clk_IBUF
    BUFGCTRL_X0Y0        BUFG (Prop_bufg_I_O)         0.091    13.367 r  clk_IBUF_BUFG_inst/O
                         net (fo=1901, routed)        1.447    14.814    u_test_circuit/clk_IBUF_BUFG
    SLICE_X40Y4          FDCE                                         r  u_test_circuit/cpu_lw_fail_reg/C
                         clock pessimism              0.259    15.073    
                         clock uncertainty           -0.035    15.038    
    SLICE_X40Y4          FDCE (Recov_fdce_C_CLR)     -0.613    14.425    u_test_circuit/cpu_lw_fail_reg
  -------------------------------------------------------------------
                         required time                         14.425    
                         arrival time                         -10.127    
  -------------------------------------------------------------------
                         slack                                  4.298    

Slack (MET) :             4.481ns  (required time - arrival time)
  Source:                 rstn_sync1_reg/C
                            (rising edge-triggered cell FDCE clocked by sys_clk  {rise@0.000ns fall@5.000ns period=10.000ns})
  Destination:            u_test_circuit/seven_seg_reg[0]/CLR
                            (recovery check against rising-edge clock sys_clk  {rise@0.000ns fall@5.000ns period=10.000ns})
  Path Group:             **async_default**
  Path Type:              Recovery (Max at Slow Process Corner)
  Requirement:            10.000ns  (sys_clk rise@10.000ns - sys_clk rise@0.000ns)
  Data Path Delay:        4.842ns  (logic 0.605ns (12.496%)  route 4.237ns (87.504%))
  Logic Levels:           1  (LUT1=1)
  Clock Path Skew:        -0.029ns (DCD - SCD + CPR)
    Destination Clock Delay (DCD):    4.816ns = ( 14.816 - 10.000 ) 
    Source Clock Delay      (SCD):    5.104ns
    Clock Pessimism Removal (CPR):    0.259ns
  Clock Uncertainty:      0.035ns  ((TSJ^2 + TIJ^2)^1/2 + DJ) / 2 + PE
    Total System Jitter     (TSJ):    0.071ns
    Total Input Jitter      (TIJ):    0.000ns
    Discrete Jitter          (DJ):    0.000ns
    Phase Error              (PE):    0.000ns

    Location             Delay type                Incr(ns)  Path(ns)    Netlist Resource(s)
  -------------------------------------------------------------------    -------------------
                         (clock sys_clk rise edge)    0.000     0.000 r  
    P17                                               0.000     0.000 r  clk (IN)
                         net (fo=0)                   0.000     0.000    clk
    P17                  IBUF (Prop_ibuf_I_O)         1.478     1.478 r  clk_IBUF_inst/O
                         net (fo=1, routed)           1.972     3.450    clk_IBUF
    BUFGCTRL_X0Y0        BUFG (Prop_bufg_I_O)         0.096     3.546 r  clk_IBUF_BUFG_inst/O
                         net (fo=1901, routed)        1.558     5.104    clk_IBUF_BUFG
    SLICE_X37Y15         FDCE                                         r  rstn_sync1_reg/C
  -------------------------------------------------------------------    -------------------
    SLICE_X37Y15         FDCE (Prop_fdce_C_Q)         0.456     5.560 r  rstn_sync1_reg/Q
                         net (fo=1, routed)           0.923     6.484    u_test_circuit/rstn_sync1
    SLICE_X37Y15         LUT1 (Prop_lut1_I0_O)        0.149     6.633 f  u_test_circuit/start_sync0_i_1/O
                         net (fo=291, routed)         3.313     9.946    u_test_circuit/start_sync0_i_1_n_0
    SLICE_X55Y11         FDCE                                         f  u_test_circuit/seven_seg_reg[0]/CLR
  -------------------------------------------------------------------    -------------------

                         (clock sys_clk rise edge)   10.000    10.000 r  
    P17                                               0.000    10.000 r  clk (IN)
                         net (fo=0)                   0.000    10.000    clk
    P17                  IBUF (Prop_ibuf_I_O)         1.408    11.408 r  clk_IBUF_inst/O
                         net (fo=1, routed)           1.868    13.276    clk_IBUF
    BUFGCTRL_X0Y0        BUFG (Prop_bufg_I_O)         0.091    13.367 r  clk_IBUF_BUFG_inst/O
                         net (fo=1901, routed)        1.449    14.816    u_test_circuit/clk_IBUF_BUFG
    SLICE_X55Y11         FDCE                                         r  u_test_circuit/seven_seg_reg[0]/C
                         clock pessimism              0.259    15.075    
                         clock uncertainty           -0.035    15.040    
    SLICE_X55Y11         FDCE (Recov_fdce_C_CLR)     -0.613    14.427    u_test_circuit/seven_seg_reg[0]
  -------------------------------------------------------------------
                         required time                         14.427    
                         arrival time                          -9.946    
  -------------------------------------------------------------------
                         slack                                  4.481    

Slack (MET) :             4.481ns  (required time - arrival time)
  Source:                 rstn_sync1_reg/C
                            (rising edge-triggered cell FDCE clocked by sys_clk  {rise@0.000ns fall@5.000ns period=10.000ns})
  Destination:            u_test_circuit/seven_seg_reg[1]/CLR
                            (recovery check against rising-edge clock sys_clk  {rise@0.000ns fall@5.000ns period=10.000ns})
  Path Group:             **async_default**
  Path Type:              Recovery (Max at Slow Process Corner)
  Requirement:            10.000ns  (sys_clk rise@10.000ns - sys_clk rise@0.000ns)
  Data Path Delay:        4.842ns  (logic 0.605ns (12.496%)  route 4.237ns (87.504%))
  Logic Levels:           1  (LUT1=1)
  Clock Path Skew:        -0.029ns (DCD - SCD + CPR)
    Destination Clock Delay (DCD):    4.816ns = ( 14.816 - 10.000 ) 
    Source Clock Delay      (SCD):    5.104ns
    Clock Pessimism Removal (CPR):    0.259ns
  Clock Uncertainty:      0.035ns  ((TSJ^2 + TIJ^2)^1/2 + DJ) / 2 + PE
    Total System Jitter     (TSJ):    0.071ns
    Total Input Jitter      (TIJ):    0.000ns
    Discrete Jitter          (DJ):    0.000ns
    Phase Error              (PE):    0.000ns

    Location             Delay type                Incr(ns)  Path(ns)    Netlist Resource(s)
  -------------------------------------------------------------------    -------------------
                         (clock sys_clk rise edge)    0.000     0.000 r  
    P17                                               0.000     0.000 r  clk (IN)
                         net (fo=0)                   0.000     0.000    clk
    P17                  IBUF (Prop_ibuf_I_O)         1.478     1.478 r  clk_IBUF_inst/O
                         net (fo=1, routed)           1.972     3.450    clk_IBUF
    BUFGCTRL_X0Y0        BUFG (Prop_bufg_I_O)         0.096     3.546 r  clk_IBUF_BUFG_inst/O
                         net (fo=1901, routed)        1.558     5.104    clk_IBUF_BUFG
    SLICE_X37Y15         FDCE                                         r  rstn_sync1_reg/C
  -------------------------------------------------------------------    -------------------
    SLICE_X37Y15         FDCE (Prop_fdce_C_Q)         0.456     5.560 r  rstn_sync1_reg/Q
                         net (fo=1, routed)           0.923     6.484    u_test_circuit/rstn_sync1
    SLICE_X37Y15         LUT1 (Prop_lut1_I0_O)        0.149     6.633 f  u_test_circuit/start_sync0_i_1/O
                         net (fo=291, routed)         3.313     9.946    u_test_circuit/start_sync0_i_1_n_0
    SLICE_X55Y11         FDCE                                         f  u_test_circuit/seven_seg_reg[1]/CLR
  -------------------------------------------------------------------    -------------------

                         (clock sys_clk rise edge)   10.000    10.000 r  
    P17                                               0.000    10.000 r  clk (IN)
                         net (fo=0)                   0.000    10.000    clk
    P17                  IBUF (Prop_ibuf_I_O)         1.408    11.408 r  clk_IBUF_inst/O
                         net (fo=1, routed)           1.868    13.276    clk_IBUF
    BUFGCTRL_X0Y0        BUFG (Prop_bufg_I_O)         0.091    13.367 r  clk_IBUF_BUFG_inst/O
                         net (fo=1901, routed)        1.449    14.816    u_test_circuit/clk_IBUF_BUFG
    SLICE_X55Y11         FDCE                                         r  u_test_circuit/seven_seg_reg[1]/C
                         clock pessimism              0.259    15.075    
                         clock uncertainty           -0.035    15.040    
    SLICE_X55Y11         FDCE (Recov_fdce_C_CLR)     -0.613    14.427    u_test_circuit/seven_seg_reg[1]
  -------------------------------------------------------------------
                         required time                         14.427    
                         arrival time                          -9.946    
  -------------------------------------------------------------------
                         slack                                  4.481    

Slack (MET) :             4.481ns  (required time - arrival time)
  Source:                 rstn_sync1_reg/C
                            (rising edge-triggered cell FDCE clocked by sys_clk  {rise@0.000ns fall@5.000ns period=10.000ns})
  Destination:            u_test_circuit/seven_seg_reg[2]/CLR
                            (recovery check against rising-edge clock sys_clk  {rise@0.000ns fall@5.000ns period=10.000ns})
  Path Group:             **async_default**
  Path Type:              Recovery (Max at Slow Process Corner)
  Requirement:            10.000ns  (sys_clk rise@10.000ns - sys_clk rise@0.000ns)
  Data Path Delay:        4.842ns  (logic 0.605ns (12.496%)  route 4.237ns (87.504%))
  Logic Levels:           1  (LUT1=1)
  Clock Path Skew:        -0.029ns (DCD - SCD + CPR)
    Destination Clock Delay (DCD):    4.816ns = ( 14.816 - 10.000 ) 
    Source Clock Delay      (SCD):    5.104ns
    Clock Pessimism Removal (CPR):    0.259ns
  Clock Uncertainty:      0.035ns  ((TSJ^2 + TIJ^2)^1/2 + DJ) / 2 + PE
    Total System Jitter     (TSJ):    0.071ns
    Total Input Jitter      (TIJ):    0.000ns
    Discrete Jitter          (DJ):    0.000ns
    Phase Error              (PE):    0.000ns

    Location             Delay type                Incr(ns)  Path(ns)    Netlist Resource(s)
  -------------------------------------------------------------------    -------------------
                         (clock sys_clk rise edge)    0.000     0.000 r  
    P17                                               0.000     0.000 r  clk (IN)
                         net (fo=0)                   0.000     0.000    clk
    P17                  IBUF (Prop_ibuf_I_O)         1.478     1.478 r  clk_IBUF_inst/O
                         net (fo=1, routed)           1.972     3.450    clk_IBUF
    BUFGCTRL_X0Y0        BUFG (Prop_bufg_I_O)         0.096     3.546 r  clk_IBUF_BUFG_inst/O
                         net (fo=1901, routed)        1.558     5.104    clk_IBUF_BUFG
    SLICE_X37Y15         FDCE                                         r  rstn_sync1_reg/C
  -------------------------------------------------------------------    -------------------
    SLICE_X37Y15         FDCE (Prop_fdce_C_Q)         0.456     5.560 r  rstn_sync1_reg/Q
                         net (fo=1, routed)           0.923     6.484    u_test_circuit/rstn_sync1
    SLICE_X37Y15         LUT1 (Prop_lut1_I0_O)        0.149     6.633 f  u_test_circuit/start_sync0_i_1/O
                         net (fo=291, routed)         3.313     9.946    u_test_circuit/start_sync0_i_1_n_0
    SLICE_X55Y11         FDCE                                         f  u_test_circuit/seven_seg_reg[2]/CLR
  -------------------------------------------------------------------    -------------------

                         (clock sys_clk rise edge)   10.000    10.000 r  
    P17                                               0.000    10.000 r  clk (IN)
                         net (fo=0)                   0.000    10.000    clk
    P17                  IBUF (Prop_ibuf_I_O)         1.408    11.408 r  clk_IBUF_inst/O
                         net (fo=1, routed)           1.868    13.276    clk_IBUF
    BUFGCTRL_X0Y0        BUFG (Prop_bufg_I_O)         0.091    13.367 r  clk_IBUF_BUFG_inst/O
                         net (fo=1901, routed)        1.449    14.816    u_test_circuit/clk_IBUF_BUFG
    SLICE_X55Y11         FDCE                                         r  u_test_circuit/seven_seg_reg[2]/C
                         clock pessimism              0.259    15.075    
                         clock uncertainty           -0.035    15.040    
    SLICE_X55Y11         FDCE (Recov_fdce_C_CLR)     -0.613    14.427    u_test_circuit/seven_seg_reg[2]
  -------------------------------------------------------------------
                         required time                         14.427    
                         arrival time                          -9.946    
  -------------------------------------------------------------------
                         slack                                  4.481    

Slack (MET) :             4.481ns  (required time - arrival time)
  Source:                 rstn_sync1_reg/C
                            (rising edge-triggered cell FDCE clocked by sys_clk  {rise@0.000ns fall@5.000ns period=10.000ns})
  Destination:            u_test_circuit/seven_seg_reg[3]/CLR
                            (recovery check against rising-edge clock sys_clk  {rise@0.000ns fall@5.000ns period=10.000ns})
  Path Group:             **async_default**
  Path Type:              Recovery (Max at Slow Process Corner)
  Requirement:            10.000ns  (sys_clk rise@10.000ns - sys_clk rise@0.000ns)
  Data Path Delay:        4.842ns  (logic 0.605ns (12.496%)  route 4.237ns (87.504%))
  Logic Levels:           1  (LUT1=1)
  Clock Path Skew:        -0.029ns (DCD - SCD + CPR)
    Destination Clock Delay (DCD):    4.816ns = ( 14.816 - 10.000 ) 
    Source Clock Delay      (SCD):    5.104ns
    Clock Pessimism Removal (CPR):    0.259ns
  Clock Uncertainty:      0.035ns  ((TSJ^2 + TIJ^2)^1/2 + DJ) / 2 + PE
    Total System Jitter     (TSJ):    0.071ns
    Total Input Jitter      (TIJ):    0.000ns
    Discrete Jitter          (DJ):    0.000ns
    Phase Error              (PE):    0.000ns

    Location             Delay type                Incr(ns)  Path(ns)    Netlist Resource(s)
  -------------------------------------------------------------------    -------------------
                         (clock sys_clk rise edge)    0.000     0.000 r  
    P17                                               0.000     0.000 r  clk (IN)
                         net (fo=0)                   0.000     0.000    clk
    P17                  IBUF (Prop_ibuf_I_O)         1.478     1.478 r  clk_IBUF_inst/O
                         net (fo=1, routed)           1.972     3.450    clk_IBUF
    BUFGCTRL_X0Y0        BUFG (Prop_bufg_I_O)         0.096     3.546 r  clk_IBUF_BUFG_inst/O
                         net (fo=1901, routed)        1.558     5.104    clk_IBUF_BUFG
    SLICE_X37Y15         FDCE                                         r  rstn_sync1_reg/C
  -------------------------------------------------------------------    -------------------
    SLICE_X37Y15         FDCE (Prop_fdce_C_Q)         0.456     5.560 r  rstn_sync1_reg/Q
                         net (fo=1, routed)           0.923     6.484    u_test_circuit/rstn_sync1
    SLICE_X37Y15         LUT1 (Prop_lut1_I0_O)        0.149     6.633 f  u_test_circuit/start_sync0_i_1/O
                         net (fo=291, routed)         3.313     9.946    u_test_circuit/start_sync0_i_1_n_0
    SLICE_X55Y11         FDCE                                         f  u_test_circuit/seven_seg_reg[3]/CLR
  -------------------------------------------------------------------    -------------------

                         (clock sys_clk rise edge)   10.000    10.000 r  
    P17                                               0.000    10.000 r  clk (IN)
                         net (fo=0)                   0.000    10.000    clk
    P17                  IBUF (Prop_ibuf_I_O)         1.408    11.408 r  clk_IBUF_inst/O
                         net (fo=1, routed)           1.868    13.276    clk_IBUF
    BUFGCTRL_X0Y0        BUFG (Prop_bufg_I_O)         0.091    13.367 r  clk_IBUF_BUFG_inst/O
                         net (fo=1901, routed)        1.449    14.816    u_test_circuit/clk_IBUF_BUFG
    SLICE_X55Y11         FDCE                                         r  u_test_circuit/seven_seg_reg[3]/C
                         clock pessimism              0.259    15.075    
                         clock uncertainty           -0.035    15.040    
    SLICE_X55Y11         FDCE (Recov_fdce_C_CLR)     -0.613    14.427    u_test_circuit/seven_seg_reg[3]
  -------------------------------------------------------------------
                         required time                         14.427    
                         arrival time                          -9.946    
  -------------------------------------------------------------------
                         slack                                  4.481    

Slack (MET) :             4.583ns  (required time - arrival time)
  Source:                 rstn_sync1_reg/C
                            (rising edge-triggered cell FDCE clocked by sys_clk  {rise@0.000ns fall@5.000ns period=10.000ns})
  Destination:            u_test_circuit/cycle_counter_reg[0]/CLR
                            (recovery check against rising-edge clock sys_clk  {rise@0.000ns fall@5.000ns period=10.000ns})
  Path Group:             **async_default**
  Path Type:              Recovery (Max at Slow Process Corner)
  Requirement:            10.000ns  (sys_clk rise@10.000ns - sys_clk rise@0.000ns)
  Data Path Delay:        4.751ns  (logic 0.605ns (12.735%)  route 4.146ns (87.265%))
  Logic Levels:           1  (LUT1=1)
  Clock Path Skew:        -0.018ns (DCD - SCD + CPR)
    Destination Clock Delay (DCD):    4.812ns = ( 14.812 - 10.000 ) 
    Source Clock Delay      (SCD):    5.104ns
    Clock Pessimism Removal (CPR):    0.274ns
  Clock Uncertainty:      0.035ns  ((TSJ^2 + TIJ^2)^1/2 + DJ) / 2 + PE
    Total System Jitter     (TSJ):    0.071ns
    Total Input Jitter      (TIJ):    0.000ns
    Discrete Jitter          (DJ):    0.000ns
    Phase Error              (PE):    0.000ns

    Location             Delay type                Incr(ns)  Path(ns)    Netlist Resource(s)
  -------------------------------------------------------------------    -------------------
                         (clock sys_clk rise edge)    0.000     0.000 r  
    P17                                               0.000     0.000 r  clk (IN)
                         net (fo=0)                   0.000     0.000    clk
    P17                  IBUF (Prop_ibuf_I_O)         1.478     1.478 r  clk_IBUF_inst/O
                         net (fo=1, routed)           1.972     3.450    clk_IBUF
    BUFGCTRL_X0Y0        BUFG (Prop_bufg_I_O)         0.096     3.546 r  clk_IBUF_BUFG_inst/O
                         net (fo=1901, routed)        1.558     5.104    clk_IBUF_BUFG
    SLICE_X37Y15         FDCE                                         r  rstn_sync1_reg/C
  -------------------------------------------------------------------    -------------------
    SLICE_X37Y15         FDCE (Prop_fdce_C_Q)         0.456     5.560 r  rstn_sync1_reg/Q
                         net (fo=1, routed)           0.923     6.484    u_test_circuit/rstn_sync1
    SLICE_X37Y15         LUT1 (Prop_lut1_I0_O)        0.149     6.633 f  u_test_circuit/start_sync0_i_1/O
                         net (fo=291, routed)         3.222     9.855    u_test_circuit/start_sync0_i_1_n_0
    SLICE_X36Y5          FDCE                                         f  u_test_circuit/cycle_counter_reg[0]/CLR
  -------------------------------------------------------------------    -------------------

                         (clock sys_clk rise edge)   10.000    10.000 r  
    P17                                               0.000    10.000 r  clk (IN)
                         net (fo=0)                   0.000    10.000    clk
    P17                  IBUF (Prop_ibuf_I_O)         1.408    11.408 r  clk_IBUF_inst/O
                         net (fo=1, routed)           1.868    13.276    clk_IBUF
    BUFGCTRL_X0Y0        BUFG (Prop_bufg_I_O)         0.091    13.367 r  clk_IBUF_BUFG_inst/O
                         net (fo=1901, routed)        1.445    14.812    u_test_circuit/clk_IBUF_BUFG
    SLICE_X36Y5          FDCE                                         r  u_test_circuit/cycle_counter_reg[0]/C
                         clock pessimism              0.274    15.086    
                         clock uncertainty           -0.035    15.051    
    SLICE_X36Y5          FDCE (Recov_fdce_C_CLR)     -0.613    14.438    u_test_circuit/cycle_counter_reg[0]
  -------------------------------------------------------------------
                         required time                         14.438    
                         arrival time                          -9.855    
  -------------------------------------------------------------------
                         slack                                  4.583    

Slack (MET) :             4.583ns  (required time - arrival time)
  Source:                 rstn_sync1_reg/C
                            (rising edge-triggered cell FDCE clocked by sys_clk  {rise@0.000ns fall@5.000ns period=10.000ns})
  Destination:            u_test_circuit/cycle_counter_reg[1]/CLR
                            (recovery check against rising-edge clock sys_clk  {rise@0.000ns fall@5.000ns period=10.000ns})
  Path Group:             **async_default**
  Path Type:              Recovery (Max at Slow Process Corner)
  Requirement:            10.000ns  (sys_clk rise@10.000ns - sys_clk rise@0.000ns)
  Data Path Delay:        4.751ns  (logic 0.605ns (12.735%)  route 4.146ns (87.265%))
  Logic Levels:           1  (LUT1=1)
  Clock Path Skew:        -0.018ns (DCD - SCD + CPR)
    Destination Clock Delay (DCD):    4.812ns = ( 14.812 - 10.000 ) 
    Source Clock Delay      (SCD):    5.104ns
    Clock Pessimism Removal (CPR):    0.274ns
  Clock Uncertainty:      0.035ns  ((TSJ^2 + TIJ^2)^1/2 + DJ) / 2 + PE
    Total System Jitter     (TSJ):    0.071ns
    Total Input Jitter      (TIJ):    0.000ns
    Discrete Jitter          (DJ):    0.000ns
    Phase Error              (PE):    0.000ns

    Location             Delay type                Incr(ns)  Path(ns)    Netlist Resource(s)
  -------------------------------------------------------------------    -------------------
                         (clock sys_clk rise edge)    0.000     0.000 r  
    P17                                               0.000     0.000 r  clk (IN)
                         net (fo=0)                   0.000     0.000    clk
    P17                  IBUF (Prop_ibuf_I_O)         1.478     1.478 r  clk_IBUF_inst/O
                         net (fo=1, routed)           1.972     3.450    clk_IBUF
    BUFGCTRL_X0Y0        BUFG (Prop_bufg_I_O)         0.096     3.546 r  clk_IBUF_BUFG_inst/O
                         net (fo=1901, routed)        1.558     5.104    clk_IBUF_BUFG
    SLICE_X37Y15         FDCE                                         r  rstn_sync1_reg/C
  -------------------------------------------------------------------    -------------------
    SLICE_X37Y15         FDCE (Prop_fdce_C_Q)         0.456     5.560 r  rstn_sync1_reg/Q
                         net (fo=1, routed)           0.923     6.484    u_test_circuit/rstn_sync1
    SLICE_X37Y15         LUT1 (Prop_lut1_I0_O)        0.149     6.633 f  u_test_circuit/start_sync0_i_1/O
                         net (fo=291, routed)         3.222     9.855    u_test_circuit/start_sync0_i_1_n_0
    SLICE_X36Y5          FDCE                                         f  u_test_circuit/cycle_counter_reg[1]/CLR
  -------------------------------------------------------------------    -------------------

                         (clock sys_clk rise edge)   10.000    10.000 r  
    P17                                               0.000    10.000 r  clk (IN)
                         net (fo=0)                   0.000    10.000    clk
    P17                  IBUF (Prop_ibuf_I_O)         1.408    11.408 r  clk_IBUF_inst/O
                         net (fo=1, routed)           1.868    13.276    clk_IBUF
    BUFGCTRL_X0Y0        BUFG (Prop_bufg_I_O)         0.091    13.367 r  clk_IBUF_BUFG_inst/O
                         net (fo=1901, routed)        1.445    14.812    u_test_circuit/clk_IBUF_BUFG
    SLICE_X36Y5          FDCE                                         r  u_test_circuit/cycle_counter_reg[1]/C
                         clock pessimism              0.274    15.086    
                         clock uncertainty           -0.035    15.051    
    SLICE_X36Y5          FDCE (Recov_fdce_C_CLR)     -0.613    14.438    u_test_circuit/cycle_counter_reg[1]
  -------------------------------------------------------------------
                         required time                         14.438    
                         arrival time                          -9.855    
  -------------------------------------------------------------------
                         slack                                  4.583    





Min Delay Paths
--------------------------------------------------------------------------------------
Slack (MET) :             0.868ns  (arrival time - required time)
  Source:                 rstn_sync1_reg/C
                            (rising edge-triggered cell FDCE clocked by sys_clk  {rise@0.000ns fall@5.000ns period=10.000ns})
  Destination:            u_test_circuit/captured_ofmap_start_reg[8]/CLR
                            (removal check against rising-edge clock sys_clk  {rise@0.000ns fall@5.000ns period=10.000ns})
  Path Group:             **async_default**
  Path Type:              Removal (Min at Fast Process Corner)
  Requirement:            0.000ns  (sys_clk rise@0.000ns - sys_clk rise@0.000ns)
  Data Path Delay:        0.769ns  (logic 0.183ns (23.806%)  route 0.586ns (76.194%))
  Logic Levels:           1  (LUT1=1)
  Clock Path Skew:        0.035ns (DCD - SCD - CPR)
    Destination Clock Delay (DCD):    1.979ns
    Source Clock Delay      (SCD):    1.465ns
    Clock Pessimism Removal (CPR):    0.479ns

    Location             Delay type                Incr(ns)  Path(ns)    Netlist Resource(s)
  -------------------------------------------------------------------    -------------------
                         (clock sys_clk rise edge)    0.000     0.000 r  
    P17                                               0.000     0.000 r  clk (IN)
                         net (fo=0)                   0.000     0.000    clk
    P17                  IBUF (Prop_ibuf_I_O)         0.246     0.246 r  clk_IBUF_inst/O
                         net (fo=1, routed)           0.634     0.880    clk_IBUF
    BUFGCTRL_X0Y0        BUFG (Prop_bufg_I_O)         0.026     0.906 r  clk_IBUF_BUFG_inst/O
                         net (fo=1901, routed)        0.559     1.465    clk_IBUF_BUFG
    SLICE_X37Y15         FDCE                                         r  rstn_sync1_reg/C
  -------------------------------------------------------------------    -------------------
    SLICE_X37Y15         FDCE (Prop_fdce_C_Q)         0.141     1.606 r  rstn_sync1_reg/Q
                         net (fo=1, routed)           0.323     1.929    u_test_circuit/rstn_sync1
    SLICE_X37Y15         LUT1 (Prop_lut1_I0_O)        0.042     1.971 f  u_test_circuit/start_sync0_i_1/O
                         net (fo=291, routed)         0.262     2.234    u_test_circuit/start_sync0_i_1_n_0
    SLICE_X42Y14         FDCE                                         f  u_test_circuit/captured_ofmap_start_reg[8]/CLR
  -------------------------------------------------------------------    -------------------

                         (clock sys_clk rise edge)    0.000     0.000 r  
    P17                                               0.000     0.000 r  clk (IN)
                         net (fo=0)                   0.000     0.000    clk
    P17                  IBUF (Prop_ibuf_I_O)         0.434     0.434 r  clk_IBUF_inst/O
                         net (fo=1, routed)           0.689     1.123    clk_IBUF
    BUFGCTRL_X0Y0        BUFG (Prop_bufg_I_O)         0.029     1.152 r  clk_IBUF_BUFG_inst/O
                         net (fo=1901, routed)        0.828     1.979    u_test_circuit/clk_IBUF_BUFG
    SLICE_X42Y14         FDCE                                         r  u_test_circuit/captured_ofmap_start_reg[8]/C
                         clock pessimism             -0.479     1.500    
    SLICE_X42Y14         FDCE (Remov_fdce_C_CLR)     -0.134     1.366    u_test_circuit/captured_ofmap_start_reg[8]
  -------------------------------------------------------------------
                         required time                         -1.366    
                         arrival time                           2.234    
  -------------------------------------------------------------------
                         slack                                  0.868    

Slack (MET) :             0.887ns  (arrival time - required time)
  Source:                 rstn_sync1_reg/C
                            (rising edge-triggered cell FDCE clocked by sys_clk  {rise@0.000ns fall@5.000ns period=10.000ns})
  Destination:            u_test_circuit/test_mode_reg/PRE
                            (removal check against rising-edge clock sys_clk  {rise@0.000ns fall@5.000ns period=10.000ns})
  Path Group:             **async_default**
  Path Type:              Removal (Min at Fast Process Corner)
  Requirement:            0.000ns  (sys_clk rise@0.000ns - sys_clk rise@0.000ns)
  Data Path Delay:        0.761ns  (logic 0.183ns (24.060%)  route 0.578ns (75.940%))
  Logic Levels:           1  (LUT1=1)
  Clock Path Skew:        0.036ns (DCD - SCD - CPR)
    Destination Clock Delay (DCD):    1.980ns
    Source Clock Delay      (SCD):    1.465ns
    Clock Pessimism Removal (CPR):    0.479ns

    Location             Delay type                Incr(ns)  Path(ns)    Netlist Resource(s)
  -------------------------------------------------------------------    -------------------
                         (clock sys_clk rise edge)    0.000     0.000 r  
    P17                                               0.000     0.000 r  clk (IN)
                         net (fo=0)                   0.000     0.000    clk
    P17                  IBUF (Prop_ibuf_I_O)         0.246     0.246 r  clk_IBUF_inst/O
                         net (fo=1, routed)           0.634     0.880    clk_IBUF
    BUFGCTRL_X0Y0        BUFG (Prop_bufg_I_O)         0.026     0.906 r  clk_IBUF_BUFG_inst/O
                         net (fo=1901, routed)        0.559     1.465    clk_IBUF_BUFG
    SLICE_X37Y15         FDCE                                         r  rstn_sync1_reg/C
  -------------------------------------------------------------------    -------------------
    SLICE_X37Y15         FDCE (Prop_fdce_C_Q)         0.141     1.606 r  rstn_sync1_reg/Q
                         net (fo=1, routed)           0.323     1.929    u_test_circuit/rstn_sync1
    SLICE_X37Y15         LUT1 (Prop_lut1_I0_O)        0.042     1.971 f  u_test_circuit/start_sync0_i_1/O
                         net (fo=291, routed)         0.254     2.226    u_test_circuit/start_sync0_i_1_n_0
    SLICE_X44Y14         FDPE                                         f  u_test_circuit/test_mode_reg/PRE
  -------------------------------------------------------------------    -------------------

                         (clock sys_clk rise edge)    0.000     0.000 r  
    P17                                               0.000     0.000 r  clk (IN)
                         net (fo=0)                   0.000     0.000    clk
    P17                  IBUF (Prop_ibuf_I_O)         0.434     0.434 r  clk_IBUF_inst/O
                         net (fo=1, routed)           0.689     1.123    clk_IBUF
    BUFGCTRL_X0Y0        BUFG (Prop_bufg_I_O)         0.029     1.152 r  clk_IBUF_BUFG_inst/O
                         net (fo=1901, routed)        0.829     1.980    u_test_circuit/clk_IBUF_BUFG
    SLICE_X44Y14         FDPE                                         r  u_test_circuit/test_mode_reg/C
                         clock pessimism             -0.479     1.501    
    SLICE_X44Y14         FDPE (Remov_fdpe_C_PRE)     -0.162     1.339    u_test_circuit/test_mode_reg
  -------------------------------------------------------------------
                         required time                         -1.339    
                         arrival time                           2.226    
  -------------------------------------------------------------------
                         slack                                  0.887    

Slack (MET) :             0.893ns  (arrival time - required time)
  Source:                 rstn_sync1_reg/C
                            (rising edge-triggered cell FDCE clocked by sys_clk  {rise@0.000ns fall@5.000ns period=10.000ns})
  Destination:            u_test_circuit/captured_ofmap_start_reg[9]/CLR
                            (removal check against rising-edge clock sys_clk  {rise@0.000ns fall@5.000ns period=10.000ns})
  Path Group:             **async_default**
  Path Type:              Removal (Min at Fast Process Corner)
  Requirement:            0.000ns  (sys_clk rise@0.000ns - sys_clk rise@0.000ns)
  Data Path Delay:        0.769ns  (logic 0.183ns (23.806%)  route 0.586ns (76.194%))
  Logic Levels:           1  (LUT1=1)
  Clock Path Skew:        0.035ns (DCD - SCD - CPR)
    Destination Clock Delay (DCD):    1.979ns
    Source Clock Delay      (SCD):    1.465ns
    Clock Pessimism Removal (CPR):    0.479ns

    Location             Delay type                Incr(ns)  Path(ns)    Netlist Resource(s)
  -------------------------------------------------------------------    -------------------
                         (clock sys_clk rise edge)    0.000     0.000 r  
    P17                                               0.000     0.000 r  clk (IN)
                         net (fo=0)                   0.000     0.000    clk
    P17                  IBUF (Prop_ibuf_I_O)         0.246     0.246 r  clk_IBUF_inst/O
                         net (fo=1, routed)           0.634     0.880    clk_IBUF
    BUFGCTRL_X0Y0        BUFG (Prop_bufg_I_O)         0.026     0.906 r  clk_IBUF_BUFG_inst/O
                         net (fo=1901, routed)        0.559     1.465    clk_IBUF_BUFG
    SLICE_X37Y15         FDCE                                         r  rstn_sync1_reg/C
  -------------------------------------------------------------------    -------------------
    SLICE_X37Y15         FDCE (Prop_fdce_C_Q)         0.141     1.606 r  rstn_sync1_reg/Q
                         net (fo=1, routed)           0.323     1.929    u_test_circuit/rstn_sync1
    SLICE_X37Y15         LUT1 (Prop_lut1_I0_O)        0.042     1.971 f  u_test_circuit/start_sync0_i_1/O
                         net (fo=291, routed)         0.262     2.234    u_test_circuit/start_sync0_i_1_n_0
    SLICE_X43Y14         FDCE                                         f  u_test_circuit/captured_ofmap_start_reg[9]/CLR
  -------------------------------------------------------------------    -------------------

                         (clock sys_clk rise edge)    0.000     0.000 r  
    P17                                               0.000     0.000 r  clk (IN)
                         net (fo=0)                   0.000     0.000    clk
    P17                  IBUF (Prop_ibuf_I_O)         0.434     0.434 r  clk_IBUF_inst/O
                         net (fo=1, routed)           0.689     1.123    clk_IBUF
    BUFGCTRL_X0Y0        BUFG (Prop_bufg_I_O)         0.029     1.152 r  clk_IBUF_BUFG_inst/O
                         net (fo=1901, routed)        0.828     1.979    u_test_circuit/clk_IBUF_BUFG
    SLICE_X43Y14         FDCE                                         r  u_test_circuit/captured_ofmap_start_reg[9]/C
                         clock pessimism             -0.479     1.500    
    SLICE_X43Y14         FDCE (Remov_fdce_C_CLR)     -0.159     1.341    u_test_circuit/captured_ofmap_start_reg[9]
  -------------------------------------------------------------------
                         required time                         -1.341    
                         arrival time                           2.234    
  -------------------------------------------------------------------
                         slack                                  0.893    

Slack (MET) :             0.901ns  (arrival time - required time)
  Source:                 rstn_sync1_reg/C
                            (rising edge-triggered cell FDCE clocked by sys_clk  {rise@0.000ns fall@5.000ns period=10.000ns})
  Destination:            u_test_circuit/sys_rstn_reg/CLR
                            (removal check against rising-edge clock sys_clk  {rise@0.000ns fall@5.000ns period=10.000ns})
  Path Group:             **async_default**
  Path Type:              Removal (Min at Fast Process Corner)
  Requirement:            0.000ns  (sys_clk rise@0.000ns - sys_clk rise@0.000ns)
  Data Path Delay:        0.777ns  (logic 0.183ns (23.563%)  route 0.594ns (76.437%))
  Logic Levels:           1  (LUT1=1)
  Clock Path Skew:        0.035ns (DCD - SCD - CPR)
    Destination Clock Delay (DCD):    1.979ns
    Source Clock Delay      (SCD):    1.465ns
    Clock Pessimism Removal (CPR):    0.479ns

    Location             Delay type                Incr(ns)  Path(ns)    Netlist Resource(s)
  -------------------------------------------------------------------    -------------------
                         (clock sys_clk rise edge)    0.000     0.000 r  
    P17                                               0.000     0.000 r  clk (IN)
                         net (fo=0)                   0.000     0.000    clk
    P17                  IBUF (Prop_ibuf_I_O)         0.246     0.246 r  clk_IBUF_inst/O
                         net (fo=1, routed)           0.634     0.880    clk_IBUF
    BUFGCTRL_X0Y0        BUFG (Prop_bufg_I_O)         0.026     0.906 r  clk_IBUF_BUFG_inst/O
                         net (fo=1901, routed)        0.559     1.465    clk_IBUF_BUFG
    SLICE_X37Y15         FDCE                                         r  rstn_sync1_reg/C
  -------------------------------------------------------------------    -------------------
    SLICE_X37Y15         FDCE (Prop_fdce_C_Q)         0.141     1.606 r  rstn_sync1_reg/Q
                         net (fo=1, routed)           0.323     1.929    u_test_circuit/rstn_sync1
    SLICE_X37Y15         LUT1 (Prop_lut1_I0_O)        0.042     1.971 f  u_test_circuit/start_sync0_i_1/O
                         net (fo=291, routed)         0.270     2.242    u_test_circuit/start_sync0_i_1_n_0
    SLICE_X40Y13         FDCE                                         f  u_test_circuit/sys_rstn_reg/CLR
  -------------------------------------------------------------------    -------------------

                         (clock sys_clk rise edge)    0.000     0.000 r  
    P17                                               0.000     0.000 r  clk (IN)
                         net (fo=0)                   0.000     0.000    clk
    P17                  IBUF (Prop_ibuf_I_O)         0.434     0.434 r  clk_IBUF_inst/O
                         net (fo=1, routed)           0.689     1.123    clk_IBUF
    BUFGCTRL_X0Y0        BUFG (Prop_bufg_I_O)         0.029     1.152 r  clk_IBUF_BUFG_inst/O
                         net (fo=1901, routed)        0.828     1.979    u_test_circuit/clk_IBUF_BUFG
    SLICE_X40Y13         FDCE                                         r  u_test_circuit/sys_rstn_reg/C
                         clock pessimism             -0.479     1.500    
    SLICE_X40Y13         FDCE (Remov_fdce_C_CLR)     -0.159     1.341    u_test_circuit/sys_rstn_reg
  -------------------------------------------------------------------
                         required time                         -1.341    
                         arrival time                           2.242    
  -------------------------------------------------------------------
                         slack                                  0.901    

Slack (MET) :             0.951ns  (arrival time - required time)
  Source:                 rstn_sync1_reg/C
                            (rising edge-triggered cell FDCE clocked by sys_clk  {rise@0.000ns fall@5.000ns period=10.000ns})
  Destination:            u_test_circuit/captured_ofmap_start_reg[4]/CLR
                            (removal check against rising-edge clock sys_clk  {rise@0.000ns fall@5.000ns period=10.000ns})
  Path Group:             **async_default**
  Path Type:              Removal (Min at Fast Process Corner)
  Requirement:            0.000ns  (sys_clk rise@0.000ns - sys_clk rise@0.000ns)
  Data Path Delay:        0.852ns  (logic 0.183ns (21.472%)  route 0.669ns (78.528%))
  Logic Levels:           1  (LUT1=1)
  Clock Path Skew:        0.035ns (DCD - SCD - CPR)
    Destination Clock Delay (DCD):    1.979ns
    Source Clock Delay      (SCD):    1.465ns
    Clock Pessimism Removal (CPR):    0.479ns

    Location             Delay type                Incr(ns)  Path(ns)    Netlist Resource(s)
  -------------------------------------------------------------------    -------------------
                         (clock sys_clk rise edge)    0.000     0.000 r  
    P17                                               0.000     0.000 r  clk (IN)
                         net (fo=0)                   0.000     0.000    clk
    P17                  IBUF (Prop_ibuf_I_O)         0.246     0.246 r  clk_IBUF_inst/O
                         net (fo=1, routed)           0.634     0.880    clk_IBUF
    BUFGCTRL_X0Y0        BUFG (Prop_bufg_I_O)         0.026     0.906 r  clk_IBUF_BUFG_inst/O
                         net (fo=1901, routed)        0.559     1.465    clk_IBUF_BUFG
    SLICE_X37Y15         FDCE                                         r  rstn_sync1_reg/C
  -------------------------------------------------------------------    -------------------
    SLICE_X37Y15         FDCE (Prop_fdce_C_Q)         0.141     1.606 r  rstn_sync1_reg/Q
                         net (fo=1, routed)           0.323     1.929    u_test_circuit/rstn_sync1
    SLICE_X37Y15         LUT1 (Prop_lut1_I0_O)        0.042     1.971 f  u_test_circuit/start_sync0_i_1/O
                         net (fo=291, routed)         0.346     2.317    u_test_circuit/start_sync0_i_1_n_0
    SLICE_X42Y13         FDCE                                         f  u_test_circuit/captured_ofmap_start_reg[4]/CLR
  -------------------------------------------------------------------    -------------------

                         (clock sys_clk rise edge)    0.000     0.000 r  
    P17                                               0.000     0.000 r  clk (IN)
                         net (fo=0)                   0.000     0.000    clk
    P17                  IBUF (Prop_ibuf_I_O)         0.434     0.434 r  clk_IBUF_inst/O
                         net (fo=1, routed)           0.689     1.123    clk_IBUF
    BUFGCTRL_X0Y0        BUFG (Prop_bufg_I_O)         0.029     1.152 r  clk_IBUF_BUFG_inst/O
                         net (fo=1901, routed)        0.828     1.979    u_test_circuit/clk_IBUF_BUFG
    SLICE_X42Y13         FDCE                                         r  u_test_circuit/captured_ofmap_start_reg[4]/C
                         clock pessimism             -0.479     1.500    
    SLICE_X42Y13         FDCE (Remov_fdce_C_CLR)     -0.134     1.366    u_test_circuit/captured_ofmap_start_reg[4]
  -------------------------------------------------------------------
                         required time                         -1.366    
                         arrival time                           2.317    
  -------------------------------------------------------------------
                         slack                                  0.951    

Slack (MET) :             0.951ns  (arrival time - required time)
  Source:                 rstn_sync1_reg/C
                            (rising edge-triggered cell FDCE clocked by sys_clk  {rise@0.000ns fall@5.000ns period=10.000ns})
  Destination:            u_test_circuit/captured_ofmap_start_reg[5]/CLR
                            (removal check against rising-edge clock sys_clk  {rise@0.000ns fall@5.000ns period=10.000ns})
  Path Group:             **async_default**
  Path Type:              Removal (Min at Fast Process Corner)
  Requirement:            0.000ns  (sys_clk rise@0.000ns - sys_clk rise@0.000ns)
  Data Path Delay:        0.852ns  (logic 0.183ns (21.472%)  route 0.669ns (78.528%))
  Logic Levels:           1  (LUT1=1)
  Clock Path Skew:        0.035ns (DCD - SCD - CPR)
    Destination Clock Delay (DCD):    1.979ns
    Source Clock Delay      (SCD):    1.465ns
    Clock Pessimism Removal (CPR):    0.479ns

    Location             Delay type                Incr(ns)  Path(ns)    Netlist Resource(s)
  -------------------------------------------------------------------    -------------------
                         (clock sys_clk rise edge)    0.000     0.000 r  
    P17                                               0.000     0.000 r  clk (IN)
                         net (fo=0)                   0.000     0.000    clk
    P17                  IBUF (Prop_ibuf_I_O)         0.246     0.246 r  clk_IBUF_inst/O
                         net (fo=1, routed)           0.634     0.880    clk_IBUF
    BUFGCTRL_X0Y0        BUFG (Prop_bufg_I_O)         0.026     0.906 r  clk_IBUF_BUFG_inst/O
                         net (fo=1901, routed)        0.559     1.465    clk_IBUF_BUFG
    SLICE_X37Y15         FDCE                                         r  rstn_sync1_reg/C
  -------------------------------------------------------------------    -------------------
    SLICE_X37Y15         FDCE (Prop_fdce_C_Q)         0.141     1.606 r  rstn_sync1_reg/Q
                         net (fo=1, routed)           0.323     1.929    u_test_circuit/rstn_sync1
    SLICE_X37Y15         LUT1 (Prop_lut1_I0_O)        0.042     1.971 f  u_test_circuit/start_sync0_i_1/O
                         net (fo=291, routed)         0.346     2.317    u_test_circuit/start_sync0_i_1_n_0
    SLICE_X42Y13         FDCE                                         f  u_test_circuit/captured_ofmap_start_reg[5]/CLR
  -------------------------------------------------------------------    -------------------

                         (clock sys_clk rise edge)    0.000     0.000 r  
    P17                                               0.000     0.000 r  clk (IN)
                         net (fo=0)                   0.000     0.000    clk
    P17                  IBUF (Prop_ibuf_I_O)         0.434     0.434 r  clk_IBUF_inst/O
                         net (fo=1, routed)           0.689     1.123    clk_IBUF
    BUFGCTRL_X0Y0        BUFG (Prop_bufg_I_O)         0.029     1.152 r  clk_IBUF_BUFG_inst/O
                         net (fo=1901, routed)        0.828     1.979    u_test_circuit/clk_IBUF_BUFG
    SLICE_X42Y13         FDCE                                         r  u_test_circuit/captured_ofmap_start_reg[5]/C
                         clock pessimism             -0.479     1.500    
    SLICE_X42Y13         FDCE (Remov_fdce_C_CLR)     -0.134     1.366    u_test_circuit/captured_ofmap_start_reg[5]
  -------------------------------------------------------------------
                         required time                         -1.366    
                         arrival time                           2.317    
  -------------------------------------------------------------------
                         slack                                  0.951    

Slack (MET) :             0.951ns  (arrival time - required time)
  Source:                 rstn_sync1_reg/C
                            (rising edge-triggered cell FDCE clocked by sys_clk  {rise@0.000ns fall@5.000ns period=10.000ns})
  Destination:            u_test_circuit/captured_ofmap_start_reg[6]/CLR
                            (removal check against rising-edge clock sys_clk  {rise@0.000ns fall@5.000ns period=10.000ns})
  Path Group:             **async_default**
  Path Type:              Removal (Min at Fast Process Corner)
  Requirement:            0.000ns  (sys_clk rise@0.000ns - sys_clk rise@0.000ns)
  Data Path Delay:        0.852ns  (logic 0.183ns (21.472%)  route 0.669ns (78.528%))
  Logic Levels:           1  (LUT1=1)
  Clock Path Skew:        0.035ns (DCD - SCD - CPR)
    Destination Clock Delay (DCD):    1.979ns
    Source Clock Delay      (SCD):    1.465ns
    Clock Pessimism Removal (CPR):    0.479ns

    Location             Delay type                Incr(ns)  Path(ns)    Netlist Resource(s)
  -------------------------------------------------------------------    -------------------
                         (clock sys_clk rise edge)    0.000     0.000 r  
    P17                                               0.000     0.000 r  clk (IN)
                         net (fo=0)                   0.000     0.000    clk
    P17                  IBUF (Prop_ibuf_I_O)         0.246     0.246 r  clk_IBUF_inst/O
                         net (fo=1, routed)           0.634     0.880    clk_IBUF
    BUFGCTRL_X0Y0        BUFG (Prop_bufg_I_O)         0.026     0.906 r  clk_IBUF_BUFG_inst/O
                         net (fo=1901, routed)        0.559     1.465    clk_IBUF_BUFG
    SLICE_X37Y15         FDCE                                         r  rstn_sync1_reg/C
  -------------------------------------------------------------------    -------------------
    SLICE_X37Y15         FDCE (Prop_fdce_C_Q)         0.141     1.606 r  rstn_sync1_reg/Q
                         net (fo=1, routed)           0.323     1.929    u_test_circuit/rstn_sync1
    SLICE_X37Y15         LUT1 (Prop_lut1_I0_O)        0.042     1.971 f  u_test_circuit/start_sync0_i_1/O
                         net (fo=291, routed)         0.346     2.317    u_test_circuit/start_sync0_i_1_n_0
    SLICE_X42Y13         FDCE                                         f  u_test_circuit/captured_ofmap_start_reg[6]/CLR
  -------------------------------------------------------------------    -------------------

                         (clock sys_clk rise edge)    0.000     0.000 r  
    P17                                               0.000     0.000 r  clk (IN)
                         net (fo=0)                   0.000     0.000    clk
    P17                  IBUF (Prop_ibuf_I_O)         0.434     0.434 r  clk_IBUF_inst/O
                         net (fo=1, routed)           0.689     1.123    clk_IBUF
    BUFGCTRL_X0Y0        BUFG (Prop_bufg_I_O)         0.029     1.152 r  clk_IBUF_BUFG_inst/O
                         net (fo=1901, routed)        0.828     1.979    u_test_circuit/clk_IBUF_BUFG
    SLICE_X42Y13         FDCE                                         r  u_test_circuit/captured_ofmap_start_reg[6]/C
                         clock pessimism             -0.479     1.500    
    SLICE_X42Y13         FDCE (Remov_fdce_C_CLR)     -0.134     1.366    u_test_circuit/captured_ofmap_start_reg[6]
  -------------------------------------------------------------------
                         required time                         -1.366    
                         arrival time                           2.317    
  -------------------------------------------------------------------
                         slack                                  0.951    

Slack (MET) :             0.976ns  (arrival time - required time)
  Source:                 rstn_sync1_reg/C
                            (rising edge-triggered cell FDCE clocked by sys_clk  {rise@0.000ns fall@5.000ns period=10.000ns})
  Destination:            u_test_circuit/captured_ofmap_start_reg[0]/CLR
                            (removal check against rising-edge clock sys_clk  {rise@0.000ns fall@5.000ns period=10.000ns})
  Path Group:             **async_default**
  Path Type:              Removal (Min at Fast Process Corner)
  Requirement:            0.000ns  (sys_clk rise@0.000ns - sys_clk rise@0.000ns)
  Data Path Delay:        0.852ns  (logic 0.183ns (21.472%)  route 0.669ns (78.528%))
  Logic Levels:           1  (LUT1=1)
  Clock Path Skew:        0.035ns (DCD - SCD - CPR)
    Destination Clock Delay (DCD):    1.979ns
    Source Clock Delay      (SCD):    1.465ns
    Clock Pessimism Removal (CPR):    0.479ns

    Location             Delay type                Incr(ns)  Path(ns)    Netlist Resource(s)
  -------------------------------------------------------------------    -------------------
                         (clock sys_clk rise edge)    0.000     0.000 r  
    P17                                               0.000     0.000 r  clk (IN)
                         net (fo=0)                   0.000     0.000    clk
    P17                  IBUF (Prop_ibuf_I_O)         0.246     0.246 r  clk_IBUF_inst/O
                         net (fo=1, routed)           0.634     0.880    clk_IBUF
    BUFGCTRL_X0Y0        BUFG (Prop_bufg_I_O)         0.026     0.906 r  clk_IBUF_BUFG_inst/O
                         net (fo=1901, routed)        0.559     1.465    clk_IBUF_BUFG
    SLICE_X37Y15         FDCE                                         r  rstn_sync1_reg/C
  -------------------------------------------------------------------    -------------------
    SLICE_X37Y15         FDCE (Prop_fdce_C_Q)         0.141     1.606 r  rstn_sync1_reg/Q
                         net (fo=1, routed)           0.323     1.929    u_test_circuit/rstn_sync1
    SLICE_X37Y15         LUT1 (Prop_lut1_I0_O)        0.042     1.971 f  u_test_circuit/start_sync0_i_1/O
                         net (fo=291, routed)         0.346     2.317    u_test_circuit/start_sync0_i_1_n_0
    SLICE_X43Y13         FDCE                                         f  u_test_circuit/captured_ofmap_start_reg[0]/CLR
  -------------------------------------------------------------------    -------------------

                         (clock sys_clk rise edge)    0.000     0.000 r  
    P17                                               0.000     0.000 r  clk (IN)
                         net (fo=0)                   0.000     0.000    clk
    P17                  IBUF (Prop_ibuf_I_O)         0.434     0.434 r  clk_IBUF_inst/O
                         net (fo=1, routed)           0.689     1.123    clk_IBUF
    BUFGCTRL_X0Y0        BUFG (Prop_bufg_I_O)         0.029     1.152 r  clk_IBUF_BUFG_inst/O
                         net (fo=1901, routed)        0.828     1.979    u_test_circuit/clk_IBUF_BUFG
    SLICE_X43Y13         FDCE                                         r  u_test_circuit/captured_ofmap_start_reg[0]/C
                         clock pessimism             -0.479     1.500    
    SLICE_X43Y13         FDCE (Remov_fdce_C_CLR)     -0.159     1.341    u_test_circuit/captured_ofmap_start_reg[0]
  -------------------------------------------------------------------
                         required time                         -1.341    
                         arrival time                           2.317    
  -------------------------------------------------------------------
                         slack                                  0.976    

Slack (MET) :             0.976ns  (arrival time - required time)
  Source:                 rstn_sync1_reg/C
                            (rising edge-triggered cell FDCE clocked by sys_clk  {rise@0.000ns fall@5.000ns period=10.000ns})
  Destination:            u_test_circuit/captured_ofmap_start_reg[3]/CLR
                            (removal check against rising-edge clock sys_clk  {rise@0.000ns fall@5.000ns period=10.000ns})
  Path Group:             **async_default**
  Path Type:              Removal (Min at Fast Process Corner)
  Requirement:            0.000ns  (sys_clk rise@0.000ns - sys_clk rise@0.000ns)
  Data Path Delay:        0.852ns  (logic 0.183ns (21.472%)  route 0.669ns (78.528%))
  Logic Levels:           1  (LUT1=1)
  Clock Path Skew:        0.035ns (DCD - SCD - CPR)
    Destination Clock Delay (DCD):    1.979ns
    Source Clock Delay      (SCD):    1.465ns
    Clock Pessimism Removal (CPR):    0.479ns

    Location             Delay type                Incr(ns)  Path(ns)    Netlist Resource(s)
  -------------------------------------------------------------------    -------------------
                         (clock sys_clk rise edge)    0.000     0.000 r  
    P17                                               0.000     0.000 r  clk (IN)
                         net (fo=0)                   0.000     0.000    clk
    P17                  IBUF (Prop_ibuf_I_O)         0.246     0.246 r  clk_IBUF_inst/O
                         net (fo=1, routed)           0.634     0.880    clk_IBUF
    BUFGCTRL_X0Y0        BUFG (Prop_bufg_I_O)         0.026     0.906 r  clk_IBUF_BUFG_inst/O
                         net (fo=1901, routed)        0.559     1.465    clk_IBUF_BUFG
    SLICE_X37Y15         FDCE                                         r  rstn_sync1_reg/C
  -------------------------------------------------------------------    -------------------
    SLICE_X37Y15         FDCE (Prop_fdce_C_Q)         0.141     1.606 r  rstn_sync1_reg/Q
                         net (fo=1, routed)           0.323     1.929    u_test_circuit/rstn_sync1
    SLICE_X37Y15         LUT1 (Prop_lut1_I0_O)        0.042     1.971 f  u_test_circuit/start_sync0_i_1/O
                         net (fo=291, routed)         0.346     2.317    u_test_circuit/start_sync0_i_1_n_0
    SLICE_X43Y13         FDCE                                         f  u_test_circuit/captured_ofmap_start_reg[3]/CLR
  -------------------------------------------------------------------    -------------------

                         (clock sys_clk rise edge)    0.000     0.000 r  
    P17                                               0.000     0.000 r  clk (IN)
                         net (fo=0)                   0.000     0.000    clk
    P17                  IBUF (Prop_ibuf_I_O)         0.434     0.434 r  clk_IBUF_inst/O
                         net (fo=1, routed)           0.689     1.123    clk_IBUF
    BUFGCTRL_X0Y0        BUFG (Prop_bufg_I_O)         0.029     1.152 r  clk_IBUF_BUFG_inst/O
                         net (fo=1901, routed)        0.828     1.979    u_test_circuit/clk_IBUF_BUFG
    SLICE_X43Y13         FDCE                                         r  u_test_circuit/captured_ofmap_start_reg[3]/C
                         clock pessimism             -0.479     1.500    
    SLICE_X43Y13         FDCE (Remov_fdce_C_CLR)     -0.159     1.341    u_test_circuit/captured_ofmap_start_reg[3]
  -------------------------------------------------------------------
                         required time                         -1.341    
                         arrival time                           2.317    
  -------------------------------------------------------------------
                         slack                                  0.976    

Slack (MET) :             0.976ns  (arrival time - required time)
  Source:                 rstn_sync1_reg/C
                            (rising edge-triggered cell FDCE clocked by sys_clk  {rise@0.000ns fall@5.000ns period=10.000ns})
  Destination:            u_test_circuit/captured_ofmap_start_reg[7]/CLR
                            (removal check against rising-edge clock sys_clk  {rise@0.000ns fall@5.000ns period=10.000ns})
  Path Group:             **async_default**
  Path Type:              Removal (Min at Fast Process Corner)
  Requirement:            0.000ns  (sys_clk rise@0.000ns - sys_clk rise@0.000ns)
  Data Path Delay:        0.852ns  (logic 0.183ns (21.472%)  route 0.669ns (78.528%))
  Logic Levels:           1  (LUT1=1)
  Clock Path Skew:        0.035ns (DCD - SCD - CPR)
    Destination Clock Delay (DCD):    1.979ns
    Source Clock Delay      (SCD):    1.465ns
    Clock Pessimism Removal (CPR):    0.479ns

    Location             Delay type                Incr(ns)  Path(ns)    Netlist Resource(s)
  -------------------------------------------------------------------    -------------------
                         (clock sys_clk rise edge)    0.000     0.000 r  
    P17                                               0.000     0.000 r  clk (IN)
                         net (fo=0)                   0.000     0.000    clk
    P17                  IBUF (Prop_ibuf_I_O)         0.246     0.246 r  clk_IBUF_inst/O
                         net (fo=1, routed)           0.634     0.880    clk_IBUF
    BUFGCTRL_X0Y0        BUFG (Prop_bufg_I_O)         0.026     0.906 r  clk_IBUF_BUFG_inst/O
                         net (fo=1901, routed)        0.559     1.465    clk_IBUF_BUFG
    SLICE_X37Y15         FDCE                                         r  rstn_sync1_reg/C
  -------------------------------------------------------------------    -------------------
    SLICE_X37Y15         FDCE (Prop_fdce_C_Q)         0.141     1.606 r  rstn_sync1_reg/Q
                         net (fo=1, routed)           0.323     1.929    u_test_circuit/rstn_sync1
    SLICE_X37Y15         LUT1 (Prop_lut1_I0_O)        0.042     1.971 f  u_test_circuit/start_sync0_i_1/O
                         net (fo=291, routed)         0.346     2.317    u_test_circuit/start_sync0_i_1_n_0
    SLICE_X43Y13         FDCE                                         f  u_test_circuit/captured_ofmap_start_reg[7]/CLR
  -------------------------------------------------------------------    -------------------

                         (clock sys_clk rise edge)    0.000     0.000 r  
    P17                                               0.000     0.000 r  clk (IN)
                         net (fo=0)                   0.000     0.000    clk
    P17                  IBUF (Prop_ibuf_I_O)         0.434     0.434 r  clk_IBUF_inst/O
                         net (fo=1, routed)           0.689     1.123    clk_IBUF
    BUFGCTRL_X0Y0        BUFG (Prop_bufg_I_O)         0.029     1.152 r  clk_IBUF_BUFG_inst/O
                         net (fo=1901, routed)        0.828     1.979    u_test_circuit/clk_IBUF_BUFG
    SLICE_X43Y13         FDCE                                         r  u_test_circuit/captured_ofmap_start_reg[7]/C
                         clock pessimism             -0.479     1.500    
    SLICE_X43Y13         FDCE (Remov_fdce_C_CLR)     -0.159     1.341    u_test_circuit/captured_ofmap_start_reg[7]
  -------------------------------------------------------------------
                         required time                         -1.341    
                         arrival time                           2.317    
  -------------------------------------------------------------------
                         slack                                  0.976    





--------------------------------------------------------------------------------------
Path Group:  (none)
From Clock:  sys_clk
  To Clock:  

Max Delay            11 Endpoints
Min Delay            11 Endpoints
--------------------------------------------------------------------------------------


Max Delay Paths
--------------------------------------------------------------------------------------
Slack:                    inf
  Source:                 u_test_circuit/seven_seg_reg[6]/C
                            (rising edge-triggered cell FDCE clocked by sys_clk  {rise@0.000ns fall@5.000ns period=10.000ns})
  Destination:            seven_seg[6]
                            (output port)
  Path Group:             (none)
  Path Type:              Max at Slow Process Corner
  Data Path Delay:        8.570ns  (logic 4.157ns (48.505%)  route 4.413ns (51.495%))
  Logic Levels:           1  (OBUF=1)
  Clock Uncertainty:      0.025ns  ((TSJ^2 + TIJ^2)^1/2 + DJ) / 2 + PE
    Total System Jitter     (TSJ):    0.050ns
    Total Input Jitter      (TIJ):    0.000ns
    Discrete Jitter          (DJ):    0.000ns
    Phase Error              (PE):    0.000ns

    Location             Delay type                Incr(ns)  Path(ns)    Netlist Resource(s)
  -------------------------------------------------------------------    -------------------
                         (clock sys_clk rise edge)    0.000     0.000 r  
    P17                                               0.000     0.000 r  clk (IN)
                         net (fo=0)                   0.000     0.000    clk
    P17                  IBUF (Prop_ibuf_I_O)         1.478     1.478 r  clk_IBUF_inst/O
                         net (fo=1, routed)           1.972     3.450    clk_IBUF
    BUFGCTRL_X0Y0        BUFG (Prop_bufg_I_O)         0.096     3.546 r  clk_IBUF_BUFG_inst/O
                         net (fo=1901, routed)        1.570     5.116    u_test_circuit/clk_IBUF_BUFG
    SLICE_X55Y8          FDCE                                         r  u_test_circuit/seven_seg_reg[6]/C
  -------------------------------------------------------------------    -------------------
    SLICE_X55Y8          FDCE (Prop_fdce_C_Q)         0.419     5.535 r  u_test_circuit/seven_seg_reg[6]/Q
                         net (fo=1, routed)           4.413     9.948    seven_seg_OBUF[6]
    B4                   OBUF (Prop_obuf_I_O)         3.738    13.686 r  seven_seg_OBUF[6]_inst/O
                         net (fo=0)                   0.000    13.686    seven_seg[6]
    B4                                                                r  seven_seg[6] (OUT)
  -------------------------------------------------------------------    -------------------

Slack:                    inf
  Source:                 u_test_circuit/seven_seg_reg[5]/C
                            (rising edge-triggered cell FDCE clocked by sys_clk  {rise@0.000ns fall@5.000ns period=10.000ns})
  Destination:            seven_seg[5]
                            (output port)
  Path Group:             (none)
  Path Type:              Max at Slow Process Corner
  Data Path Delay:        8.503ns  (logic 4.079ns (47.969%)  route 4.424ns (52.031%))
  Logic Levels:           1  (OBUF=1)
  Clock Uncertainty:      0.025ns  ((TSJ^2 + TIJ^2)^1/2 + DJ) / 2 + PE
    Total System Jitter     (TSJ):    0.050ns
    Total Input Jitter      (TIJ):    0.000ns
    Discrete Jitter          (DJ):    0.000ns
    Phase Error              (PE):    0.000ns

    Location             Delay type                Incr(ns)  Path(ns)    Netlist Resource(s)
  -------------------------------------------------------------------    -------------------
                         (clock sys_clk rise edge)    0.000     0.000 r  
    P17                                               0.000     0.000 r  clk (IN)
                         net (fo=0)                   0.000     0.000    clk
    P17                  IBUF (Prop_ibuf_I_O)         1.478     1.478 r  clk_IBUF_inst/O
                         net (fo=1, routed)           1.972     3.450    clk_IBUF
    BUFGCTRL_X0Y0        BUFG (Prop_bufg_I_O)         0.096     3.546 r  clk_IBUF_BUFG_inst/O
                         net (fo=1901, routed)        1.569     5.115    u_test_circuit/clk_IBUF_BUFG
    SLICE_X56Y10         FDCE                                         r  u_test_circuit/seven_seg_reg[5]/C
  -------------------------------------------------------------------    -------------------
    SLICE_X56Y10         FDCE (Prop_fdce_C_Q)         0.518     5.633 r  u_test_circuit/seven_seg_reg[5]/Q
                         net (fo=1, routed)           4.424    10.057    seven_seg_OBUF[5]
    A4                   OBUF (Prop_obuf_I_O)         3.561    13.618 r  seven_seg_OBUF[5]_inst/O
                         net (fo=0)                   0.000    13.618    seven_seg[5]
    A4                                                                r  seven_seg[5] (OUT)
  -------------------------------------------------------------------    -------------------

Slack:                    inf
  Source:                 u_test_circuit/seven_seg_reg[3]/C
                            (rising edge-triggered cell FDCE clocked by sys_clk  {rise@0.000ns fall@5.000ns period=10.000ns})
  Destination:            seven_seg[3]
                            (output port)
  Path Group:             (none)
  Path Type:              Max at Slow Process Corner
  Data Path Delay:        8.424ns  (logic 4.015ns (47.665%)  route 4.408ns (52.335%))
  Logic Levels:           1  (OBUF=1)
  Clock Uncertainty:      0.025ns  ((TSJ^2 + TIJ^2)^1/2 + DJ) / 2 + PE
    Total System Jitter     (TSJ):    0.050ns
    Total Input Jitter      (TIJ):    0.000ns
    Discrete Jitter          (DJ):    0.000ns
    Phase Error              (PE):    0.000ns

    Location             Delay type                Incr(ns)  Path(ns)    Netlist Resource(s)
  -------------------------------------------------------------------    -------------------
                         (clock sys_clk rise edge)    0.000     0.000 r  
    P17                                               0.000     0.000 r  clk (IN)
                         net (fo=0)                   0.000     0.000    clk
    P17                  IBUF (Prop_ibuf_I_O)         1.478     1.478 r  clk_IBUF_inst/O
                         net (fo=1, routed)           1.972     3.450    clk_IBUF
    BUFGCTRL_X0Y0        BUFG (Prop_bufg_I_O)         0.096     3.546 r  clk_IBUF_BUFG_inst/O
                         net (fo=1901, routed)        1.568     5.114    u_test_circuit/clk_IBUF_BUFG
    SLICE_X55Y11         FDCE                                         r  u_test_circuit/seven_seg_reg[3]/C
  -------------------------------------------------------------------    -------------------
    SLICE_X55Y11         FDCE (Prop_fdce_C_Q)         0.456     5.570 r  u_test_circuit/seven_seg_reg[3]/Q
                         net (fo=1, routed)           4.408     9.979    seven_seg_OBUF[3]
    B1                   OBUF (Prop_obuf_I_O)         3.559    13.538 r  seven_seg_OBUF[3]_inst/O
                         net (fo=0)                   0.000    13.538    seven_seg[3]
    B1                                                                r  seven_seg[3] (OUT)
  -------------------------------------------------------------------    -------------------

Slack:                    inf
  Source:                 u_test_circuit/seven_seg_reg[2]/C
                            (rising edge-triggered cell FDCE clocked by sys_clk  {rise@0.000ns fall@5.000ns period=10.000ns})
  Destination:            seven_seg[2]
                            (output port)
  Path Group:             (none)
  Path Type:              Max at Slow Process Corner
  Data Path Delay:        8.284ns  (logic 4.016ns (48.483%)  route 4.268ns (51.517%))
  Logic Levels:           1  (OBUF=1)
  Clock Uncertainty:      0.025ns  ((TSJ^2 + TIJ^2)^1/2 + DJ) / 2 + PE
    Total System Jitter     (TSJ):    0.050ns
    Total Input Jitter      (TIJ):    0.000ns
    Discrete Jitter          (DJ):    0.000ns
    Phase Error              (PE):    0.000ns

    Location             Delay type                Incr(ns)  Path(ns)    Netlist Resource(s)
  -------------------------------------------------------------------    -------------------
                         (clock sys_clk rise edge)    0.000     0.000 r  
    P17                                               0.000     0.000 r  clk (IN)
                         net (fo=0)                   0.000     0.000    clk
    P17                  IBUF (Prop_ibuf_I_O)         1.478     1.478 r  clk_IBUF_inst/O
                         net (fo=1, routed)           1.972     3.450    clk_IBUF
    BUFGCTRL_X0Y0        BUFG (Prop_bufg_I_O)         0.096     3.546 r  clk_IBUF_BUFG_inst/O
                         net (fo=1901, routed)        1.568     5.114    u_test_circuit/clk_IBUF_BUFG
    SLICE_X55Y11         FDCE                                         r  u_test_circuit/seven_seg_reg[2]/C
  -------------------------------------------------------------------    -------------------
    SLICE_X55Y11         FDCE (Prop_fdce_C_Q)         0.456     5.570 r  u_test_circuit/seven_seg_reg[2]/Q
                         net (fo=1, routed)           4.268     9.838    seven_seg_OBUF[2]
    A1                   OBUF (Prop_obuf_I_O)         3.560    13.398 r  seven_seg_OBUF[2]_inst/O
                         net (fo=0)                   0.000    13.398    seven_seg[2]
    A1                                                                r  seven_seg[2] (OUT)
  -------------------------------------------------------------------    -------------------

Slack:                    inf
  Source:                 u_test_circuit/seven_seg_reg[1]/C
                            (rising edge-triggered cell FDCE clocked by sys_clk  {rise@0.000ns fall@5.000ns period=10.000ns})
  Destination:            seven_seg[1]
                            (output port)
  Path Group:             (none)
  Path Type:              Max at Slow Process Corner
  Data Path Delay:        8.248ns  (logic 4.021ns (48.752%)  route 4.227ns (51.248%))
  Logic Levels:           1  (OBUF=1)
  Clock Uncertainty:      0.025ns  ((TSJ^2 + TIJ^2)^1/2 + DJ) / 2 + PE
    Total System Jitter     (TSJ):    0.050ns
    Total Input Jitter      (TIJ):    0.000ns
    Discrete Jitter          (DJ):    0.000ns
    Phase Error              (PE):    0.000ns

    Location             Delay type                Incr(ns)  Path(ns)    Netlist Resource(s)
  -------------------------------------------------------------------    -------------------
                         (clock sys_clk rise edge)    0.000     0.000 r  
    P17                                               0.000     0.000 r  clk (IN)
                         net (fo=0)                   0.000     0.000    clk
    P17                  IBUF (Prop_ibuf_I_O)         1.478     1.478 r  clk_IBUF_inst/O
                         net (fo=1, routed)           1.972     3.450    clk_IBUF
    BUFGCTRL_X0Y0        BUFG (Prop_bufg_I_O)         0.096     3.546 r  clk_IBUF_BUFG_inst/O
                         net (fo=1901, routed)        1.568     5.114    u_test_circuit/clk_IBUF_BUFG
    SLICE_X55Y11         FDCE                                         r  u_test_circuit/seven_seg_reg[1]/C
  -------------------------------------------------------------------    -------------------
    SLICE_X55Y11         FDCE (Prop_fdce_C_Q)         0.456     5.570 r  u_test_circuit/seven_seg_reg[1]/Q
                         net (fo=1, routed)           4.227     9.797    seven_seg_OBUF[1]
    B3                   OBUF (Prop_obuf_I_O)         3.565    13.362 r  seven_seg_OBUF[1]_inst/O
                         net (fo=0)                   0.000    13.362    seven_seg[1]
    B3                                                                r  seven_seg[1] (OUT)
  -------------------------------------------------------------------    -------------------

Slack:                    inf
  Source:                 u_test_circuit/anode_reg[1]/C
                            (rising edge-triggered cell FDCE clocked by sys_clk  {rise@0.000ns fall@5.000ns period=10.000ns})
  Destination:            anode[1]
                            (output port)
  Path Group:             (none)
  Path Type:              Max at Slow Process Corner
  Data Path Delay:        8.072ns  (logic 4.083ns (50.580%)  route 3.989ns (49.420%))
  Logic Levels:           1  (OBUF=1)
  Clock Uncertainty:      0.025ns  ((TSJ^2 + TIJ^2)^1/2 + DJ) / 2 + PE
    Total System Jitter     (TSJ):    0.050ns
    Total Input Jitter      (TIJ):    0.000ns
    Discrete Jitter          (DJ):    0.000ns
    Phase Error              (PE):    0.000ns

    Location             Delay type                Incr(ns)  Path(ns)    Netlist Resource(s)
  -------------------------------------------------------------------    -------------------
                         (clock sys_clk rise edge)    0.000     0.000 r  
    P17                                               0.000     0.000 r  clk (IN)
                         net (fo=0)                   0.000     0.000    clk
    P17                  IBUF (Prop_ibuf_I_O)         1.478     1.478 r  clk_IBUF_inst/O
                         net (fo=1, routed)           1.972     3.450    clk_IBUF
    BUFGCTRL_X0Y0        BUFG (Prop_bufg_I_O)         0.096     3.546 r  clk_IBUF_BUFG_inst/O
                         net (fo=1901, routed)        1.570     5.116    u_test_circuit/clk_IBUF_BUFG
    SLICE_X56Y7          FDCE                                         r  u_test_circuit/anode_reg[1]/C
  -------------------------------------------------------------------    -------------------
    SLICE_X56Y7          FDCE (Prop_fdce_C_Q)         0.518     5.634 r  u_test_circuit/anode_reg[1]/Q
                         net (fo=1, routed)           3.989     9.624    anode_OBUF[1]
    C1                   OBUF (Prop_obuf_I_O)         3.565    13.189 r  anode_OBUF[1]_inst/O
                         net (fo=0)                   0.000    13.189    anode[1]
    C1                                                                r  anode[1] (OUT)
  -------------------------------------------------------------------    -------------------

Slack:                    inf
  Source:                 u_test_circuit/seven_seg_reg[4]/C
                            (rising edge-triggered cell FDCE clocked by sys_clk  {rise@0.000ns fall@5.000ns period=10.000ns})
  Destination:            seven_seg[4]
                            (output port)
  Path Group:             (none)
  Path Type:              Max at Slow Process Corner
  Data Path Delay:        7.989ns  (logic 4.085ns (51.128%)  route 3.904ns (48.872%))
  Logic Levels:           1  (OBUF=1)
  Clock Uncertainty:      0.025ns  ((TSJ^2 + TIJ^2)^1/2 + DJ) / 2 + PE
    Total System Jitter     (TSJ):    0.050ns
    Total Input Jitter      (TIJ):    0.000ns
    Discrete Jitter          (DJ):    0.000ns
    Phase Error              (PE):    0.000ns

    Location             Delay type                Incr(ns)  Path(ns)    Netlist Resource(s)
  -------------------------------------------------------------------    -------------------
                         (clock sys_clk rise edge)    0.000     0.000 r  
    P17                                               0.000     0.000 r  clk (IN)
                         net (fo=0)                   0.000     0.000    clk
    P17                  IBUF (Prop_ibuf_I_O)         1.478     1.478 r  clk_IBUF_inst/O
                         net (fo=1, routed)           1.972     3.450    clk_IBUF
    BUFGCTRL_X0Y0        BUFG (Prop_bufg_I_O)         0.096     3.546 r  clk_IBUF_BUFG_inst/O
                         net (fo=1901, routed)        1.569     5.115    u_test_circuit/clk_IBUF_BUFG
    SLICE_X56Y10         FDCE                                         r  u_test_circuit/seven_seg_reg[4]/C
  -------------------------------------------------------------------    -------------------
    SLICE_X56Y10         FDCE (Prop_fdce_C_Q)         0.518     5.633 r  u_test_circuit/seven_seg_reg[4]/Q
                         net (fo=1, routed)           3.904     9.538    seven_seg_OBUF[4]
    A3                   OBUF (Prop_obuf_I_O)         3.567    13.104 r  seven_seg_OBUF[4]_inst/O
                         net (fo=0)                   0.000    13.104    seven_seg[4]
    A3                                                                r  seven_seg[4] (OUT)
  -------------------------------------------------------------------    -------------------

Slack:                    inf
  Source:                 u_test_circuit/seven_seg_reg[0]/C
                            (rising edge-triggered cell FDCE clocked by sys_clk  {rise@0.000ns fall@5.000ns period=10.000ns})
  Destination:            seven_seg[0]
                            (output port)
  Path Group:             (none)
  Path Type:              Max at Slow Process Corner
  Data Path Delay:        7.924ns  (logic 4.019ns (50.726%)  route 3.904ns (49.274%))
  Logic Levels:           1  (OBUF=1)
  Clock Uncertainty:      0.025ns  ((TSJ^2 + TIJ^2)^1/2 + DJ) / 2 + PE
    Total System Jitter     (TSJ):    0.050ns
    Total Input Jitter      (TIJ):    0.000ns
    Discrete Jitter          (DJ):    0.000ns
    Phase Error              (PE):    0.000ns

    Location             Delay type                Incr(ns)  Path(ns)    Netlist Resource(s)
  -------------------------------------------------------------------    -------------------
                         (clock sys_clk rise edge)    0.000     0.000 r  
    P17                                               0.000     0.000 r  clk (IN)
                         net (fo=0)                   0.000     0.000    clk
    P17                  IBUF (Prop_ibuf_I_O)         1.478     1.478 r  clk_IBUF_inst/O
                         net (fo=1, routed)           1.972     3.450    clk_IBUF
    BUFGCTRL_X0Y0        BUFG (Prop_bufg_I_O)         0.096     3.546 r  clk_IBUF_BUFG_inst/O
                         net (fo=1901, routed)        1.568     5.114    u_test_circuit/clk_IBUF_BUFG
    SLICE_X55Y11         FDCE                                         r  u_test_circuit/seven_seg_reg[0]/C
  -------------------------------------------------------------------    -------------------
    SLICE_X55Y11         FDCE (Prop_fdce_C_Q)         0.456     5.570 r  u_test_circuit/seven_seg_reg[0]/Q
                         net (fo=1, routed)           3.904     9.475    seven_seg_OBUF[0]
    B2                   OBUF (Prop_obuf_I_O)         3.563    13.038 r  seven_seg_OBUF[0]_inst/O
                         net (fo=0)                   0.000    13.038    seven_seg[0]
    B2                                                                r  seven_seg[0] (OUT)
  -------------------------------------------------------------------    -------------------

Slack:                    inf
  Source:                 u_test_circuit/anode_reg[2]/C
                            (rising edge-triggered cell FDCE clocked by sys_clk  {rise@0.000ns fall@5.000ns period=10.000ns})
  Destination:            anode[2]
                            (output port)
  Path Group:             (none)
  Path Type:              Max at Slow Process Corner
  Data Path Delay:        7.885ns  (logic 4.086ns (51.825%)  route 3.799ns (48.175%))
  Logic Levels:           1  (OBUF=1)
  Clock Uncertainty:      0.025ns  ((TSJ^2 + TIJ^2)^1/2 + DJ) / 2 + PE
    Total System Jitter     (TSJ):    0.050ns
    Total Input Jitter      (TIJ):    0.000ns
    Discrete Jitter          (DJ):    0.000ns
    Phase Error              (PE):    0.000ns

    Location             Delay type                Incr(ns)  Path(ns)    Netlist Resource(s)
  -------------------------------------------------------------------    -------------------
                         (clock sys_clk rise edge)    0.000     0.000 r  
    P17                                               0.000     0.000 r  clk (IN)
                         net (fo=0)                   0.000     0.000    clk
    P17                  IBUF (Prop_ibuf_I_O)         1.478     1.478 r  clk_IBUF_inst/O
                         net (fo=1, routed)           1.972     3.450    clk_IBUF
    BUFGCTRL_X0Y0        BUFG (Prop_bufg_I_O)         0.096     3.546 r  clk_IBUF_BUFG_inst/O
                         net (fo=1901, routed)        1.570     5.116    u_test_circuit/clk_IBUF_BUFG
    SLICE_X56Y7          FDCE                                         r  u_test_circuit/anode_reg[2]/C
  -------------------------------------------------------------------    -------------------
    SLICE_X56Y7          FDCE (Prop_fdce_C_Q)         0.518     5.634 r  u_test_circuit/anode_reg[2]/Q
                         net (fo=1, routed)           3.799     9.433    anode_OBUF[2]
    C2                   OBUF (Prop_obuf_I_O)         3.568    13.001 r  anode_OBUF[2]_inst/O
                         net (fo=0)                   0.000    13.001    anode[2]
    C2                                                                r  anode[2] (OUT)
  -------------------------------------------------------------------    -------------------

Slack:                    inf
  Source:                 u_test_circuit/anode_reg[3]/C
                            (rising edge-triggered cell FDCE clocked by sys_clk  {rise@0.000ns fall@5.000ns period=10.000ns})
  Destination:            anode[3]
                            (output port)
  Path Group:             (none)
  Path Type:              Max at Slow Process Corner
  Data Path Delay:        7.809ns  (logic 4.009ns (51.332%)  route 3.801ns (48.668%))
  Logic Levels:           1  (OBUF=1)
  Clock Uncertainty:      0.025ns  ((TSJ^2 + TIJ^2)^1/2 + DJ) / 2 + PE
    Total System Jitter     (TSJ):    0.050ns
    Total Input Jitter      (TIJ):    0.000ns
    Discrete Jitter          (DJ):    0.000ns
    Phase Error              (PE):    0.000ns

    Location             Delay type                Incr(ns)  Path(ns)    Netlist Resource(s)
  -------------------------------------------------------------------    -------------------
                         (clock sys_clk rise edge)    0.000     0.000 r  
    P17                                               0.000     0.000 r  clk (IN)
                         net (fo=0)                   0.000     0.000    clk
    P17                  IBUF (Prop_ibuf_I_O)         1.478     1.478 r  clk_IBUF_inst/O
                         net (fo=1, routed)           1.972     3.450    clk_IBUF
    BUFGCTRL_X0Y0        BUFG (Prop_bufg_I_O)         0.096     3.546 r  clk_IBUF_BUFG_inst/O
                         net (fo=1901, routed)        1.569     5.115    u_test_circuit/clk_IBUF_BUFG
    SLICE_X55Y9          FDCE                                         r  u_test_circuit/anode_reg[3]/C
  -------------------------------------------------------------------    -------------------
    SLICE_X55Y9          FDCE (Prop_fdce_C_Q)         0.456     5.571 r  u_test_circuit/anode_reg[3]/Q
                         net (fo=1, routed)           3.801     9.372    anode_OBUF[3]
    G2                   OBUF (Prop_obuf_I_O)         3.553    12.925 r  anode_OBUF[3]_inst/O
                         net (fo=0)                   0.000    12.925    anode[3]
    G2                                                                r  anode[3] (OUT)
  -------------------------------------------------------------------    -------------------





Min Delay Paths
--------------------------------------------------------------------------------------
Slack:                    inf
  Source:                 u_test_circuit/anode_reg[0]/C
                            (rising edge-triggered cell FDCE clocked by sys_clk  {rise@0.000ns fall@5.000ns period=10.000ns})
  Destination:            anode[0]
                            (output port)
  Path Group:             (none)
  Path Type:              Min at Fast Process Corner
  Data Path Delay:        2.458ns  (logic 1.385ns (56.345%)  route 1.073ns (43.655%))
  Logic Levels:           1  (OBUF=1)
  Clock Uncertainty:      0.025ns  ((TSJ^2 + TIJ^2)^1/2 + DJ) / 2 + PE
    Total System Jitter     (TSJ):    0.050ns
    Total Input Jitter      (TIJ):    0.000ns
    Discrete Jitter          (DJ):    0.000ns
    Phase Error              (PE):    0.000ns

    Location             Delay type                Incr(ns)  Path(ns)    Netlist Resource(s)
  -------------------------------------------------------------------    -------------------
                         (clock sys_clk rise edge)    0.000     0.000 r  
    P17                                               0.000     0.000 r  clk (IN)
                         net (fo=0)                   0.000     0.000    clk
    P17                  IBUF (Prop_ibuf_I_O)         0.246     0.246 r  clk_IBUF_inst/O
                         net (fo=1, routed)           0.634     0.880    clk_IBUF
    BUFGCTRL_X0Y0        BUFG (Prop_bufg_I_O)         0.026     0.906 r  clk_IBUF_BUFG_inst/O
                         net (fo=1901, routed)        0.565     1.471    u_test_circuit/clk_IBUF_BUFG
    SLICE_X55Y9          FDCE                                         r  u_test_circuit/anode_reg[0]/C
  -------------------------------------------------------------------    -------------------
    SLICE_X55Y9          FDCE (Prop_fdce_C_Q)         0.141     1.612 r  u_test_circuit/anode_reg[0]/Q
                         net (fo=1, routed)           1.073     2.685    anode_OBUF[0]
    H1                   OBUF (Prop_obuf_I_O)         1.244     3.928 r  anode_OBUF[0]_inst/O
                         net (fo=0)                   0.000     3.928    anode[0]
    H1                                                                r  anode[0] (OUT)
  -------------------------------------------------------------------    -------------------

Slack:                    inf
  Source:                 u_test_circuit/anode_reg[3]/C
                            (rising edge-triggered cell FDCE clocked by sys_clk  {rise@0.000ns fall@5.000ns period=10.000ns})
  Destination:            anode[3]
                            (output port)
  Path Group:             (none)
  Path Type:              Min at Fast Process Corner
  Data Path Delay:        2.710ns  (logic 1.394ns (51.451%)  route 1.316ns (48.549%))
  Logic Levels:           1  (OBUF=1)
  Clock Uncertainty:      0.025ns  ((TSJ^2 + TIJ^2)^1/2 + DJ) / 2 + PE
    Total System Jitter     (TSJ):    0.050ns
    Total Input Jitter      (TIJ):    0.000ns
    Discrete Jitter          (DJ):    0.000ns
    Phase Error              (PE):    0.000ns

    Location             Delay type                Incr(ns)  Path(ns)    Netlist Resource(s)
  -------------------------------------------------------------------    -------------------
                         (clock sys_clk rise edge)    0.000     0.000 r  
    P17                                               0.000     0.000 r  clk (IN)
                         net (fo=0)                   0.000     0.000    clk
    P17                  IBUF (Prop_ibuf_I_O)         0.246     0.246 r  clk_IBUF_inst/O
                         net (fo=1, routed)           0.634     0.880    clk_IBUF
    BUFGCTRL_X0Y0        BUFG (Prop_bufg_I_O)         0.026     0.906 r  clk_IBUF_BUFG_inst/O
                         net (fo=1901, routed)        0.565     1.471    u_test_circuit/clk_IBUF_BUFG
    SLICE_X55Y9          FDCE                                         r  u_test_circuit/anode_reg[3]/C
  -------------------------------------------------------------------    -------------------
    SLICE_X55Y9          FDCE (Prop_fdce_C_Q)         0.141     1.612 r  u_test_circuit/anode_reg[3]/Q
                         net (fo=1, routed)           1.316     2.928    anode_OBUF[3]
    G2                   OBUF (Prop_obuf_I_O)         1.253     4.181 r  anode_OBUF[3]_inst/O
                         net (fo=0)                   0.000     4.181    anode[3]
    G2                                                                r  anode[3] (OUT)
  -------------------------------------------------------------------    -------------------

Slack:                    inf
  Source:                 u_test_circuit/seven_seg_reg[0]/C
                            (rising edge-triggered cell FDCE clocked by sys_clk  {rise@0.000ns fall@5.000ns period=10.000ns})
  Destination:            seven_seg[0]
                            (output port)
  Path Group:             (none)
  Path Type:              Min at Fast Process Corner
  Data Path Delay:        2.721ns  (logic 1.405ns (51.628%)  route 1.316ns (48.372%))
  Logic Levels:           1  (OBUF=1)
  Clock Uncertainty:      0.025ns  ((TSJ^2 + TIJ^2)^1/2 + DJ) / 2 + PE
    Total System Jitter     (TSJ):    0.050ns
    Total Input Jitter      (TIJ):    0.000ns
    Discrete Jitter          (DJ):    0.000ns
    Phase Error              (PE):    0.000ns

    Location             Delay type                Incr(ns)  Path(ns)    Netlist Resource(s)
  -------------------------------------------------------------------    -------------------
                         (clock sys_clk rise edge)    0.000     0.000 r  
    P17                                               0.000     0.000 r  clk (IN)
                         net (fo=0)                   0.000     0.000    clk
    P17                  IBUF (Prop_ibuf_I_O)         0.246     0.246 r  clk_IBUF_inst/O
                         net (fo=1, routed)           0.634     0.880    clk_IBUF
    BUFGCTRL_X0Y0        BUFG (Prop_bufg_I_O)         0.026     0.906 r  clk_IBUF_BUFG_inst/O
                         net (fo=1901, routed)        0.564     1.470    u_test_circuit/clk_IBUF_BUFG
    SLICE_X55Y11         FDCE                                         r  u_test_circuit/seven_seg_reg[0]/C
  -------------------------------------------------------------------    -------------------
    SLICE_X55Y11         FDCE (Prop_fdce_C_Q)         0.141     1.611 r  u_test_circuit/seven_seg_reg[0]/Q
                         net (fo=1, routed)           1.316     2.927    seven_seg_OBUF[0]
    B2                   OBUF (Prop_obuf_I_O)         1.264     4.191 r  seven_seg_OBUF[0]_inst/O
                         net (fo=0)                   0.000     4.191    seven_seg[0]
    B2                                                                r  seven_seg[0] (OUT)
  -------------------------------------------------------------------    -------------------

Slack:                    inf
  Source:                 u_test_circuit/anode_reg[2]/C
                            (rising edge-triggered cell FDCE clocked by sys_clk  {rise@0.000ns fall@5.000ns period=10.000ns})
  Destination:            anode[2]
                            (output port)
  Path Group:             (none)
  Path Type:              Min at Fast Process Corner
  Data Path Delay:        2.728ns  (logic 1.433ns (52.517%)  route 1.296ns (47.483%))
  Logic Levels:           1  (OBUF=1)
  Clock Uncertainty:      0.025ns  ((TSJ^2 + TIJ^2)^1/2 + DJ) / 2 + PE
    Total System Jitter     (TSJ):    0.050ns
    Total Input Jitter      (TIJ):    0.000ns
    Discrete Jitter          (DJ):    0.000ns
    Phase Error              (PE):    0.000ns

    Location             Delay type                Incr(ns)  Path(ns)    Netlist Resource(s)
  -------------------------------------------------------------------    -------------------
                         (clock sys_clk rise edge)    0.000     0.000 r  
    P17                                               0.000     0.000 r  clk (IN)
                         net (fo=0)                   0.000     0.000    clk
    P17                  IBUF (Prop_ibuf_I_O)         0.246     0.246 r  clk_IBUF_inst/O
                         net (fo=1, routed)           0.634     0.880    clk_IBUF
    BUFGCTRL_X0Y0        BUFG (Prop_bufg_I_O)         0.026     0.906 r  clk_IBUF_BUFG_inst/O
                         net (fo=1901, routed)        0.567     1.473    u_test_circuit/clk_IBUF_BUFG
    SLICE_X56Y7          FDCE                                         r  u_test_circuit/anode_reg[2]/C
  -------------------------------------------------------------------    -------------------
    SLICE_X56Y7          FDCE (Prop_fdce_C_Q)         0.164     1.637 r  u_test_circuit/anode_reg[2]/Q
                         net (fo=1, routed)           1.296     2.932    anode_OBUF[2]
    C2                   OBUF (Prop_obuf_I_O)         1.269     4.201 r  anode_OBUF[2]_inst/O
                         net (fo=0)                   0.000     4.201    anode[2]
    C2                                                                r  anode[2] (OUT)
  -------------------------------------------------------------------    -------------------

Slack:                    inf
  Source:                 u_test_circuit/seven_seg_reg[4]/C
                            (rising edge-triggered cell FDCE clocked by sys_clk  {rise@0.000ns fall@5.000ns period=10.000ns})
  Destination:            seven_seg[4]
                            (output port)
  Path Group:             (none)
  Path Type:              Min at Fast Process Corner
  Data Path Delay:        2.748ns  (logic 1.431ns (52.088%)  route 1.316ns (47.912%))
  Logic Levels:           1  (OBUF=1)
  Clock Uncertainty:      0.025ns  ((TSJ^2 + TIJ^2)^1/2 + DJ) / 2 + PE
    Total System Jitter     (TSJ):    0.050ns
    Total Input Jitter      (TIJ):    0.000ns
    Discrete Jitter          (DJ):    0.000ns
    Phase Error              (PE):    0.000ns

    Location             Delay type                Incr(ns)  Path(ns)    Netlist Resource(s)
  -------------------------------------------------------------------    -------------------
                         (clock sys_clk rise edge)    0.000     0.000 r  
    P17                                               0.000     0.000 r  clk (IN)
                         net (fo=0)                   0.000     0.000    clk
    P17                  IBUF (Prop_ibuf_I_O)         0.246     0.246 r  clk_IBUF_inst/O
                         net (fo=1, routed)           0.634     0.880    clk_IBUF
    BUFGCTRL_X0Y0        BUFG (Prop_bufg_I_O)         0.026     0.906 r  clk_IBUF_BUFG_inst/O
                         net (fo=1901, routed)        0.566     1.472    u_test_circuit/clk_IBUF_BUFG
    SLICE_X56Y10         FDCE                                         r  u_test_circuit/seven_seg_reg[4]/C
  -------------------------------------------------------------------    -------------------
    SLICE_X56Y10         FDCE (Prop_fdce_C_Q)         0.164     1.636 r  u_test_circuit/seven_seg_reg[4]/Q
                         net (fo=1, routed)           1.316     2.952    seven_seg_OBUF[4]
    A3                   OBUF (Prop_obuf_I_O)         1.267     4.220 r  seven_seg_OBUF[4]_inst/O
                         net (fo=0)                   0.000     4.220    seven_seg[4]
    A3                                                                r  seven_seg[4] (OUT)
  -------------------------------------------------------------------    -------------------

Slack:                    inf
  Source:                 u_test_circuit/anode_reg[1]/C
                            (rising edge-triggered cell FDCE clocked by sys_clk  {rise@0.000ns fall@5.000ns period=10.000ns})
  Destination:            anode[1]
                            (output port)
  Path Group:             (none)
  Path Type:              Min at Fast Process Corner
  Data Path Delay:        2.805ns  (logic 1.430ns (50.966%)  route 1.375ns (49.034%))
  Logic Levels:           1  (OBUF=1)
  Clock Uncertainty:      0.025ns  ((TSJ^2 + TIJ^2)^1/2 + DJ) / 2 + PE
    Total System Jitter     (TSJ):    0.050ns
    Total Input Jitter      (TIJ):    0.000ns
    Discrete Jitter          (DJ):    0.000ns
    Phase Error              (PE):    0.000ns

    Location             Delay type                Incr(ns)  Path(ns)    Netlist Resource(s)
  -------------------------------------------------------------------    -------------------
                         (clock sys_clk rise edge)    0.000     0.000 r  
    P17                                               0.000     0.000 r  clk (IN)
                         net (fo=0)                   0.000     0.000    clk
    P17                  IBUF (Prop_ibuf_I_O)         0.246     0.246 r  clk_IBUF_inst/O
                         net (fo=1, routed)           0.634     0.880    clk_IBUF
    BUFGCTRL_X0Y0        BUFG (Prop_bufg_I_O)         0.026     0.906 r  clk_IBUF_BUFG_inst/O
                         net (fo=1901, routed)        0.567     1.473    u_test_circuit/clk_IBUF_BUFG
    SLICE_X56Y7          FDCE                                         r  u_test_circuit/anode_reg[1]/C
  -------------------------------------------------------------------    -------------------
    SLICE_X56Y7          FDCE (Prop_fdce_C_Q)         0.164     1.637 r  u_test_circuit/anode_reg[1]/Q
                         net (fo=1, routed)           1.375     3.012    anode_OBUF[1]
    C1                   OBUF (Prop_obuf_I_O)         1.266     4.278 r  anode_OBUF[1]_inst/O
                         net (fo=0)                   0.000     4.278    anode[1]
    C1                                                                r  anode[1] (OUT)
  -------------------------------------------------------------------    -------------------

Slack:                    inf
  Source:                 u_test_circuit/seven_seg_reg[1]/C
                            (rising edge-triggered cell FDCE clocked by sys_clk  {rise@0.000ns fall@5.000ns period=10.000ns})
  Destination:            seven_seg[1]
                            (output port)
  Path Group:             (none)
  Path Type:              Min at Fast Process Corner
  Data Path Delay:        2.902ns  (logic 1.406ns (48.461%)  route 1.496ns (51.539%))
  Logic Levels:           1  (OBUF=1)
  Clock Uncertainty:      0.025ns  ((TSJ^2 + TIJ^2)^1/2 + DJ) / 2 + PE
    Total System Jitter     (TSJ):    0.050ns
    Total Input Jitter      (TIJ):    0.000ns
    Discrete Jitter          (DJ):    0.000ns
    Phase Error              (PE):    0.000ns

    Location             Delay type                Incr(ns)  Path(ns)    Netlist Resource(s)
  -------------------------------------------------------------------    -------------------
                         (clock sys_clk rise edge)    0.000     0.000 r  
    P17                                               0.000     0.000 r  clk (IN)
                         net (fo=0)                   0.000     0.000    clk
    P17                  IBUF (Prop_ibuf_I_O)         0.246     0.246 r  clk_IBUF_inst/O
                         net (fo=1, routed)           0.634     0.880    clk_IBUF
    BUFGCTRL_X0Y0        BUFG (Prop_bufg_I_O)         0.026     0.906 r  clk_IBUF_BUFG_inst/O
                         net (fo=1901, routed)        0.564     1.470    u_test_circuit/clk_IBUF_BUFG
    SLICE_X55Y11         FDCE                                         r  u_test_circuit/seven_seg_reg[1]/C
  -------------------------------------------------------------------    -------------------
    SLICE_X55Y11         FDCE (Prop_fdce_C_Q)         0.141     1.611 r  u_test_circuit/seven_seg_reg[1]/Q
                         net (fo=1, routed)           1.496     3.107    seven_seg_OBUF[1]
    B3                   OBUF (Prop_obuf_I_O)         1.265     4.372 r  seven_seg_OBUF[1]_inst/O
                         net (fo=0)                   0.000     4.372    seven_seg[1]
    B3                                                                r  seven_seg[1] (OUT)
  -------------------------------------------------------------------    -------------------

Slack:                    inf
  Source:                 u_test_circuit/seven_seg_reg[2]/C
                            (rising edge-triggered cell FDCE clocked by sys_clk  {rise@0.000ns fall@5.000ns period=10.000ns})
  Destination:            seven_seg[2]
                            (output port)
  Path Group:             (none)
  Path Type:              Min at Fast Process Corner
  Data Path Delay:        2.928ns  (logic 1.402ns (47.870%)  route 1.527ns (52.130%))
  Logic Levels:           1  (OBUF=1)
  Clock Uncertainty:      0.025ns  ((TSJ^2 + TIJ^2)^1/2 + DJ) / 2 + PE
    Total System Jitter     (TSJ):    0.050ns
    Total Input Jitter      (TIJ):    0.000ns
    Discrete Jitter          (DJ):    0.000ns
    Phase Error              (PE):    0.000ns

    Location             Delay type                Incr(ns)  Path(ns)    Netlist Resource(s)
  -------------------------------------------------------------------    -------------------
                         (clock sys_clk rise edge)    0.000     0.000 r  
    P17                                               0.000     0.000 r  clk (IN)
                         net (fo=0)                   0.000     0.000    clk
    P17                  IBUF (Prop_ibuf_I_O)         0.246     0.246 r  clk_IBUF_inst/O
                         net (fo=1, routed)           0.634     0.880    clk_IBUF
    BUFGCTRL_X0Y0        BUFG (Prop_bufg_I_O)         0.026     0.906 r  clk_IBUF_BUFG_inst/O
                         net (fo=1901, routed)        0.564     1.470    u_test_circuit/clk_IBUF_BUFG
    SLICE_X55Y11         FDCE                                         r  u_test_circuit/seven_seg_reg[2]/C
  -------------------------------------------------------------------    -------------------
    SLICE_X55Y11         FDCE (Prop_fdce_C_Q)         0.141     1.611 r  u_test_circuit/seven_seg_reg[2]/Q
                         net (fo=1, routed)           1.527     3.138    seven_seg_OBUF[2]
    A1                   OBUF (Prop_obuf_I_O)         1.261     4.398 r  seven_seg_OBUF[2]_inst/O
                         net (fo=0)                   0.000     4.398    seven_seg[2]
    A1                                                                r  seven_seg[2] (OUT)
  -------------------------------------------------------------------    -------------------

Slack:                    inf
  Source:                 u_test_circuit/seven_seg_reg[3]/C
                            (rising edge-triggered cell FDCE clocked by sys_clk  {rise@0.000ns fall@5.000ns period=10.000ns})
  Destination:            seven_seg[3]
                            (output port)
  Path Group:             (none)
  Path Type:              Min at Fast Process Corner
  Data Path Delay:        2.981ns  (logic 1.401ns (46.986%)  route 1.580ns (53.014%))
  Logic Levels:           1  (OBUF=1)
  Clock Uncertainty:      0.025ns  ((TSJ^2 + TIJ^2)^1/2 + DJ) / 2 + PE
    Total System Jitter     (TSJ):    0.050ns
    Total Input Jitter      (TIJ):    0.000ns
    Discrete Jitter          (DJ):    0.000ns
    Phase Error              (PE):    0.000ns

    Location             Delay type                Incr(ns)  Path(ns)    Netlist Resource(s)
  -------------------------------------------------------------------    -------------------
                         (clock sys_clk rise edge)    0.000     0.000 r  
    P17                                               0.000     0.000 r  clk (IN)
                         net (fo=0)                   0.000     0.000    clk
    P17                  IBUF (Prop_ibuf_I_O)         0.246     0.246 r  clk_IBUF_inst/O
                         net (fo=1, routed)           0.634     0.880    clk_IBUF
    BUFGCTRL_X0Y0        BUFG (Prop_bufg_I_O)         0.026     0.906 r  clk_IBUF_BUFG_inst/O
                         net (fo=1901, routed)        0.564     1.470    u_test_circuit/clk_IBUF_BUFG
    SLICE_X55Y11         FDCE                                         r  u_test_circuit/seven_seg_reg[3]/C
  -------------------------------------------------------------------    -------------------
    SLICE_X55Y11         FDCE (Prop_fdce_C_Q)         0.141     1.611 r  u_test_circuit/seven_seg_reg[3]/Q
                         net (fo=1, routed)           1.580     3.191    seven_seg_OBUF[3]
    B1                   OBUF (Prop_obuf_I_O)         1.260     4.451 r  seven_seg_OBUF[3]_inst/O
                         net (fo=0)                   0.000     4.451    seven_seg[3]
    B1                                                                r  seven_seg[3] (OUT)
  -------------------------------------------------------------------    -------------------

Slack:                    inf
  Source:                 u_test_circuit/seven_seg_reg[5]/C
                            (rising edge-triggered cell FDCE clocked by sys_clk  {rise@0.000ns fall@5.000ns period=10.000ns})
  Destination:            seven_seg[5]
                            (output port)
  Path Group:             (none)
  Path Type:              Min at Fast Process Corner
  Data Path Delay:        3.024ns  (logic 1.425ns (47.144%)  route 1.598ns (52.856%))
  Logic Levels:           1  (OBUF=1)
  Clock Uncertainty:      0.025ns  ((TSJ^2 + TIJ^2)^1/2 + DJ) / 2 + PE
    Total System Jitter     (TSJ):    0.050ns
    Total Input Jitter      (TIJ):    0.000ns
    Discrete Jitter          (DJ):    0.000ns
    Phase Error              (PE):    0.000ns

    Location             Delay type                Incr(ns)  Path(ns)    Netlist Resource(s)
  -------------------------------------------------------------------    -------------------
                         (clock sys_clk rise edge)    0.000     0.000 r  
    P17                                               0.000     0.000 r  clk (IN)
                         net (fo=0)                   0.000     0.000    clk
    P17                  IBUF (Prop_ibuf_I_O)         0.246     0.246 r  clk_IBUF_inst/O
                         net (fo=1, routed)           0.634     0.880    clk_IBUF
    BUFGCTRL_X0Y0        BUFG (Prop_bufg_I_O)         0.026     0.906 r  clk_IBUF_BUFG_inst/O
                         net (fo=1901, routed)        0.566     1.472    u_test_circuit/clk_IBUF_BUFG
    SLICE_X56Y10         FDCE                                         r  u_test_circuit/seven_seg_reg[5]/C
  -------------------------------------------------------------------    -------------------
    SLICE_X56Y10         FDCE (Prop_fdce_C_Q)         0.164     1.636 r  u_test_circuit/seven_seg_reg[5]/Q
                         net (fo=1, routed)           1.598     3.234    seven_seg_OBUF[5]
    A4                   OBUF (Prop_obuf_I_O)         1.261     4.496 r  seven_seg_OBUF[5]_inst/O
                         net (fo=0)                   0.000     4.496    seven_seg[5]
    A4                                                                r  seven_seg[5] (OUT)
  -------------------------------------------------------------------    -------------------





--------------------------------------------------------------------------------------
Path Group:  (none)
From Clock:  
  To Clock:  sys_clk

Max Delay           228 Endpoints
Min Delay           228 Endpoints
--------------------------------------------------------------------------------------


Max Delay Paths
--------------------------------------------------------------------------------------
Slack:                    inf
  Source:                 mode
                            (input port)
  Destination:            u_test_circuit/result_pass_reg[6]/D
                            (rising edge-triggered cell FDCE clocked by sys_clk  {rise@0.000ns fall@5.000ns period=10.000ns})
  Path Group:             (none)
  Path Type:              Setup (Max at Slow Process Corner)
  Data Path Delay:        8.740ns  (logic 2.406ns (27.526%)  route 6.334ns (72.474%))
  Logic Levels:           5  (IBUF=1 LUT4=1 LUT5=2 LUT6=1)
  Clock Path Skew:        4.819ns (DCD - SCD + CPR)
    Destination Clock Delay (DCD):    4.819ns
    Source Clock Delay      (SCD):    0.000ns
    Clock Pessimism Removal (CPR):    0.000ns
  Clock Uncertainty:      0.025ns  ((TSJ^2 + TIJ^2)^1/2 + DJ) / 2 + PE
    Total System Jitter     (TSJ):    0.050ns
    Total Input Jitter      (TIJ):    0.000ns
    Discrete Jitter          (DJ):    0.000ns
    Phase Error              (PE):    0.000ns

    Location             Delay type                Incr(ns)  Path(ns)    Netlist Resource(s)
  -------------------------------------------------------------------    -------------------
    P5                                                0.000     0.000 f  mode (IN)
                         net (fo=0)                   0.000     0.000    mode
    P5                   IBUF (Prop_ibuf_I_O)         1.458     1.458 f  mode_IBUF_inst/O
                         net (fo=19, routed)          3.359     4.817    u_test_circuit/mode_IBUF
    SLICE_X44Y5          LUT5 (Prop_lut5_I0_O)        0.118     4.935 r  u_test_circuit/result_pass[12]_i_3/O
                         net (fo=11, routed)          1.169     6.104    u_test_circuit/result_pass[12]_i_3_n_0
    SLICE_X43Y2          LUT5 (Prop_lut5_I0_O)        0.352     6.456 f  u_test_circuit/result_pass[6]_i_5/O
                         net (fo=1, routed)           0.433     6.889    u_test_circuit/result_pass[6]_i_5_n_0
    SLICE_X43Y2          LUT6 (Prop_lut6_I5_O)        0.326     7.215 r  u_test_circuit/result_pass[6]_i_2/O
                         net (fo=2, routed)           0.815     8.030    u_test_circuit/result_pass[6]_i_2_n_0
    SLICE_X45Y2          LUT4 (Prop_lut4_I2_O)        0.152     8.182 r  u_test_circuit/result_pass[6]_i_1/O
                         net (fo=1, routed)           0.558     8.740    u_test_circuit/result_pass[6]_i_1_n_0
    SLICE_X48Y2          FDCE                                         r  u_test_circuit/result_pass_reg[6]/D
  -------------------------------------------------------------------    -------------------

                         (clock sys_clk rise edge)    0.000     0.000 r  
    P17                                               0.000     0.000 r  clk (IN)
                         net (fo=0)                   0.000     0.000    clk
    P17                  IBUF (Prop_ibuf_I_O)         1.408     1.408 r  clk_IBUF_inst/O
                         net (fo=1, routed)           1.868     3.276    clk_IBUF
    BUFGCTRL_X0Y0        BUFG (Prop_bufg_I_O)         0.091     3.367 r  clk_IBUF_BUFG_inst/O
                         net (fo=1901, routed)        1.452     4.819    u_test_circuit/clk_IBUF_BUFG
    SLICE_X48Y2          FDCE                                         r  u_test_circuit/result_pass_reg[6]/C

Slack:                    inf
  Source:                 mode
                            (input port)
  Destination:            u_test_circuit/result_valid_reg[6]/D
                            (rising edge-triggered cell FDCE clocked by sys_clk  {rise@0.000ns fall@5.000ns period=10.000ns})
  Path Group:             (none)
  Path Type:              Setup (Max at Slow Process Corner)
  Data Path Delay:        8.132ns  (logic 2.373ns (29.178%)  route 5.759ns (70.822%))
  Logic Levels:           5  (IBUF=1 LUT3=1 LUT5=2 LUT6=1)
  Clock Path Skew:        4.818ns (DCD - SCD + CPR)
    Destination Clock Delay (DCD):    4.818ns
    Source Clock Delay      (SCD):    0.000ns
    Clock Pessimism Removal (CPR):    0.000ns
  Clock Uncertainty:      0.025ns  ((TSJ^2 + TIJ^2)^1/2 + DJ) / 2 + PE
    Total System Jitter     (TSJ):    0.050ns
    Total Input Jitter      (TIJ):    0.000ns
    Discrete Jitter          (DJ):    0.000ns
    Phase Error              (PE):    0.000ns

    Location             Delay type                Incr(ns)  Path(ns)    Netlist Resource(s)
  -------------------------------------------------------------------    -------------------
    P5                                                0.000     0.000 f  mode (IN)
                         net (fo=0)                   0.000     0.000    mode
    P5                   IBUF (Prop_ibuf_I_O)         1.458     1.458 f  mode_IBUF_inst/O
                         net (fo=19, routed)          3.359     4.817    u_test_circuit/mode_IBUF
    SLICE_X44Y5          LUT5 (Prop_lut5_I0_O)        0.118     4.935 r  u_test_circuit/result_pass[12]_i_3/O
                         net (fo=11, routed)          1.169     6.104    u_test_circuit/result_pass[12]_i_3_n_0
    SLICE_X43Y2          LUT5 (Prop_lut5_I0_O)        0.352     6.456 f  u_test_circuit/result_pass[6]_i_5/O
                         net (fo=1, routed)           0.433     6.889    u_test_circuit/result_pass[6]_i_5_n_0
    SLICE_X43Y2          LUT6 (Prop_lut6_I5_O)        0.326     7.215 r  u_test_circuit/result_pass[6]_i_2/O
                         net (fo=2, routed)           0.798     8.013    u_test_circuit/result_pass[6]_i_2_n_0
    SLICE_X48Y3          LUT3 (Prop_lut3_I1_O)        0.119     8.132 r  u_test_circuit/result_valid[6]_i_1/O
                         net (fo=1, routed)           0.000     8.132    u_test_circuit/result_valid[6]_i_1_n_0
    SLICE_X48Y3          FDCE                                         r  u_test_circuit/result_valid_reg[6]/D
  -------------------------------------------------------------------    -------------------

                         (clock sys_clk rise edge)    0.000     0.000 r  
    P17                                               0.000     0.000 r  clk (IN)
                         net (fo=0)                   0.000     0.000    clk
    P17                  IBUF (Prop_ibuf_I_O)         1.408     1.408 r  clk_IBUF_inst/O
                         net (fo=1, routed)           1.868     3.276    clk_IBUF
    BUFGCTRL_X0Y0        BUFG (Prop_bufg_I_O)         0.091     3.367 r  clk_IBUF_BUFG_inst/O
                         net (fo=1901, routed)        1.451     4.818    u_test_circuit/clk_IBUF_BUFG
    SLICE_X48Y3          FDCE                                         r  u_test_circuit/result_valid_reg[6]/C

Slack:                    inf
  Source:                 mode
                            (input port)
  Destination:            u_test_circuit/result_valid_reg[10]/D
                            (rising edge-triggered cell FDCE clocked by sys_clk  {rise@0.000ns fall@5.000ns period=10.000ns})
  Path Group:             (none)
  Path Type:              Setup (Max at Slow Process Corner)
  Data Path Delay:        8.008ns  (logic 2.378ns (29.694%)  route 5.630ns (70.306%))
  Logic Levels:           5  (IBUF=1 LUT3=1 LUT5=2 LUT6=1)
  Clock Path Skew:        4.818ns (DCD - SCD + CPR)
    Destination Clock Delay (DCD):    4.818ns
    Source Clock Delay      (SCD):    0.000ns
    Clock Pessimism Removal (CPR):    0.000ns
  Clock Uncertainty:      0.025ns  ((TSJ^2 + TIJ^2)^1/2 + DJ) / 2 + PE
    Total System Jitter     (TSJ):    0.050ns
    Total Input Jitter      (TIJ):    0.000ns
    Discrete Jitter          (DJ):    0.000ns
    Phase Error              (PE):    0.000ns

    Location             Delay type                Incr(ns)  Path(ns)    Netlist Resource(s)
  -------------------------------------------------------------------    -------------------
    P5                                                0.000     0.000 f  mode (IN)
                         net (fo=0)                   0.000     0.000    mode
    P5                   IBUF (Prop_ibuf_I_O)         1.458     1.458 f  mode_IBUF_inst/O
                         net (fo=19, routed)          3.359     4.817    u_test_circuit/mode_IBUF
    SLICE_X44Y5          LUT5 (Prop_lut5_I0_O)        0.118     4.935 r  u_test_circuit/result_pass[12]_i_3/O
                         net (fo=11, routed)          0.758     5.692    u_test_circuit/result_pass[12]_i_3_n_0
    SLICE_X45Y4          LUT5 (Prop_lut5_I0_O)        0.352     6.044 f  u_test_circuit/result_pass[10]_i_5/O
                         net (fo=1, routed)           0.691     6.735    u_test_circuit/result_pass[10]_i_5_n_0
    SLICE_X44Y4          LUT6 (Prop_lut6_I5_O)        0.326     7.061 r  u_test_circuit/result_pass[10]_i_2/O
                         net (fo=2, routed)           0.823     7.884    u_test_circuit/result_pass[10]_i_2_n_0
    SLICE_X48Y3          LUT3 (Prop_lut3_I1_O)        0.124     8.008 r  u_test_circuit/result_valid[10]_i_1/O
                         net (fo=1, routed)           0.000     8.008    u_test_circuit/result_valid[10]_i_1_n_0
    SLICE_X48Y3          FDCE                                         r  u_test_circuit/result_valid_reg[10]/D
  -------------------------------------------------------------------    -------------------

                         (clock sys_clk rise edge)    0.000     0.000 r  
    P17                                               0.000     0.000 r  clk (IN)
                         net (fo=0)                   0.000     0.000    clk
    P17                  IBUF (Prop_ibuf_I_O)         1.408     1.408 r  clk_IBUF_inst/O
                         net (fo=1, routed)           1.868     3.276    clk_IBUF
    BUFGCTRL_X0Y0        BUFG (Prop_bufg_I_O)         0.091     3.367 r  clk_IBUF_BUFG_inst/O
                         net (fo=1901, routed)        1.451     4.818    u_test_circuit/clk_IBUF_BUFG
    SLICE_X48Y3          FDCE                                         r  u_test_circuit/result_valid_reg[10]/C

Slack:                    inf
  Source:                 mode
                            (input port)
  Destination:            u_test_circuit/result_pass_reg[10]/D
                            (rising edge-triggered cell FDCE clocked by sys_clk  {rise@0.000ns fall@5.000ns period=10.000ns})
  Path Group:             (none)
  Path Type:              Setup (Max at Slow Process Corner)
  Data Path Delay:        7.778ns  (logic 2.378ns (30.571%)  route 5.400ns (69.429%))
  Logic Levels:           5  (IBUF=1 LUT5=2 LUT6=2)
  Clock Path Skew:        4.815ns (DCD - SCD + CPR)
    Destination Clock Delay (DCD):    4.815ns
    Source Clock Delay      (SCD):    0.000ns
    Clock Pessimism Removal (CPR):    0.000ns
  Clock Uncertainty:      0.025ns  ((TSJ^2 + TIJ^2)^1/2 + DJ) / 2 + PE
    Total System Jitter     (TSJ):    0.050ns
    Total Input Jitter      (TIJ):    0.000ns
    Discrete Jitter          (DJ):    0.000ns
    Phase Error              (PE):    0.000ns

    Location             Delay type                Incr(ns)  Path(ns)    Netlist Resource(s)
  -------------------------------------------------------------------    -------------------
    P5                                                0.000     0.000 f  mode (IN)
                         net (fo=0)                   0.000     0.000    mode
    P5                   IBUF (Prop_ibuf_I_O)         1.458     1.458 f  mode_IBUF_inst/O
                         net (fo=19, routed)          3.359     4.817    u_test_circuit/mode_IBUF
    SLICE_X44Y5          LUT5 (Prop_lut5_I0_O)        0.118     4.935 r  u_test_circuit/result_pass[12]_i_3/O
                         net (fo=11, routed)          0.758     5.692    u_test_circuit/result_pass[12]_i_3_n_0
    SLICE_X45Y4          LUT5 (Prop_lut5_I0_O)        0.352     6.044 f  u_test_circuit/result_pass[10]_i_5/O
                         net (fo=1, routed)           0.691     6.735    u_test_circuit/result_pass[10]_i_5_n_0
    SLICE_X44Y4          LUT6 (Prop_lut6_I5_O)        0.326     7.061 r  u_test_circuit/result_pass[10]_i_2/O
                         net (fo=2, routed)           0.593     7.654    u_test_circuit/result_pass[10]_i_2_n_0
    SLICE_X47Y3          LUT6 (Prop_lut6_I4_O)        0.124     7.778 r  u_test_circuit/result_pass[10]_i_1/O
                         net (fo=1, routed)           0.000     7.778    u_test_circuit/result_pass[10]_i_1_n_0
    SLICE_X47Y3          FDCE                                         r  u_test_circuit/result_pass_reg[10]/D
  -------------------------------------------------------------------    -------------------

                         (clock sys_clk rise edge)    0.000     0.000 r  
    P17                                               0.000     0.000 r  clk (IN)
                         net (fo=0)                   0.000     0.000    clk
    P17                  IBUF (Prop_ibuf_I_O)         1.408     1.408 r  clk_IBUF_inst/O
                         net (fo=1, routed)           1.868     3.276    clk_IBUF
    BUFGCTRL_X0Y0        BUFG (Prop_bufg_I_O)         0.091     3.367 r  clk_IBUF_BUFG_inst/O
                         net (fo=1901, routed)        1.448     4.815    u_test_circuit/clk_IBUF_BUFG
    SLICE_X47Y3          FDCE                                         r  u_test_circuit/result_pass_reg[10]/C

Slack:                    inf
  Source:                 mode
                            (input port)
  Destination:            u_test_circuit/result_pass_reg[5]/D
                            (rising edge-triggered cell FDCE clocked by sys_clk  {rise@0.000ns fall@5.000ns period=10.000ns})
  Path Group:             (none)
  Path Type:              Setup (Max at Slow Process Corner)
  Data Path Delay:        7.737ns  (logic 2.150ns (27.784%)  route 5.588ns (72.216%))
  Logic Levels:           5  (IBUF=1 LUT4=1 LUT5=2 LUT6=1)
  Clock Path Skew:        4.818ns (DCD - SCD + CPR)
    Destination Clock Delay (DCD):    4.818ns
    Source Clock Delay      (SCD):    0.000ns
    Clock Pessimism Removal (CPR):    0.000ns
  Clock Uncertainty:      0.025ns  ((TSJ^2 + TIJ^2)^1/2 + DJ) / 2 + PE
    Total System Jitter     (TSJ):    0.050ns
    Total Input Jitter      (TIJ):    0.000ns
    Discrete Jitter          (DJ):    0.000ns
    Phase Error              (PE):    0.000ns

    Location             Delay type                Incr(ns)  Path(ns)    Netlist Resource(s)
  -------------------------------------------------------------------    -------------------
    P5                                                0.000     0.000 f  mode (IN)
                         net (fo=0)                   0.000     0.000    mode
    P5                   IBUF (Prop_ibuf_I_O)         1.458     1.458 f  mode_IBUF_inst/O
                         net (fo=19, routed)          3.359     4.817    u_test_circuit/mode_IBUF
    SLICE_X44Y5          LUT5 (Prop_lut5_I0_O)        0.118     4.935 r  u_test_circuit/result_pass[12]_i_3/O
                         net (fo=11, routed)          1.169     6.104    u_test_circuit/result_pass[12]_i_3_n_0
    SLICE_X43Y2          LUT5 (Prop_lut5_I0_O)        0.326     6.430 f  u_test_circuit/result_pass[5]_i_4/O
                         net (fo=1, routed)           0.264     6.694    u_test_circuit/result_pass[5]_i_4_n_0
    SLICE_X43Y2          LUT6 (Prop_lut6_I5_O)        0.124     6.818 r  u_test_circuit/result_pass[5]_i_2/O
                         net (fo=2, routed)           0.796     7.613    u_test_circuit/result_pass[5]_i_2_n_0
    SLICE_X48Y3          LUT4 (Prop_lut4_I2_O)        0.124     7.737 r  u_test_circuit/result_pass[5]_i_1/O
                         net (fo=1, routed)           0.000     7.737    u_test_circuit/result_pass[5]_i_1_n_0
    SLICE_X48Y3          FDCE                                         r  u_test_circuit/result_pass_reg[5]/D
  -------------------------------------------------------------------    -------------------

                         (clock sys_clk rise edge)    0.000     0.000 r  
    P17                                               0.000     0.000 r  clk (IN)
                         net (fo=0)                   0.000     0.000    clk
    P17                  IBUF (Prop_ibuf_I_O)         1.408     1.408 r  clk_IBUF_inst/O
                         net (fo=1, routed)           1.868     3.276    clk_IBUF
    BUFGCTRL_X0Y0        BUFG (Prop_bufg_I_O)         0.091     3.367 r  clk_IBUF_BUFG_inst/O
                         net (fo=1901, routed)        1.451     4.818    u_test_circuit/clk_IBUF_BUFG
    SLICE_X48Y3          FDCE                                         r  u_test_circuit/result_pass_reg[5]/C

Slack:                    inf
  Source:                 mode
                            (input port)
  Destination:            u_test_circuit/result_valid_reg[5]/D
                            (rising edge-triggered cell FDCE clocked by sys_clk  {rise@0.000ns fall@5.000ns period=10.000ns})
  Path Group:             (none)
  Path Type:              Setup (Max at Slow Process Corner)
  Data Path Delay:        7.731ns  (logic 2.144ns (27.728%)  route 5.588ns (72.272%))
  Logic Levels:           5  (IBUF=1 LUT3=1 LUT5=2 LUT6=1)
  Clock Path Skew:        4.818ns (DCD - SCD + CPR)
    Destination Clock Delay (DCD):    4.818ns
    Source Clock Delay      (SCD):    0.000ns
    Clock Pessimism Removal (CPR):    0.000ns
  Clock Uncertainty:      0.025ns  ((TSJ^2 + TIJ^2)^1/2 + DJ) / 2 + PE
    Total System Jitter     (TSJ):    0.050ns
    Total Input Jitter      (TIJ):    0.000ns
    Discrete Jitter          (DJ):    0.000ns
    Phase Error              (PE):    0.000ns

    Location             Delay type                Incr(ns)  Path(ns)    Netlist Resource(s)
  -------------------------------------------------------------------    -------------------
    P5                                                0.000     0.000 f  mode (IN)
                         net (fo=0)                   0.000     0.000    mode
    P5                   IBUF (Prop_ibuf_I_O)         1.458     1.458 f  mode_IBUF_inst/O
                         net (fo=19, routed)          3.359     4.817    u_test_circuit/mode_IBUF
    SLICE_X44Y5          LUT5 (Prop_lut5_I0_O)        0.118     4.935 r  u_test_circuit/result_pass[12]_i_3/O
                         net (fo=11, routed)          1.169     6.104    u_test_circuit/result_pass[12]_i_3_n_0
    SLICE_X43Y2          LUT5 (Prop_lut5_I0_O)        0.326     6.430 f  u_test_circuit/result_pass[5]_i_4/O
                         net (fo=1, routed)           0.264     6.694    u_test_circuit/result_pass[5]_i_4_n_0
    SLICE_X43Y2          LUT6 (Prop_lut6_I5_O)        0.124     6.818 r  u_test_circuit/result_pass[5]_i_2/O
                         net (fo=2, routed)           0.796     7.613    u_test_circuit/result_pass[5]_i_2_n_0
    SLICE_X48Y3          LUT3 (Prop_lut3_I1_O)        0.118     7.731 r  u_test_circuit/result_valid[5]_i_1/O
                         net (fo=1, routed)           0.000     7.731    u_test_circuit/result_valid[5]_i_1_n_0
    SLICE_X48Y3          FDCE                                         r  u_test_circuit/result_valid_reg[5]/D
  -------------------------------------------------------------------    -------------------

                         (clock sys_clk rise edge)    0.000     0.000 r  
    P17                                               0.000     0.000 r  clk (IN)
                         net (fo=0)                   0.000     0.000    clk
    P17                  IBUF (Prop_ibuf_I_O)         1.408     1.408 r  clk_IBUF_inst/O
                         net (fo=1, routed)           1.868     3.276    clk_IBUF
    BUFGCTRL_X0Y0        BUFG (Prop_bufg_I_O)         0.091     3.367 r  clk_IBUF_BUFG_inst/O
                         net (fo=1901, routed)        1.451     4.818    u_test_circuit/clk_IBUF_BUFG
    SLICE_X48Y3          FDCE                                         r  u_test_circuit/result_valid_reg[5]/C

Slack:                    inf
  Source:                 mode
                            (input port)
  Destination:            u_test_circuit/result_valid_reg[2]/D
                            (rising edge-triggered cell FDCE clocked by sys_clk  {rise@0.000ns fall@5.000ns period=10.000ns})
  Path Group:             (none)
  Path Type:              Setup (Max at Slow Process Corner)
  Data Path Delay:        7.650ns  (logic 2.360ns (30.849%)  route 5.290ns (69.151%))
  Logic Levels:           6  (IBUF=1 LUT3=2 LUT6=2 MUXF7=1)
  Clock Path Skew:        4.816ns (DCD - SCD + CPR)
    Destination Clock Delay (DCD):    4.816ns
    Source Clock Delay      (SCD):    0.000ns
    Clock Pessimism Removal (CPR):    0.000ns
  Clock Uncertainty:      0.025ns  ((TSJ^2 + TIJ^2)^1/2 + DJ) / 2 + PE
    Total System Jitter     (TSJ):    0.050ns
    Total Input Jitter      (TIJ):    0.000ns
    Discrete Jitter          (DJ):    0.000ns
    Phase Error              (PE):    0.000ns

    Location             Delay type                Incr(ns)  Path(ns)    Netlist Resource(s)
  -------------------------------------------------------------------    -------------------
    P5                                                0.000     0.000 f  mode (IN)
                         net (fo=0)                   0.000     0.000    mode
    P5                   IBUF (Prop_ibuf_I_O)         1.458     1.458 f  mode_IBUF_inst/O
                         net (fo=19, routed)          3.306     4.764    u_test_circuit/mode_IBUF
    SLICE_X47Y7          LUT3 (Prop_lut3_I2_O)        0.124     4.888 r  u_test_circuit/addr_counter_q[9]_i_3/O
                         net (fo=14, routed)          0.674     5.562    u_test_circuit/addr_counter_q[9]_i_3_n_0
    SLICE_X46Y5          LUT6 (Prop_lut6_I1_O)        0.124     5.686 f  u_test_circuit/result_pass[2]_i_4/O
                         net (fo=1, routed)           0.000     5.686    u_test_circuit/result_pass[2]_i_4_n_0
    SLICE_X46Y5          MUXF7 (Prop_muxf7_I0_O)      0.209     5.895 f  u_test_circuit/result_pass_reg[2]_i_3/O
                         net (fo=1, routed)           0.436     6.331    u_test_circuit/result_pass_reg[2]_i_3_n_0
    SLICE_X46Y4          LUT6 (Prop_lut6_I5_O)        0.297     6.628 r  u_test_circuit/result_pass[2]_i_2/O
                         net (fo=2, routed)           0.874     7.502    u_test_circuit/result_valid[2]
    SLICE_X46Y2          LUT3 (Prop_lut3_I1_O)        0.148     7.650 r  u_test_circuit/result_valid[2]_i_1/O
                         net (fo=1, routed)           0.000     7.650    u_test_circuit/result_valid[2]_i_1_n_0
    SLICE_X46Y2          FDCE                                         r  u_test_circuit/result_valid_reg[2]/D
  -------------------------------------------------------------------    -------------------

                         (clock sys_clk rise edge)    0.000     0.000 r  
    P17                                               0.000     0.000 r  clk (IN)
                         net (fo=0)                   0.000     0.000    clk
    P17                  IBUF (Prop_ibuf_I_O)         1.408     1.408 r  clk_IBUF_inst/O
                         net (fo=1, routed)           1.868     3.276    clk_IBUF
    BUFGCTRL_X0Y0        BUFG (Prop_bufg_I_O)         0.091     3.367 r  clk_IBUF_BUFG_inst/O
                         net (fo=1901, routed)        1.449     4.816    u_test_circuit/clk_IBUF_BUFG
    SLICE_X46Y2          FDCE                                         r  u_test_circuit/result_valid_reg[2]/C

Slack:                    inf
  Source:                 mode
                            (input port)
  Destination:            u_test_circuit/result_pass_reg[2]/D
                            (rising edge-triggered cell FDCE clocked by sys_clk  {rise@0.000ns fall@5.000ns period=10.000ns})
  Path Group:             (none)
  Path Type:              Setup (Max at Slow Process Corner)
  Data Path Delay:        7.626ns  (logic 2.336ns (30.631%)  route 5.290ns (69.369%))
  Logic Levels:           6  (IBUF=1 LUT3=1 LUT4=1 LUT6=2 MUXF7=1)
  Clock Path Skew:        4.816ns (DCD - SCD + CPR)
    Destination Clock Delay (DCD):    4.816ns
    Source Clock Delay      (SCD):    0.000ns
    Clock Pessimism Removal (CPR):    0.000ns
  Clock Uncertainty:      0.025ns  ((TSJ^2 + TIJ^2)^1/2 + DJ) / 2 + PE
    Total System Jitter     (TSJ):    0.050ns
    Total Input Jitter      (TIJ):    0.000ns
    Discrete Jitter          (DJ):    0.000ns
    Phase Error              (PE):    0.000ns

    Location             Delay type                Incr(ns)  Path(ns)    Netlist Resource(s)
  -------------------------------------------------------------------    -------------------
    P5                                                0.000     0.000 f  mode (IN)
                         net (fo=0)                   0.000     0.000    mode
    P5                   IBUF (Prop_ibuf_I_O)         1.458     1.458 f  mode_IBUF_inst/O
                         net (fo=19, routed)          3.306     4.764    u_test_circuit/mode_IBUF
    SLICE_X47Y7          LUT3 (Prop_lut3_I2_O)        0.124     4.888 r  u_test_circuit/addr_counter_q[9]_i_3/O
                         net (fo=14, routed)          0.674     5.562    u_test_circuit/addr_counter_q[9]_i_3_n_0
    SLICE_X46Y5          LUT6 (Prop_lut6_I1_O)        0.124     5.686 f  u_test_circuit/result_pass[2]_i_4/O
                         net (fo=1, routed)           0.000     5.686    u_test_circuit/result_pass[2]_i_4_n_0
    SLICE_X46Y5          MUXF7 (Prop_muxf7_I0_O)      0.209     5.895 f  u_test_circuit/result_pass_reg[2]_i_3/O
                         net (fo=1, routed)           0.436     6.331    u_test_circuit/result_pass_reg[2]_i_3_n_0
    SLICE_X46Y4          LUT6 (Prop_lut6_I5_O)        0.297     6.628 r  u_test_circuit/result_pass[2]_i_2/O
                         net (fo=2, routed)           0.874     7.502    u_test_circuit/result_valid[2]
    SLICE_X46Y2          LUT4 (Prop_lut4_I2_O)        0.124     7.626 r  u_test_circuit/result_pass[2]_i_1/O
                         net (fo=1, routed)           0.000     7.626    u_test_circuit/result_pass[2]_i_1_n_0
    SLICE_X46Y2          FDCE                                         r  u_test_circuit/result_pass_reg[2]/D
  -------------------------------------------------------------------    -------------------

                         (clock sys_clk rise edge)    0.000     0.000 r  
    P17                                               0.000     0.000 r  clk (IN)
                         net (fo=0)                   0.000     0.000    clk
    P17                  IBUF (Prop_ibuf_I_O)         1.408     1.408 r  clk_IBUF_inst/O
                         net (fo=1, routed)           1.868     3.276    clk_IBUF
    BUFGCTRL_X0Y0        BUFG (Prop_bufg_I_O)         0.091     3.367 r  clk_IBUF_BUFG_inst/O
                         net (fo=1901, routed)        1.449     4.816    u_test_circuit/clk_IBUF_BUFG
    SLICE_X46Y2          FDCE                                         r  u_test_circuit/result_pass_reg[2]/C

Slack:                    inf
  Source:                 mode
                            (input port)
  Destination:            u_test_circuit/result_valid_reg[1]/D
                            (rising edge-triggered cell FDCE clocked by sys_clk  {rise@0.000ns fall@5.000ns period=10.000ns})
  Path Group:             (none)
  Path Type:              Setup (Max at Slow Process Corner)
  Data Path Delay:        7.580ns  (logic 2.410ns (31.793%)  route 5.170ns (68.207%))
  Logic Levels:           5  (IBUF=1 LUT3=1 LUT5=3)
  Clock Path Skew:        4.816ns (DCD - SCD + CPR)
    Destination Clock Delay (DCD):    4.816ns
    Source Clock Delay      (SCD):    0.000ns
    Clock Pessimism Removal (CPR):    0.000ns
  Clock Uncertainty:      0.025ns  ((TSJ^2 + TIJ^2)^1/2 + DJ) / 2 + PE
    Total System Jitter     (TSJ):    0.050ns
    Total Input Jitter      (TIJ):    0.000ns
    Discrete Jitter          (DJ):    0.000ns
    Phase Error              (PE):    0.000ns

    Location             Delay type                Incr(ns)  Path(ns)    Netlist Resource(s)
  -------------------------------------------------------------------    -------------------
    P5                                                0.000     0.000 f  mode (IN)
                         net (fo=0)                   0.000     0.000    mode
    P5                   IBUF (Prop_ibuf_I_O)         1.458     1.458 f  mode_IBUF_inst/O
                         net (fo=19, routed)          3.359     4.817    u_test_circuit/mode_IBUF
    SLICE_X44Y5          LUT5 (Prop_lut5_I0_O)        0.118     4.935 r  u_test_circuit/result_pass[12]_i_3/O
                         net (fo=11, routed)          0.756     5.690    u_test_circuit/result_pass[12]_i_3_n_0
    SLICE_X45Y4          LUT5 (Prop_lut5_I0_O)        0.352     6.042 r  u_test_circuit/result_pass[1]_i_3/O
                         net (fo=1, routed)           0.266     6.308    u_test_circuit/result_pass[1]_i_3_n_0
    SLICE_X45Y4          LUT5 (Prop_lut5_I2_O)        0.332     6.640 r  u_test_circuit/result_pass[1]_i_2/O
                         net (fo=2, routed)           0.790     7.430    u_test_circuit/result_valid[1]
    SLICE_X45Y2          LUT3 (Prop_lut3_I1_O)        0.150     7.580 r  u_test_circuit/result_valid[1]_i_1/O
                         net (fo=1, routed)           0.000     7.580    u_test_circuit/result_valid[1]_i_1_n_0
    SLICE_X45Y2          FDCE                                         r  u_test_circuit/result_valid_reg[1]/D
  -------------------------------------------------------------------    -------------------

                         (clock sys_clk rise edge)    0.000     0.000 r  
    P17                                               0.000     0.000 r  clk (IN)
                         net (fo=0)                   0.000     0.000    clk
    P17                  IBUF (Prop_ibuf_I_O)         1.408     1.408 r  clk_IBUF_inst/O
                         net (fo=1, routed)           1.868     3.276    clk_IBUF
    BUFGCTRL_X0Y0        BUFG (Prop_bufg_I_O)         0.091     3.367 r  clk_IBUF_BUFG_inst/O
                         net (fo=1901, routed)        1.449     4.816    u_test_circuit/clk_IBUF_BUFG
    SLICE_X45Y2          FDCE                                         r  u_test_circuit/result_valid_reg[1]/C

Slack:                    inf
  Source:                 mode
                            (input port)
  Destination:            u_test_circuit/result_pass_reg[1]/D
                            (rising edge-triggered cell FDCE clocked by sys_clk  {rise@0.000ns fall@5.000ns period=10.000ns})
  Path Group:             (none)
  Path Type:              Setup (Max at Slow Process Corner)
  Data Path Delay:        7.554ns  (logic 2.384ns (31.559%)  route 5.170ns (68.441%))
  Logic Levels:           5  (IBUF=1 LUT4=1 LUT5=3)
  Clock Path Skew:        4.816ns (DCD - SCD + CPR)
    Destination Clock Delay (DCD):    4.816ns
    Source Clock Delay      (SCD):    0.000ns
    Clock Pessimism Removal (CPR):    0.000ns
  Clock Uncertainty:      0.025ns  ((TSJ^2 + TIJ^2)^1/2 + DJ) / 2 + PE
    Total System Jitter     (TSJ):    0.050ns
    Total Input Jitter      (TIJ):    0.000ns
    Discrete Jitter          (DJ):    0.000ns
    Phase Error              (PE):    0.000ns

    Location             Delay type                Incr(ns)  Path(ns)    Netlist Resource(s)
  -------------------------------------------------------------------    -------------------
    P5                                                0.000     0.000 f  mode (IN)
                         net (fo=0)                   0.000     0.000    mode
    P5                   IBUF (Prop_ibuf_I_O)         1.458     1.458 f  mode_IBUF_inst/O
                         net (fo=19, routed)          3.359     4.817    u_test_circuit/mode_IBUF
    SLICE_X44Y5          LUT5 (Prop_lut5_I0_O)        0.118     4.935 r  u_test_circuit/result_pass[12]_i_3/O
                         net (fo=11, routed)          0.756     5.690    u_test_circuit/result_pass[12]_i_3_n_0
    SLICE_X45Y4          LUT5 (Prop_lut5_I0_O)        0.352     6.042 r  u_test_circuit/result_pass[1]_i_3/O
                         net (fo=1, routed)           0.266     6.308    u_test_circuit/result_pass[1]_i_3_n_0
    SLICE_X45Y4          LUT5 (Prop_lut5_I2_O)        0.332     6.640 r  u_test_circuit/result_pass[1]_i_2/O
                         net (fo=2, routed)           0.790     7.430    u_test_circuit/result_valid[1]
    SLICE_X45Y2          LUT4 (Prop_lut4_I2_O)        0.124     7.554 r  u_test_circuit/result_pass[1]_i_1/O
                         net (fo=1, routed)           0.000     7.554    u_test_circuit/result_pass[1]_i_1_n_0
    SLICE_X45Y2          FDCE                                         r  u_test_circuit/result_pass_reg[1]/D
  -------------------------------------------------------------------    -------------------

                         (clock sys_clk rise edge)    0.000     0.000 r  
    P17                                               0.000     0.000 r  clk (IN)
                         net (fo=0)                   0.000     0.000    clk
    P17                  IBUF (Prop_ibuf_I_O)         1.408     1.408 r  clk_IBUF_inst/O
                         net (fo=1, routed)           1.868     3.276    clk_IBUF
    BUFGCTRL_X0Y0        BUFG (Prop_bufg_I_O)         0.091     3.367 r  clk_IBUF_BUFG_inst/O
                         net (fo=1901, routed)        1.449     4.816    u_test_circuit/clk_IBUF_BUFG
    SLICE_X45Y2          FDCE                                         r  u_test_circuit/result_pass_reg[1]/C





Min Delay Paths
--------------------------------------------------------------------------------------
Slack:                    inf
  Source:                 tc[1]
                            (input port)
  Destination:            u_test_circuit/test_id_reg[1]/D
                            (rising edge-triggered cell FDCE clocked by sys_clk  {rise@0.000ns fall@5.000ns period=10.000ns})
  Path Group:             (none)
  Path Type:              Hold (Min at Fast Process Corner)
  Data Path Delay:        0.943ns  (logic 0.269ns (28.581%)  route 0.673ns (71.419%))
  Logic Levels:           2  (IBUF=1 LUT6=1)
  Clock Path Skew:        1.986ns (DCD - SCD - CPR)
    Destination Clock Delay (DCD):    1.986ns
    Source Clock Delay      (SCD):    0.000ns
    Clock Pessimism Removal (CPR):    -0.000ns

    Location             Delay type                Incr(ns)  Path(ns)    Netlist Resource(s)
  -------------------------------------------------------------------    -------------------
    N4                                                0.000     0.000 r  tc[1] (IN)
                         net (fo=0)                   0.000     0.000    tc[1]
    N4                   IBUF (Prop_ibuf_I_O)         0.224     0.224 r  tc_IBUF[1]_inst/O
                         net (fo=33, routed)          0.673     0.898    u_test_circuit/tc_IBUF[1]
    SLICE_X53Y10         LUT6 (Prop_lut6_I4_O)        0.045     0.943 r  u_test_circuit/test_id[1]_i_1/O
                         net (fo=1, routed)           0.000     0.943    u_test_circuit/test_id[1]_i_1_n_0
    SLICE_X53Y10         FDCE                                         r  u_test_circuit/test_id_reg[1]/D
  -------------------------------------------------------------------    -------------------

                         (clock sys_clk rise edge)    0.000     0.000 r  
    P17                                               0.000     0.000 r  clk (IN)
                         net (fo=0)                   0.000     0.000    clk
    P17                  IBUF (Prop_ibuf_I_O)         0.434     0.434 r  clk_IBUF_inst/O
                         net (fo=1, routed)           0.689     1.123    clk_IBUF
    BUFGCTRL_X0Y0        BUFG (Prop_bufg_I_O)         0.029     1.152 r  clk_IBUF_BUFG_inst/O
                         net (fo=1901, routed)        0.835     1.986    u_test_circuit/clk_IBUF_BUFG
    SLICE_X53Y10         FDCE                                         r  u_test_circuit/test_id_reg[1]/C

Slack:                    inf
  Source:                 tc[0]
                            (input port)
  Destination:            u_test_circuit/display_value_q_reg[8]/D
                            (rising edge-triggered cell FDCE clocked by sys_clk  {rise@0.000ns fall@5.000ns period=10.000ns})
  Path Group:             (none)
  Path Type:              Hold (Min at Fast Process Corner)
  Data Path Delay:        1.011ns  (logic 0.279ns (27.649%)  route 0.731ns (72.351%))
  Logic Levels:           2  (IBUF=1 LUT6=1)
  Clock Path Skew:        1.988ns (DCD - SCD - CPR)
    Destination Clock Delay (DCD):    1.988ns
    Source Clock Delay      (SCD):    0.000ns
    Clock Pessimism Removal (CPR):    -0.000ns

    Location             Delay type                Incr(ns)  Path(ns)    Netlist Resource(s)
  -------------------------------------------------------------------    -------------------
    R1                                                0.000     0.000 f  tc[0] (IN)
                         net (fo=0)                   0.000     0.000    tc[0]
    R1                   IBUF (Prop_ibuf_I_O)         0.234     0.234 f  tc_IBUF[0]_inst/O
                         net (fo=29, routed)          0.731     0.966    u_test_circuit/tc_IBUF[0]
    SLICE_X50Y4          LUT6 (Prop_lut6_I2_O)        0.045     1.011 r  u_test_circuit/display_value_q[8]_i_1/O
                         net (fo=1, routed)           0.000     1.011    u_test_circuit/display_value_q[8]_i_1_n_0
    SLICE_X50Y4          FDCE                                         r  u_test_circuit/display_value_q_reg[8]/D
  -------------------------------------------------------------------    -------------------

                         (clock sys_clk rise edge)    0.000     0.000 r  
    P17                                               0.000     0.000 r  clk (IN)
                         net (fo=0)                   0.000     0.000    clk
    P17                  IBUF (Prop_ibuf_I_O)         0.434     0.434 r  clk_IBUF_inst/O
                         net (fo=1, routed)           0.689     1.123    clk_IBUF
    BUFGCTRL_X0Y0        BUFG (Prop_bufg_I_O)         0.029     1.152 r  clk_IBUF_BUFG_inst/O
                         net (fo=1901, routed)        0.837     1.988    u_test_circuit/clk_IBUF_BUFG
    SLICE_X50Y4          FDCE                                         r  u_test_circuit/display_value_q_reg[8]/C

Slack:                    inf
  Source:                 tc[3]
                            (input port)
  Destination:            u_test_circuit/display_value_q_reg[5]/D
                            (rising edge-triggered cell FDCE clocked by sys_clk  {rise@0.000ns fall@5.000ns period=10.000ns})
  Path Group:             (none)
  Path Type:              Hold (Min at Fast Process Corner)
  Data Path Delay:        1.145ns  (logic 0.281ns (24.527%)  route 0.864ns (75.473%))
  Logic Levels:           2  (IBUF=1 LUT6=1)
  Clock Path Skew:        1.988ns (DCD - SCD - CPR)
    Destination Clock Delay (DCD):    1.988ns
    Source Clock Delay      (SCD):    0.000ns
    Clock Pessimism Removal (CPR):    -0.000ns

    Location             Delay type                Incr(ns)  Path(ns)    Netlist Resource(s)
  -------------------------------------------------------------------    -------------------
    R2                                                0.000     0.000 r  tc[3] (IN)
                         net (fo=0)                   0.000     0.000    tc[3]
    R2                   IBUF (Prop_ibuf_I_O)         0.236     0.236 r  tc_IBUF[3]_inst/O
                         net (fo=26, routed)          0.864     1.100    u_test_circuit/tc_IBUF[3]
    SLICE_X53Y3          LUT6 (Prop_lut6_I4_O)        0.045     1.145 r  u_test_circuit/display_value_q[5]_i_1/O
                         net (fo=1, routed)           0.000     1.145    u_test_circuit/display_value_q[5]_i_1_n_0
    SLICE_X53Y3          FDCE                                         r  u_test_circuit/display_value_q_reg[5]/D
  -------------------------------------------------------------------    -------------------

                         (clock sys_clk rise edge)    0.000     0.000 r  
    P17                                               0.000     0.000 r  clk (IN)
                         net (fo=0)                   0.000     0.000    clk
    P17                  IBUF (Prop_ibuf_I_O)         0.434     0.434 r  clk_IBUF_inst/O
                         net (fo=1, routed)           0.689     1.123    clk_IBUF
    BUFGCTRL_X0Y0        BUFG (Prop_bufg_I_O)         0.029     1.152 r  clk_IBUF_BUFG_inst/O
                         net (fo=1901, routed)        0.837     1.988    u_test_circuit/clk_IBUF_BUFG
    SLICE_X53Y3          FDCE                                         r  u_test_circuit/display_value_q_reg[5]/C

Slack:                    inf
  Source:                 tc[0]
                            (input port)
  Destination:            u_test_circuit/display_value_q_reg[4]/D
                            (rising edge-triggered cell FDCE clocked by sys_clk  {rise@0.000ns fall@5.000ns period=10.000ns})
  Path Group:             (none)
  Path Type:              Hold (Min at Fast Process Corner)
  Data Path Delay:        1.210ns  (logic 0.279ns (23.095%)  route 0.930ns (76.905%))
  Logic Levels:           2  (IBUF=1 LUT6=1)
  Clock Path Skew:        1.988ns (DCD - SCD - CPR)
    Destination Clock Delay (DCD):    1.988ns
    Source Clock Delay      (SCD):    0.000ns
    Clock Pessimism Removal (CPR):    -0.000ns

    Location             Delay type                Incr(ns)  Path(ns)    Netlist Resource(s)
  -------------------------------------------------------------------    -------------------
    R1                                                0.000     0.000 r  tc[0] (IN)
                         net (fo=0)                   0.000     0.000    tc[0]
    R1                   IBUF (Prop_ibuf_I_O)         0.234     0.234 r  tc_IBUF[0]_inst/O
                         net (fo=29, routed)          0.930     1.165    u_test_circuit/tc_IBUF[0]
    SLICE_X52Y3          LUT6 (Prop_lut6_I1_O)        0.045     1.210 r  u_test_circuit/display_value_q[4]_i_1/O
                         net (fo=1, routed)           0.000     1.210    u_test_circuit/display_value_q[4]_i_1_n_0
    SLICE_X52Y3          FDCE                                         r  u_test_circuit/display_value_q_reg[4]/D
  -------------------------------------------------------------------    -------------------

                         (clock sys_clk rise edge)    0.000     0.000 r  
    P17                                               0.000     0.000 r  clk (IN)
                         net (fo=0)                   0.000     0.000    clk
    P17                  IBUF (Prop_ibuf_I_O)         0.434     0.434 r  clk_IBUF_inst/O
                         net (fo=1, routed)           0.689     1.123    clk_IBUF
    BUFGCTRL_X0Y0        BUFG (Prop_bufg_I_O)         0.029     1.152 r  clk_IBUF_BUFG_inst/O
                         net (fo=1901, routed)        0.837     1.988    u_test_circuit/clk_IBUF_BUFG
    SLICE_X52Y3          FDCE                                         r  u_test_circuit/display_value_q_reg[4]/C

Slack:                    inf
  Source:                 mode
                            (input port)
  Destination:            u_test_circuit/display_value_q_reg[1]/D
                            (rising edge-triggered cell FDCE clocked by sys_clk  {rise@0.000ns fall@5.000ns period=10.000ns})
  Path Group:             (none)
  Path Type:              Hold (Min at Fast Process Corner)
  Data Path Delay:        1.265ns  (logic 0.271ns (21.410%)  route 0.994ns (78.590%))
  Logic Levels:           2  (IBUF=1 LUT6=1)
  Clock Path Skew:        1.988ns (DCD - SCD - CPR)
    Destination Clock Delay (DCD):    1.988ns
    Source Clock Delay      (SCD):    0.000ns
    Clock Pessimism Removal (CPR):    -0.000ns

    Location             Delay type                Incr(ns)  Path(ns)    Netlist Resource(s)
  -------------------------------------------------------------------    -------------------
    P5                                                0.000     0.000 f  mode (IN)
                         net (fo=0)                   0.000     0.000    mode
    P5                   IBUF (Prop_ibuf_I_O)         0.226     0.226 f  mode_IBUF_inst/O
                         net (fo=19, routed)          0.994     1.220    u_test_circuit/mode_IBUF
    SLICE_X51Y3          LUT6 (Prop_lut6_I0_O)        0.045     1.265 r  u_test_circuit/display_value_q[1]_i_1/O
                         net (fo=1, routed)           0.000     1.265    u_test_circuit/display_value_q[1]_i_1_n_0
    SLICE_X51Y3          FDCE                                         r  u_test_circuit/display_value_q_reg[1]/D
  -------------------------------------------------------------------    -------------------

                         (clock sys_clk rise edge)    0.000     0.000 r  
    P17                                               0.000     0.000 r  clk (IN)
                         net (fo=0)                   0.000     0.000    clk
    P17                  IBUF (Prop_ibuf_I_O)         0.434     0.434 r  clk_IBUF_inst/O
                         net (fo=1, routed)           0.689     1.123    clk_IBUF
    BUFGCTRL_X0Y0        BUFG (Prop_bufg_I_O)         0.029     1.152 r  clk_IBUF_BUFG_inst/O
                         net (fo=1901, routed)        0.837     1.988    u_test_circuit/clk_IBUF_BUFG
    SLICE_X51Y3          FDCE                                         r  u_test_circuit/display_value_q_reg[1]/C

Slack:                    inf
  Source:                 st
                            (input port)
  Destination:            u_test_circuit/start_sync0_reg/D
                            (rising edge-triggered cell FDCE clocked by sys_clk  {rise@0.000ns fall@5.000ns period=10.000ns})
  Path Group:             (none)
  Path Type:              Hold (Min at Fast Process Corner)
  Data Path Delay:        1.319ns  (logic 0.237ns (17.948%)  route 1.082ns (82.052%))
  Logic Levels:           1  (IBUF=1)
  Clock Path Skew:        1.981ns (DCD - SCD - CPR)
    Destination Clock Delay (DCD):    1.981ns
    Source Clock Delay      (SCD):    0.000ns
    Clock Pessimism Removal (CPR):    -0.000ns

    Location             Delay type                Incr(ns)  Path(ns)    Netlist Resource(s)
  -------------------------------------------------------------------    -------------------
    R15                                               0.000     0.000 r  st (IN)
                         net (fo=0)                   0.000     0.000    st
    R15                  IBUF (Prop_ibuf_I_O)         0.237     0.237 r  st_IBUF_inst/O
                         net (fo=1, routed)           1.082     1.319    u_test_circuit/st_IBUF
    SLICE_X37Y10         FDCE                                         r  u_test_circuit/start_sync0_reg/D
  -------------------------------------------------------------------    -------------------

                         (clock sys_clk rise edge)    0.000     0.000 r  
    P17                                               0.000     0.000 r  clk (IN)
                         net (fo=0)                   0.000     0.000    clk
    P17                  IBUF (Prop_ibuf_I_O)         0.434     0.434 r  clk_IBUF_inst/O
                         net (fo=1, routed)           0.689     1.123    clk_IBUF
    BUFGCTRL_X0Y0        BUFG (Prop_bufg_I_O)         0.029     1.152 r  clk_IBUF_BUFG_inst/O
                         net (fo=1901, routed)        0.830     1.981    u_test_circuit/clk_IBUF_BUFG
    SLICE_X37Y10         FDCE                                         r  u_test_circuit/start_sync0_reg/C

Slack:                    inf
  Source:                 mode
                            (input port)
  Destination:            u_test_circuit/display_value_q_reg[2]/D
                            (rising edge-triggered cell FDCE clocked by sys_clk  {rise@0.000ns fall@5.000ns period=10.000ns})
  Path Group:             (none)
  Path Type:              Hold (Min at Fast Process Corner)
  Data Path Delay:        1.349ns  (logic 0.271ns (20.077%)  route 1.078ns (79.923%))
  Logic Levels:           2  (IBUF=1 LUT6=1)
  Clock Path Skew:        1.988ns (DCD - SCD - CPR)
    Destination Clock Delay (DCD):    1.988ns
    Source Clock Delay      (SCD):    0.000ns
    Clock Pessimism Removal (CPR):    -0.000ns

    Location             Delay type                Incr(ns)  Path(ns)    Netlist Resource(s)
  -------------------------------------------------------------------    -------------------
    P5                                                0.000     0.000 r  mode (IN)
                         net (fo=0)                   0.000     0.000    mode
    P5                   IBUF (Prop_ibuf_I_O)         0.226     0.226 r  mode_IBUF_inst/O
                         net (fo=19, routed)          1.078     1.304    u_test_circuit/mode_IBUF
    SLICE_X51Y3          LUT6 (Prop_lut6_I1_O)        0.045     1.349 r  u_test_circuit/display_value_q[2]_i_1/O
                         net (fo=1, routed)           0.000     1.349    u_test_circuit/display_value_q[2]_i_1_n_0
    SLICE_X51Y3          FDCE                                         r  u_test_circuit/display_value_q_reg[2]/D
  -------------------------------------------------------------------    -------------------

                         (clock sys_clk rise edge)    0.000     0.000 r  
    P17                                               0.000     0.000 r  clk (IN)
                         net (fo=0)                   0.000     0.000    clk
    P17                  IBUF (Prop_ibuf_I_O)         0.434     0.434 r  clk_IBUF_inst/O
                         net (fo=1, routed)           0.689     1.123    clk_IBUF
    BUFGCTRL_X0Y0        BUFG (Prop_bufg_I_O)         0.029     1.152 r  clk_IBUF_BUFG_inst/O
                         net (fo=1901, routed)        0.837     1.988    u_test_circuit/clk_IBUF_BUFG
    SLICE_X51Y3          FDCE                                         r  u_test_circuit/display_value_q_reg[2]/C

Slack:                    inf
  Source:                 mode
                            (input port)
  Destination:            u_test_circuit/display_value_q_reg[0]/D
                            (rising edge-triggered cell FDCE clocked by sys_clk  {rise@0.000ns fall@5.000ns period=10.000ns})
  Path Group:             (none)
  Path Type:              Hold (Min at Fast Process Corner)
  Data Path Delay:        1.353ns  (logic 0.271ns (20.017%)  route 1.082ns (79.983%))
  Logic Levels:           2  (IBUF=1 LUT6=1)
  Clock Path Skew:        1.988ns (DCD - SCD - CPR)
    Destination Clock Delay (DCD):    1.988ns
    Source Clock Delay      (SCD):    0.000ns
    Clock Pessimism Removal (CPR):    -0.000ns

    Location             Delay type                Incr(ns)  Path(ns)    Netlist Resource(s)
  -------------------------------------------------------------------    -------------------
    P5                                                0.000     0.000 r  mode (IN)
                         net (fo=0)                   0.000     0.000    mode
    P5                   IBUF (Prop_ibuf_I_O)         0.226     0.226 r  mode_IBUF_inst/O
                         net (fo=19, routed)          1.082     1.308    u_test_circuit/mode_IBUF
    SLICE_X50Y3          LUT6 (Prop_lut6_I1_O)        0.045     1.353 r  u_test_circuit/display_value_q[0]_i_1/O
                         net (fo=1, routed)           0.000     1.353    u_test_circuit/display_value_q[0]_i_1_n_0
    SLICE_X50Y3          FDCE                                         r  u_test_circuit/display_value_q_reg[0]/D
  -------------------------------------------------------------------    -------------------

                         (clock sys_clk rise edge)    0.000     0.000 r  
    P17                                               0.000     0.000 r  clk (IN)
                         net (fo=0)                   0.000     0.000    clk
    P17                  IBUF (Prop_ibuf_I_O)         0.434     0.434 r  clk_IBUF_inst/O
                         net (fo=1, routed)           0.689     1.123    clk_IBUF
    BUFGCTRL_X0Y0        BUFG (Prop_bufg_I_O)         0.029     1.152 r  clk_IBUF_BUFG_inst/O
                         net (fo=1901, routed)        0.837     1.988    u_test_circuit/clk_IBUF_BUFG
    SLICE_X50Y3          FDCE                                         r  u_test_circuit/display_value_q_reg[0]/C

Slack:                    inf
  Source:                 mode
                            (input port)
  Destination:            u_test_circuit/display_value_q_reg[7]/D
                            (rising edge-triggered cell FDCE clocked by sys_clk  {rise@0.000ns fall@5.000ns period=10.000ns})
  Path Group:             (none)
  Path Type:              Hold (Min at Fast Process Corner)
  Data Path Delay:        1.357ns  (logic 0.271ns (19.962%)  route 1.086ns (80.038%))
  Logic Levels:           2  (IBUF=1 LUT6=1)
  Clock Path Skew:        1.988ns (DCD - SCD - CPR)
    Destination Clock Delay (DCD):    1.988ns
    Source Clock Delay      (SCD):    0.000ns
    Clock Pessimism Removal (CPR):    -0.000ns

    Location             Delay type                Incr(ns)  Path(ns)    Netlist Resource(s)
  -------------------------------------------------------------------    -------------------
    P5                                                0.000     0.000 f  mode (IN)
                         net (fo=0)                   0.000     0.000    mode
    P5                   IBUF (Prop_ibuf_I_O)         0.226     0.226 f  mode_IBUF_inst/O
                         net (fo=19, routed)          1.086     1.312    u_test_circuit/mode_IBUF
    SLICE_X50Y4          LUT6 (Prop_lut6_I0_O)        0.045     1.357 r  u_test_circuit/display_value_q[7]_i_1/O
                         net (fo=1, routed)           0.000     1.357    u_test_circuit/display_value_q[7]_i_1_n_0
    SLICE_X50Y4          FDCE                                         r  u_test_circuit/display_value_q_reg[7]/D
  -------------------------------------------------------------------    -------------------

                         (clock sys_clk rise edge)    0.000     0.000 r  
    P17                                               0.000     0.000 r  clk (IN)
                         net (fo=0)                   0.000     0.000    clk
    P17                  IBUF (Prop_ibuf_I_O)         0.434     0.434 r  clk_IBUF_inst/O
                         net (fo=1, routed)           0.689     1.123    clk_IBUF
    BUFGCTRL_X0Y0        BUFG (Prop_bufg_I_O)         0.029     1.152 r  clk_IBUF_BUFG_inst/O
                         net (fo=1901, routed)        0.837     1.988    u_test_circuit/clk_IBUF_BUFG
    SLICE_X50Y4          FDCE                                         r  u_test_circuit/display_value_q_reg[7]/C

Slack:                    inf
  Source:                 mode
                            (input port)
  Destination:            u_test_circuit/display_value_q_reg[6]/D
                            (rising edge-triggered cell FDCE clocked by sys_clk  {rise@0.000ns fall@5.000ns period=10.000ns})
  Path Group:             (none)
  Path Type:              Hold (Min at Fast Process Corner)
  Data Path Delay:        1.371ns  (logic 0.271ns (19.757%)  route 1.100ns (80.243%))
  Logic Levels:           2  (IBUF=1 LUT6=1)
  Clock Path Skew:        1.988ns (DCD - SCD - CPR)
    Destination Clock Delay (DCD):    1.988ns
    Source Clock Delay      (SCD):    0.000ns
    Clock Pessimism Removal (CPR):    -0.000ns

    Location             Delay type                Incr(ns)  Path(ns)    Netlist Resource(s)
  -------------------------------------------------------------------    -------------------
    P5                                                0.000     0.000 r  mode (IN)
                         net (fo=0)                   0.000     0.000    mode
    P5                   IBUF (Prop_ibuf_I_O)         0.226     0.226 r  mode_IBUF_inst/O
                         net (fo=19, routed)          1.100     1.326    u_test_circuit/mode_IBUF
    SLICE_X53Y3          LUT6 (Prop_lut6_I1_O)        0.045     1.371 r  u_test_circuit/display_value_q[6]_i_1/O
                         net (fo=1, routed)           0.000     1.371    u_test_circuit/display_value_q[6]_i_1_n_0
    SLICE_X53Y3          FDCE                                         r  u_test_circuit/display_value_q_reg[6]/D
  -------------------------------------------------------------------    -------------------

                         (clock sys_clk rise edge)    0.000     0.000 r  
    P17                                               0.000     0.000 r  clk (IN)
                         net (fo=0)                   0.000     0.000    clk
    P17                  IBUF (Prop_ibuf_I_O)         0.434     0.434 r  clk_IBUF_inst/O
                         net (fo=1, routed)           0.689     1.123    clk_IBUF
    BUFGCTRL_X0Y0        BUFG (Prop_bufg_I_O)         0.029     1.152 r  clk_IBUF_BUFG_inst/O
                         net (fo=1901, routed)        0.837     1.988    u_test_circuit/clk_IBUF_BUFG
    SLICE_X53Y3          FDCE                                         r  u_test_circuit/display_value_q_reg[6]/C





