memory_initialization_radix=16;
memory_initialization_vector=
C5D71484,
F8CF9BF4,
B76F4790,
4730804B,
9E3225A9,
F133B5DE,
00000000,
00000000,
00000000,
00000000,
00000000,
00000000,
00000014,
00000220,
00000000,
00000000,
A168F4E2,
851F072F,
CC00FCAA,
7CA62061,
717A48E5,
2E29A3FA,
379A953F,
AA6893E3,
2EC5A27B,
945E605F,
1085F323,
2D424C13,
29C88D78,
6ED68CE6,
FCB62AA6,
3BF9AB61,
7C088A3B,
70BE57AA,
DA1F334A,
7017250D,
3F603DC8,
2EBD3B12,
0B635E3F,
F56B1F0B,
D9338523,
71249AB3,
DF5C1FEF,
1433C866,
85B7F056,
681D5152,
AF803CE2,
5906F1D1,
9FB6C680,
4E06EA28,
AB178F45,
7AF6B493,
B7439EC6,
D4290062,
AB517A72,
E5C1D410,
CDD61754,
E4208450,
E4F90013,
FDA69FEF,
19D4602A,
4207CDD5,
A1016D07,
0132613C,
659A8F5D,
33F3CB29,
0B8CE73B,
8344B13A,
4F8E0915,
146984A1,
BB15FDEA,
DEBE5B6A,
C0950446,
4D8AAAAC,
BC2FAD12,
158A534C,
94B8CA42,
963AF47A,
189D5B24,
9ACEA899,
D43732F6,
F2ACAF3F,
F53BFEDA,
139AAB4F,
55C02C21,
2B65711F,
C50432C9,
94E5FA6F,
D82ABC70,
8555DC62,
B73A200E,
E7673CFE,
CB836A15,
6E4A3565,
EAC1B94D,
35F94BCF,
D8FDA5FF,
FF677004,
AEA2A412,
4B834FC2,
96F0212B,
14217342,
149907E5,
A9524CEB,
BEC3112E,
27DA6994,
D5F6C677,
0A005D9A,
82AA21FC,
869BD0C4,
C41F5341,
7A92AB1C,
12F6D548,
FB294DB4,
D212EEC5,
EA1833F1,
4D0A1043,
A535B163,
C4FB381E,
EFAC3F97,
41C6963E,
6013C8E3,
BE61E9B6,
261614F8,
820D6E75,
2FD79C3A,
4ADAD82B,
35D42032,
D44F0FE4,
DCD50FFE,
A68128B4,
243EB70F,
B0B25B05,
76BB2449,
6A01683F,
0396BC0C,
77485FE8,
39F4B084,
420E6AB9,
ABF29597,
A75E2934,
9D50C04B,
4072A17C,
795E95BE,
D617430A,
C9272543,
D799D548,
D898B52B,
7FE3BD1D,
C0D104D5,
A4E168BE,
96F12E5E,
378D394E,
E4CC5ED7,
DD597EE8,
AE48B5EC,
2CF76896,
00E5EC03,
6F983A9A,
4FD9F12F,
FE76CF8F,
0B3D8A14,
0083CBCA,
E33481B5,
91642B12,
24869CAE,
3C7F5322,
D4949044,
6B35D2CE,
8E95E2BE,
46503F3D,
C3CDEF47,
99B5F2D4,
6FF4FAA2,
FC1EE399,
49FD1A6E,
0DB5F1C8,
052229CA,
03B8153B,
018A9574,
48936135,
DEEBA9C4,
56A9D7DE,
4BE54BA1,
426A5FE3,
B2C7DAFB,
C77064E0,
6819C611,
772B5FBA,
1D587798,
2C91B4D2,
EA1BDCE8,
FA82F36E,
AC881516,
1A53B301,
94034720,
DB71CB71,
E862AD34,
2BA3A5E9,
A6820E16,
61BC296B,
B1606780,
9A9FC482,
F6B07A16,
9C2504EB,
FDE018D3,
FCEBE13C,
2B297B32,
4ED36DE1,
27DAC914,
5C7FFA70,
418EB4A3,
DE369267,
97E2EC85,
8B76083C,
3258D47F,
6F9103DB,
193EC48B,
3CB77590,
717A219D,
A777BFF5,
92574607,
A7BB0C42,
CA4F5A27,
4569FE6D,
784377C4,
B443FF37,
0DB7FAE9,
9E067053,
FDF6A028,
8446CD61,
A295C41E,
6A13A17F,
AFE17385,
B0539C08,
B61D4DB4,
0BFB1F0C,
7B170673,
A7221FB0,
D8456EE5,
DE48B79F,
5AA8D1C3,
04D187EC,
153ED1C7,
5701464B,
28A8795A,
7E0B5656,
28DA35EA,
4C1481AE,
C00D12FE,
2DB7954D,
EA78B653,
CFAC8AFC,
C9079F93,
F0118613,
E9CA3DCE,
B1FD1A0A,
8B118294,
6AAEC580,
6A3BA87C,
B4534EA9,
041A4FB0,
B99596A5,
FDCEDC57,
004816E2,
40AE04F5,
836023D9,
8E595620,
5038C4DE,
889F9106,
DB8F84A2,
AF61DD48,
00000000,
00000000,
00000000,
00000000,
00000000,
00000000,
00000000,
00000000,
00000000,
00000000,
00000000,
00000000,
00000000,
00000000,
00000000,
00000000,
00000000,
00000000,
00000000,
00000000,
00000000,
00000000,
00000000,
00000000,
00000000,
00000000,
00000000,
00000000,
00000000,
00000000,
00000000,
00000000,
00000000,
00000000,
00000000,
00000000,
00000000,
00000000,
00000000,
00000000,
00000000,
00000000,
00000000,
00000000,
00000000,
00000000,
00000000,
00000000,
00000000,
00000000,
00000000,
00000000,
00000000,
00000000,
00000000,
00000000,
00000000,
00000000,
00000000,
00000000,
00000000,
00000000,
00000000,
00000000,
00000000,
00000000,
00000000,
00000000,
00000000,
00000000,
00000000,
00000000,
00000000,
00000000,
00000000,
00000000,
00000000,
00000000,
00000000,
00000000,
00000000,
00000000,
00000000,
00000000,
00000000,
00000000,
00000000,
00000000,
00000000,
00000000,
00000000,
00000000,
00000000,
00000000,
00000000,
00000000,
00000000,
00000000,
00000000,
00000000,
00000000,
00000000,
00000000,
00000000,
00000000,
00000000,
00000000,
00000000,
00000000,
00000000,
00000000,
00000000,
00000000,
00000000,
00000000,
00000000,
00000000,
00000000,
00000000,
00000000,
00000000,
00000000,
00000000,
00000000,
00000000,
00000000,
00000000,
00000000,
00000000,
00000000,
00000000,
00000000,
00000000,
00000000,
00000000,
00000000,
00000000,
00000000,
00000000,
00000000,
00000000,
00000000,
00000000,
00000000,
00000000,
00000000,
00000000,
00000000,
00000000,
00000000,
00000000,
00000000,
00000000,
00000000,
00000000,
00000000,
00000000,
00000000,
00000000,
00000000,
00000000,
00000000,
00000000,
00000000,
00000000,
00000000,
00000000,
00000000,
00000000,
00000000,
00000000,
00000000,
00000000,
00000000,
00000000,
00000000,
00000000,
00000000,
00000000,
00000000,
00000000,
00000000,
00000000,
00000000,
00000000,
00000000,
00000000,
00000000,
00000000,
00000000,
00000000,
00000000,
00000000,
00000000,
00000000,
00000000,
00000000,
00000000,
00000000,
00000000,
00000000,
00000000,
00000000,
00000000,
00000000,
00000000,
00000000,
00000000,
00000000,
00000000,
00000000,
00000000,
00000000,
00000000,
00000000,
00000000,
00000000,
00000000,
00000000,
00000000,
00000000,
00000000,
00000000,
00000000,
00000000,
00000000,
00000000,
00000000,
00000000,
00000000,
00000000,
00000000,
00000000,
00000000,
00000000,
00000000,
00000000,
00000000,
00000000,
00000000,
00000000,
00000000,
00000000,
00000000,
00000000,
00000000,
00000000,
00000000,
00000000,
00000000,
00000000,
00000000,
00000000,
00000000,
00000000,
00000000,
00000000,
00000000,
00000000,
00000000,
00000000,
00000000,
00000000,
00000000,
00000000,
00000000,
00000000,
00000000,
00000000,
00000000,
00000000,
00000000,
00000000,
00000000,
00000000,
00000000,
00000000,
00000000,
00000000,
00000000,
00000000,
00000000,
00000000,
00000000,
00000000,
00000000,
00000000,
00000000,
00000000,
00000000,
00000000,
00000000,
00000000,
00000000,
00000000,
00000000,
00000000,
00000000,
00000000,
00000000,
00000000,
00000000,
00000000,
00000000,
00000000,
00000000,
00000000,
00000000,
00000000,
00000000,
00000000,
00000000,
00000000,
00000000,
00000000,
00000000,
00000000,
00000000,
00000000,
00000000,
00000000,
00000000,
00000000,
00000000,
00000000,
00000000,
00000000,
00000000,
00000000,
00000000,
00000000,
00000000,
00000000,
00000000,
00000000,
00000000,
00000000,
00000000,
00000000,
00000000,
00000000,
00000000,
00000000,
00000000,
00000000,
00000000,
00000000,
00000000,
00000000,
00000000,
00000000,
00000000,
00000000,
00000000,
00000000,
00000000,
00000000,
00000000,
00000000,
00000000,
00000000,
00000000,
00000000,
00000000,
00000000,
00000000,
00000000,
00000000,
00000000,
00000000,
00000000,
00000000,
00000000,
00000000,
00000000,
00000000,
00000000,
00000000,
00000000,
00000000,
00000000,
00000000,
00000000,
00000000,
00000000,
00000000,
00000000,
00000000,
00000000,
00000000,
00000000,
00000000,
00000000,
00000000,
00000000,
00000000,
00000000,
00000000,
00000000,
00000000,
00000000,
00000000,
00000000,
00000000,
00000000,
00000000,
00000000,
00000000,
00000000,
00000000,
00000000,
00000000,
00000000,
00000000,
00000000,
00000000,
00000000,
00000000,
00000000,
00000000,
00000000,
00000000,
00000000,
00000000,
00000000,
00000000,
00000000,
00000000,
00000000,
00000000,
00000000,
00000000,
00000000,
00000000,
00000000,
00000000,
00000000,
00000000,
00000000,
00000000,
00000000,
00000000,
00000000,
00000000,
00000000,
00000000,
00000000,
00000000,
00000000,
00000000,
00000000,
00000000,
00000000,
00000000,
00000000,
00000000,
00000000,
00000000,
00000000,
00000000,
00000000,
00000000,
00000000,
00000000,
00000000,
00000000,
00000000,
00000000,
00000000,
00000000,
00000000,
00000000,
00000000,
00000000,
00000000,
00000000,
00000000,
00000000,
00000000,
00000000,
00000000,
00000000,
00000000,
00000000,
00000000,
00000000,
00000000,
00000000,
00000000,
00000000,
00000000,
00000000,
00000000,
00000000,
00000000,
00000000,
00000000,
00000000,
00000000,
00000000,
00000000,
00000000,
00000000,
00000000,
00000000,
00000000,
00000000,
00000000,
00000000,
00000000,
00000000,
00000000,
00000000,
00000000,
00000000,
00000000,
00000000,
00000000,
00000000,
00000000,
00000000,
00000000,
00000000,
00000000,
00000000,
00000000,
00000000,
00000000,
00000000,
00000000,
00000000,
00000000,
00000000,
00000000,
00000000,
00000000,
00000000,
00000000,
00000000,
00000000,
00000000,
00000000,
00000000,
00000000,
00000000,
00000000,
00000000,
00000000,
00000000,
00000000,
00000000,
00000000,
00000000,
00000000,
00000000,
00000000,
00000000,
00000000,
00000000,
00000000,
00000000,
00000000,
00000000,
00000000,
00000000,
00000000,
00000000,
00000000,
00000000,
00000000,
00000000,
00000000,
00000000,
00000000,
00000000,
00000000,
00000000,
00000000,
00000000,
00000000,
00000000,
00000000,
00000000,
00000000,
00000000,
00000000,
00000000,
00000000,
00000000,
00000000,
00000000,
00000000,
00000000,
00000000,
00000000,
00000000,
00000000,
00000000,
00000000,
00000000,
00000000,
00000000,
00000000,
00000000,
00000000,
00000000,
00000000,
00000000,
00000000,
00000000,
00000000,
00000000,
00000000,
00000000,
00000000,
00000000,
00000000,
00000000,
00000000,
00000000,
00000000,
00000000,
00000000,
00000000,
00000000,
00000000,
00000000,
00000000,
00000000,
00000000,
00000000,
00000000,
00000000,
00000000,
00000000,
00000000,
00000000,
00000000,
00000000,
00000000,
00000000,
00000000,
00000000,
00000000,
00000000,
00000000,
00000000,
00000000,
00000000,
00000000,
00000000,
00000000,
00000000,
00000000,
00000000,
00000000,
00000000,
00000000,
00000000,
00000000,
00000000,
00000000,
00000000,
00000000,
00000000,
00000000,
00000000,
00000000,
00000000,
00000000,
00000000,
00000000,
00000000,
00000000,
00000000,
00000000,
00000000,
00000000,
00000000,
00000000,
00000000,
00000000,
00000000,
00000000,
00000000,
00000000,
00000000,
00000000,
0000000A,
0000001E,
00000003,
00000007,
0000000B,
00000000,
00000000,
00000000,
00000000,
00000000,
00000000,
00000000,
00000000,
00000000,
00000000,
00000000,
00000000,
00000000,
00000000,
00000000,
00000000,
00000000,
00000000,
00000000,
00000000,
00000000,
00000000,
00000000,
00000000,
00000000,
00000000,
00000000,
00000000,
00000000,
00000000,
00000000,
00000000,
00000000,
00000000,
00000000,
00000000,
00000000,
00000000,
00000000,
00000000,
00000000,
00000000,
00000000,
00000000,
00000000,
00000000,
00000000,
00000000,
00000000,
00000000,
00000000,
00000000,
00000000,
00000000,
00000000,
00000000,
00000000,
00000000,
00000000,
034FC4B8,
ED12D274,
08B95163,
B5FE097F,
7B8C5ED7,
27E579E6,
00000000,
00000000,
00000000,
00000000,
00000000,
00000000,
00000018,
00000220,
00000000,
00000000,
336054E1,
21DACA8B,
81DFB6A7,
2E9D0FFC,
058067CB,
C5DFC713,
EEB5408E,
A70CCBF2,
451529B1,
B8022361,
38F116A1,
0CA1C940,
8CD0484B,
CE9C1E53,
4044F617,
16C65CB0,
2A295987,
6785A781,
84E94FE5,
4E135A11,
A12462E9,
7AEA51AA,
45F31D2A,
AF012835,
DAB4E7AB,
C1B93C45,
A20B5D40,
09AC6216,
D31F9FC7,
1A56B727,
D11BE1B5,
829EE8D3,
5C0FE887,
61C620B7,
313F0DB3,
0A5ACE06,
A5E9FDF3,
291ACD86,
0E3129AA,
B732F110,
4E921200,
C0AC504B,
5259517C,
A80CF7CB,
16737B90,
A85779B4,
7353D7ED,
BA46C506,
5302C758,
4C090CA5,
01131839,
4B4EC20D,
D6DFAA7E,
46BA6ECC,
2542D0B3,
31DCDF7D,
F1C373CA,
7AF6CB23,
818DBE0B,
F2798D14,
A4C83618,
49C80DD7,
C9DD35EB,
EC5256AE,
F2D25191,
39BCB049,
B7F21B64,
835AA697,
C21595DC,
11D289C0,
6AB14443,
38B6540F,
DCCBED26,
27D94656,
4E6A5474,
0F45FCB6,
93AB3CD1,
8651AFA9,
4AC09C78,
C1B1C7F1,
9CD1D032,
4E4B0236,
68388856,
C02B1205,
3BB9F6A2,
37E7BC81,
F9755127,
560D55D1,
6AE0CF87,
0A44C657,
E11BC02C,
CFAB77E9,
14F53489,
FBC9F287,
5C75BA51,
9A49E923,
23F4C9D1,
2F87F675,
389748B8,
30461D46,
650310CF,
FB36F2B1,
AF31027B,
74FE9F8C,
7304FDB5,
AE2E279C,
D873BCC3,
4A769366,
F6B790C4,
423DCDB5,
F175BFB7,
DD8EB7CD,
9035F595,
3DE44EB0,
7C5FADFF,
7538C4C7,
EDEC70CC,
9FF977A1,
002FF1A2,
C974DC18,
14D02F86,
66A75B39,
5CBA0E77,
1604C302,
423B6629,
EE6500D4,
225A7774,
D4C3F300,
DF6BC315,
890EB1BC,
ACE8442F,
8034348B,
0C4845C2,
6AA367D7,
3D36F33F,
E5F05BE8,
AD41D582,
C128AB77,
E87FB3F6,
D20CE403,
CFE472DB,
7B81F4F3,
4874E191,
B8F84C2C,
60993E1E,
4FAF12AB,
52EFC760,
D2FE6255,
C818AD60,
A75DDE4D,
FC6DE110,
7CF9A264,
00161F44,
7CE27237,
D992ADFC,
6253BEB6,
E0C8E0A2,
EF224B70,
3A4FC9ED,
6BBC170A,
CF6A2CD3,
D26B0245,
FA9EC221,
28FC0768,
D6B89F2A,
0B7A0EBC,
4EEE8438,
E48E70C3,
C4AD7487,
2D164FA1,
F820F5DE,
A3C50C3B,
DE44480F,
3CDC7E10,
8B87C43B,
B095BF61,
1EAD0752,
FD0B84A9,
46B032D5,
22803526,
41F81172,
B1316F5A,
75CC67E0,
B25089B2,
666EEEA0,
418D002A,
A79DA511,
2B07953A,
558C67B1,
E52DD4D1,
3E29EDA5,
59977BDF,
92100B04,
8927A0A2,
93187F47,
841CC6D6,
8F7381A0,
FAE53ED8,
BF561A76,
F4C40F7A,
299D325D,
41E007B9,
D33F7EFF,
9089CEDC,
F11D54B6,
677F4D71,
9A4A5F80,
0D5C77D5,
507C4156,
7E990AEB,
661FD255,
C3C66CC5,
FC34402C,
0529057C,
CAE68DD3,
B0CA8427,
507C6B17,
1B22E47F,
E6449406,
4BB3B7BB,
9881440B,
F566CBAD,
F29AE147,
F397A9B2,
C2CACD98,
7860DC6E,
875547F3,
AE84DD9A,
E91A6383,
EA230967,
3483006E,
5E58B889,
04080A55,
9E78C9FF,
B9B52CDD,
3B0C5807,
8BB46AC4,
64A35E5B,
FE4DD074,
011BDF10,
452BD69E,
A9601FAD,
46A18CF8,
F6A98A27,
EA513784,
CFE5D751,
D6403939,
5FF69633,
D9868D38,
B6260414,
07463ED0,
C5F60DA0,
472BC873,
186BD30E,
18CC4398,
D0CF1CE4,
00000000,
00000000,
00000000,
00000000,
00000000,
00000000,
00000000,
00000000,
00000000,
00000000,
00000000,
00000000,
00000000,
00000000,
00000000,
00000000,
00000000,
00000000,
00000000,
00000000,
00000000,
00000000,
00000000,
00000000,
00000000,
00000000,
00000000,
00000000,
00000000,
00000000,
00000000,
00000000,
00000000,
00000000,
00000000,
00000000,
00000000,
00000000,
00000000,
00000000,
00000000,
00000000,
00000000,
00000000,
00000000,
00000000,
00000000,
00000000,
00000000,
00000000,
00000000,
00000000,
00000000,
00000000,
00000000,
00000000,
00000000,
00000000,
00000000,
00000000,
00000000,
00000000,
00000000,
00000000,
00000000,
00000000,
00000000,
00000000,
00000000,
00000000,
00000000,
00000000,
00000000,
00000000,
00000000,
00000000,
00000000,
00000000,
00000000,
00000000,
00000000,
00000000,
00000000,
00000000,
00000000,
00000000,
00000000,
00000000,
00000000,
00000000,
00000000,
00000000,
00000000,
00000000,
00000000,
00000000,
00000000,
00000000,
00000000,
00000000,
00000000,
00000000,
00000000,
00000000,
00000000,
00000000,
00000000,
00000000,
00000000,
00000000,
00000000,
00000000,
00000000,
00000000,
00000000,
00000000,
00000000,
00000000,
00000000,
00000000,
00000000,
00000000,
00000000,
00000000,
00000000,
00000000,
00000000,
00000000,
00000000,
00000000,
00000000,
00000000,
00000000,
00000000,
00000000,
00000000,
00000000,
00000000,
00000000,
00000000,
00000000,
00000000,
00000000,
00000000,
00000000,
00000000,
00000000,
00000000,
00000000,
00000000,
00000000,
00000000,
00000000,
00000000,
00000000,
00000000,
00000000,
00000000,
00000000,
00000000,
00000000,
00000000,
00000000,
00000000,
00000000,
00000000,
00000000,
00000000,
00000000,
00000000,
00000000,
00000000,
00000000,
00000000,
00000000,
00000000,
00000000,
00000000,
00000000,
00000000,
00000000,
00000000,
00000000,
00000000,
00000000,
00000000,
00000000,
00000000,
00000000,
00000000,
00000000,
00000000,
00000000,
00000000,
00000000,
00000000,
00000000,
00000000,
00000000,
00000000,
00000000,
00000000,
00000000,
00000000,
00000000,
00000000,
00000000,
00000000,
00000000,
00000000,
00000000,
00000000,
00000000,
00000000,
00000000,
00000000,
00000000,
00000000,
00000000,
00000000,
00000000,
00000000,
00000000,
00000000,
00000000,
00000000,
00000000,
00000000,
00000000,
00000000,
00000000,
00000000,
00000000,
00000000,
00000000,
00000000,
00000000,
00000000,
00000000,
00000000,
00000000,
00000000,
00000000,
00000000,
00000000,
00000000,
00000000,
00000000,
00000000,
00000000,
00000000,
00000000,
00000000,
00000000,
00000000,
00000000,
00000000,
00000000,
00000000,
00000000,
00000000,
00000000,
00000000,
00000000,
00000000,
00000000,
00000000,
00000000,
00000000,
00000000,
00000000,
00000000,
00000000,
00000000,
00000000,
00000000,
00000000,
00000000,
00000000,
00000000,
00000000,
00000000,
00000000,
00000000,
00000000,
00000000,
00000000,
00000000,
00000000,
00000000,
00000000,
00000000,
00000000,
00000000,
00000000,
00000000,
00000000,
00000000,
00000000,
00000000,
00000000,
00000000,
00000000,
00000000,
00000000,
00000000,
00000000,
00000000,
00000000,
00000000,
00000000,
00000000,
00000000,
00000000,
00000000,
00000000,
00000000,
00000000,
00000000,
00000000,
00000000,
00000000,
00000000,
00000000,
00000000,
00000000,
00000000,
00000000,
00000000,
00000000,
00000000,
00000000,
00000000,
00000000,
00000000,
00000000,
00000000,
00000000,
00000000,
00000000,
00000000,
00000000,
00000000,
00000000,
00000000,
00000000,
00000000,
00000000,
00000000,
00000000,
00000000,
00000000,
00000000,
00000000,
00000000,
00000000,
00000000,
00000000,
00000000,
00000000,
00000000,
00000000,
00000000,
00000000,
00000000,
00000000,
00000000,
00000000,
00000000,
00000000,
00000000,
00000000,
00000000,
00000000,
00000000,
00000000,
00000000,
00000000,
00000000,
00000000,
00000000,
00000000,
00000000,
00000000,
00000000,
00000000,
00000000,
00000000,
00000000,
00000000,
00000000,
00000000,
00000000,
00000000,
00000000,
00000000,
00000000,
00000000,
00000000,
00000000,
00000000,
00000000,
00000000,
00000000,
00000000,
00000000,
00000000,
00000000,
00000000,
00000000,
00000000,
00000000,
00000000,
00000000,
00000000,
00000000,
00000000,
00000000,
00000000,
00000000,
00000000,
00000000,
00000000,
00000000,
00000000,
00000000,
00000000,
00000000,
00000000,
00000000,
00000000,
00000000,
00000000,
00000000,
00000000,
00000000,
00000000,
00000000,
00000000,
00000000,
00000000,
00000000,
00000000,
00000000,
00000000,
00000000,
00000000,
00000000,
00000000,
00000000,
00000000,
00000000,
00000000,
00000000,
00000000,
00000000,
00000000,
00000000,
00000000,
00000000,
00000000,
00000000,
00000000,
00000000,
00000000,
00000000,
00000000,
00000000,
00000000,
00000000,
00000000,
00000000,
00000000,
00000000,
00000000,
00000000,
00000000,
00000000,
00000000,
00000000,
00000000,
00000000,
00000000,
00000000,
00000000,
00000000,
00000000,
00000000,
00000000,
00000000,
00000000,
00000000,
00000000,
00000000,
00000000,
00000000,
00000000,
00000000,
00000000,
00000000,
00000000,
00000000,
00000000,
00000000,
00000000,
00000000,
00000000,
00000000,
00000000,
00000000,
00000000,
00000000,
00000000,
00000000,
00000000,
00000000,
00000000,
00000000,
00000000,
00000000,
00000000,
00000000,
00000000,
00000000,
00000000,
00000000,
00000000,
00000000,
00000000,
00000000,
00000000,
00000000,
00000000,
00000000,
00000000,
00000000,
00000000,
00000000,
00000000,
00000000,
00000000,
00000000,
00000000,
00000000,
00000000,
00000000,
00000000,
00000000,
00000000,
00000000,
00000000,
00000000,
00000000,
00000000,
00000000,
00000000,
00000000,
00000000,
00000000,
00000000,
00000000,
00000000,
00000000,
00000000,
00000000,
00000000,
00000000,
00000000,
00000000,
00000000,
00000000,
00000000,
00000000,
00000000,
00000000,
00000000,
00000000,
00000000,
00000000,
00000000,
00000000,
00000000,
00000000,
00000000,
00000000,
00000000,
00000000,
00000000,
00000000,
00000000,
00000000,
00000000,
00000000,
00000000,
00000000,
00000000,
00000000,
00000000,
00000000,
00000000,
00000000,
00000000,
00000000,
00000000,
00000000,
00000000,
00000000,
00000000,
00000000,
00000000,
00000000,
00000000,
00000000,
00000000,
00000000,
00000000,
00000000,
00000000,
00000000,
00000000,
00000000,
00000000,
00000000,
00000000,
00000000,
00000000,
00000000,
00000000,
00000000,
00000000,
00000000,
00000000,
00000000,
00000000,
00000000,
00000000,
00000000,
00000000,
00000000,
00000000,
00000000,
00000000,
00000000,
00000000,
00000000,
00000000,
00000000,
00000000,
00000000,
00000000,
00000000,
00000000,
00000000,
00000000,
00000000,
00000000,
00000000,
00000000,
00000000,
00000000,
00000000,
00000000,
00000000,
00000000,
00000000,
00000000,
00000000,
00000000,
00000000,
00000000,
00000000,
00000000,
00000000,
00000000,
00000000,
00000000,
00000000,
00000000,
00000000,
00000000,
00000000,
00000000,
00000000,
00000000,
00000000,
00000000,
00000000,
00000000,
0000000A,
0000001E,
00000003,
00000007,
0000000B,
00000000,
00000000,
00000000,
00000000,
00000000,
00000000,
00000000,
00000000,
00000000,
00000000,
00000000,
00000000,
00000000,
00000000,
00000000,
00000000,
00000000,
00000000,
00000000,
00000000,
00000000,
00000000,
00000000,
00000000,
00000000,
00000000,
00000000,
00000000,
00000000,
00000000,
00000000,
00000000,
00000000,
00000000,
00000000,
00000000,
00000000,
00000000,
00000000,
00000000,
00000000,
00000000,
00000000,
00000000,
00000000,
00000000,
00000000,
00000000,
00000000,
00000000,
00000000,
00000000,
00000000,
00000000,
00000000,
00000000,
00000000,
00000000,
00000000,
4A416A56,
2DF09389,
816CCE04,
1A230591,
4F48443A,
AA03A54A,
00000000,
00000000,
00000000,
00000000,
00000000,
00000000,
0000001C,
00000220,
00000000,
00000000,
A9202CBE,
6A81E6A9,
F8F02B29,
A1E0C4CE,
F5DA2570,
49CCA04B,
24494F11,
C43B2289,
9AB4F4CD,
A3EEB076,
13C4BBAF,
037F27F3,
38BCDE7C,
0C3914B7,
14BB5CAE,
89F8F7D6,
0078F4B0,
5216F554,
C593F76D,
0DE858E2,
A1A7DC49,
DBC879BC,
C3977B6C,
827BBEE9,
79AC4AA4,
7C498358,
3AE4F568,
5CB77F2D,
FE6B96C7,
8B67B5D0,
A10A1662,
6453EA29,
8093F9D6,
A0C51B3A,
1EAB5188,
E09ED4F6,
BF702D29,
2E08A931,
780A1530,
9F2EC841,
658E9751,
5E734642,
7484FD9B,
4A8A6828,
45D05D65,
08B3F540,
8A298E70,
02496A01,
D6414AF8,
15A37059,
E9A2E276,
8C6033B3,
FA8BB490,
6F92C821,
59C03A30,
46EB49D8,
85635A23,
87E1A7C0,
1AB0C7C4,
404D119C,
E3D46BEF,
68C82C31,
CD3EEE55,
1067777B,
30C1D023,
6C656FFB,
2E623342,
63DCCA86,
F10EB3B0,
691165E1,
6E6C0349,
79E8F12E,
8D94C8A8,
982D3FFE,
BD2D7545,
D17A09F8,
9049BD4A,
3BA4A326,
B8626697,
D9C1CA12,
49E12793,
4F60FAB3,
4F4CDB87,
6C3B5047,
E2D85B13,
99F02BBB,
3233FD7D,
150F2CEE,
8583C053,
793E51FE,
7C067349,
494F5A22,
368F308A,
EF84D615,
2648E71E,
B1AA82D0,
C70B977B,
6C2D497E,
6DE7A305,
80D742A9,
C6669830,
E38A7986,
9C2BBC4A,
E60DC5E5,
1A92D9EF,
63520388,
36C58365,
F8F187CE,
43FE8958,
076AAD85,
370FDF9E,
A562A9D2,
413F7FB7,
F1E258B5,
DADFD1BA,
362CE743,
3107C5F5,
79C931D7,
1D97579A,
8E3FAC00,
49002FAD,
ACE7657C,
BFEC8557,
E6CC0734,
0236A86A,
9F3A9A2F,
34931F7D,
3854E354,
54EE8455,
E10DC108,
3E339E2A,
C36A83C4,
75EDBC5F,
D904D777,
91B1A0F2,
EF81B08B,
535F71EC,
A50BBEF2,
927E0A34,
EB5D65C7,
A94410FB,
D3EFE1BC,
06656822,
FB432CCF,
8E6A28DB,
0BF4AF01,
6597D6E5,
9120132C,
B1C2D3C3,
7690F8CD,
00DE93F8,
4ECCDCCA,
9AF0BD9B,
D657B113,
D9E0E19E,
2174A976,
C00CAD4F,
5DFE2332,
5A10755B,
05DFDC5B,
94CBE19F,
1351F550,
363BF290,
9C9AC810,
88A9EC22,
1E9670E8,
9E69C122,
D914152E,
BC03969E,
1D001016,
4F56F029,
470A4534,
27213B67,
33F9DD29,
3AF2E456,
3446BED8,
4229117F,
30C1BEA5,
C89D7B2E,
4ECFBA91,
B4BF0A04,
0049836B,
465F3BFA,
F7408D85,
471458B3,
A56630FD,
4A80A461,
3B7CB4CC,
348CC6B6,
10A976C9,
11D78A51,
86178928,
ABD50388,
745B81BD,
3A57FE66,
25D09215,
84020F51,
A858CF77,
651061E8,
E6ABB1BA,
3B08D6BA,
5FF574C5,
0760FDD3,
C8524EDB,
C3E36D81,
2051019A,
5E324E80,
5ACB83D7,
A4D9FBED,
3D80A183,
8191C00B,
FF67D88B,
D0120BD4,
2B8E0D0F,
FCC7B3F1,
E3F35E0C,
B66B9DDC,
22703154,
E841FEA1,
E14FFA81,
FBAE7216,
B887C931,
9D42474A,
20AE6316,
0DFAF127,
1947EE45,
84299AB6,
42EFBD15,
A8343338,
9C9DBB5C,
03F3CFCF,
6D2ED588,
F8DDFCC0,
4ADB69D9,
62892446,
EEA4B995,
E6AF7D53,
EC41AE70,
FE4F31E3,
A2592CA1,
538BB63B,
39C1A4A7,
9EAA0060,
9A5F5651,
F37B2884,
361AC12D,
C8EDF848,
481D394D,
3DCE3090,
29336F9A,
CE58E788,
AC59CE85,
5A522B6C,
B7E92EA9,
D99AEA1C,
47B259FF,
00000000,
00000000,
00000000,
00000000,
00000000,
00000000,
00000000,
00000000,
00000000,
00000000,
00000000,
00000000,
00000000,
00000000,
00000000,
00000000,
00000000,
00000000,
00000000,
00000000,
00000000,
00000000,
00000000,
00000000,
00000000,
00000000,
00000000,
00000000,
00000000,
00000000,
00000000,
00000000,
00000000,
00000000,
00000000,
00000000,
00000000,
00000000,
00000000,
00000000,
00000000,
00000000,
00000000,
00000000,
00000000,
00000000,
00000000,
00000000,
00000000,
00000000,
00000000,
00000000,
00000000,
00000000,
00000000,
00000000,
00000000,
00000000,
00000000,
00000000,
00000000,
00000000,
00000000,
00000000,
00000000,
00000000,
00000000,
00000000,
00000000,
00000000,
00000000,
00000000,
00000000,
00000000,
00000000,
00000000,
00000000,
00000000,
00000000,
00000000,
00000000,
00000000,
00000000,
00000000,
00000000,
00000000,
00000000,
00000000,
00000000,
00000000,
00000000,
00000000,
00000000,
00000000,
00000000,
00000000,
00000000,
00000000,
00000000,
00000000,
00000000,
00000000,
00000000,
00000000,
00000000,
00000000,
00000000,
00000000,
00000000,
00000000,
00000000,
00000000,
00000000,
00000000,
00000000,
00000000,
00000000,
00000000,
00000000,
00000000,
00000000,
00000000,
00000000,
00000000,
00000000,
00000000,
00000000,
00000000,
00000000,
00000000,
00000000,
00000000,
00000000,
00000000,
00000000,
00000000,
00000000,
00000000,
00000000,
00000000,
00000000,
00000000,
00000000,
00000000,
00000000,
00000000,
00000000,
00000000,
00000000,
00000000,
00000000,
00000000,
00000000,
00000000,
00000000,
00000000,
00000000,
00000000,
00000000,
00000000,
00000000,
00000000,
00000000,
00000000,
00000000,
00000000,
00000000,
00000000,
00000000,
00000000,
00000000,
00000000,
00000000,
00000000,
00000000,
00000000,
00000000,
00000000,
00000000,
00000000,
00000000,
00000000,
00000000,
00000000,
00000000,
00000000,
00000000,
00000000,
00000000,
00000000,
00000000,
00000000,
00000000,
00000000,
00000000,
00000000,
00000000,
00000000,
00000000,
00000000,
00000000,
00000000,
00000000,
00000000,
00000000,
00000000,
00000000,
00000000,
00000000,
00000000,
00000000,
00000000,
00000000,
00000000,
00000000,
00000000,
00000000,
00000000,
00000000,
00000000,
00000000,
00000000,
00000000,
00000000,
00000000,
00000000,
00000000,
00000000,
00000000,
00000000,
00000000,
00000000,
00000000,
00000000,
00000000,
00000000,
00000000,
00000000,
00000000,
00000000,
00000000,
00000000,
00000000,
00000000,
00000000,
00000000,
00000000,
00000000,
00000000,
00000000,
00000000,
00000000,
00000000,
00000000,
00000000,
00000000,
00000000,
00000000,
00000000,
00000000,
00000000,
00000000,
00000000,
00000000,
00000000,
00000000,
00000000,
00000000,
00000000,
00000000,
00000000,
00000000,
00000000,
00000000,
00000000,
00000000,
00000000,
00000000,
00000000,
00000000,
00000000,
00000000,
00000000,
00000000,
00000000,
00000000,
00000000,
00000000,
00000000,
00000000,
00000000,
00000000,
00000000,
00000000,
00000000,
00000000,
00000000,
00000000,
00000000,
00000000,
00000000,
00000000,
00000000,
00000000,
00000000,
00000000,
00000000,
00000000,
00000000,
00000000,
00000000,
00000000,
00000000,
00000000,
00000000,
00000000,
00000000,
00000000,
00000000,
00000000,
00000000,
00000000,
00000000,
00000000,
00000000,
00000000,
00000000,
00000000,
00000000,
00000000,
00000000,
00000000,
00000000,
00000000,
00000000,
00000000,
00000000,
00000000,
00000000,
00000000,
00000000,
00000000,
00000000,
00000000,
00000000,
00000000,
00000000,
00000000,
00000000,
00000000,
00000000,
00000000,
00000000,
00000000,
00000000,
00000000,
00000000,
00000000,
00000000,
00000000,
00000000,
00000000,
00000000,
00000000,
00000000,
00000000,
00000000,
00000000,
00000000,
00000000,
00000000,
00000000,
00000000,
00000000,
00000000,
00000000,
00000000,
00000000,
00000000,
00000000,
00000000,
00000000,
00000000,
00000000,
00000000,
00000000,
00000000,
00000000,
00000000,
00000000,
00000000,
00000000,
00000000,
00000000,
00000000,
00000000,
00000000,
00000000,
00000000,
00000000,
00000000,
00000000,
00000000,
00000000,
00000000,
00000000,
00000000,
00000000,
00000000,
00000000,
00000000,
00000000,
00000000,
00000000,
00000000,
00000000,
00000000,
00000000,
00000000,
00000000,
00000000,
00000000,
00000000,
00000000,
00000000,
00000000,
00000000,
00000000,
00000000,
00000000,
00000000,
00000000,
00000000,
00000000,
00000000,
00000000,
00000000,
00000000,
00000000,
00000000,
00000000,
00000000,
00000000,
00000000,
00000000,
00000000,
00000000,
00000000,
00000000,
00000000,
00000000,
00000000,
00000000,
00000000,
00000000,
00000000,
00000000,
00000000,
00000000,
00000000,
00000000,
00000000,
00000000,
00000000,
00000000,
00000000,
00000000,
00000000,
00000000,
00000000,
00000000,
00000000,
00000000,
00000000,
00000000,
00000000,
00000000,
00000000,
00000000,
00000000,
00000000,
00000000,
00000000,
00000000,
00000000,
00000000,
00000000,
00000000,
00000000,
00000000,
00000000,
00000000,
00000000,
00000000,
00000000,
00000000,
00000000,
00000000,
00000000,
00000000,
00000000,
00000000,
00000000,
00000000,
00000000,
00000000,
00000000,
00000000,
00000000,
00000000,
00000000,
00000000,
00000000,
00000000,
00000000,
00000000,
00000000,
00000000,
00000000,
00000000,
00000000,
00000000,
00000000,
00000000,
00000000,
00000000,
00000000,
00000000,
00000000,
00000000,
00000000,
00000000,
00000000,
00000000,
00000000,
00000000,
00000000,
00000000,
00000000,
00000000,
00000000,
00000000,
00000000,
00000000,
00000000,
00000000,
00000000,
00000000,
00000000,
00000000,
00000000,
00000000,
00000000,
00000000,
00000000,
00000000,
00000000,
00000000,
00000000,
00000000,
00000000,
00000000,
00000000,
00000000,
00000000,
00000000,
00000000,
00000000,
00000000,
00000000,
00000000,
00000000,
00000000,
00000000,
00000000,
00000000,
00000000,
00000000,
00000000,
00000000,
00000000,
00000000,
00000000,
00000000,
00000000,
00000000,
00000000,
00000000,
00000000,
00000000,
00000000,
00000000,
00000000,
00000000,
00000000,
00000000,
00000000,
00000000,
00000000,
00000000,
00000000,
00000000,
00000000,
00000000,
00000000,
00000000,
00000000,
00000000,
00000000,
00000000,
00000000,
00000000,
00000000,
00000000,
00000000,
00000000,
00000000,
00000000,
00000000,
00000000,
00000000,
00000000,
00000000,
00000000,
00000000,
00000000,
00000000,
00000000,
00000000,
00000000,
00000000,
00000000,
00000000,
00000000,
00000000,
00000000,
00000000,
00000000,
00000000,
00000000,
00000000,
00000000,
00000000,
00000000,
00000000,
00000000,
00000000,
00000000,
00000000,
00000000,
00000000,
00000000,
00000000,
00000000,
00000000,
00000000,
00000000,
00000000,
00000000,
00000000,
00000000,
00000000,
00000000,
00000000,
00000000,
00000000,
00000000,
00000000,
00000000,
00000000,
00000000,
00000000,
00000000,
00000000,
00000000,
00000000,
00000000,
00000000,
00000000,
00000000,
00000000,
00000000,
00000000,
00000000,
00000000,
00000000,
00000000,
00000000,
0000000A,
0000001E,
00000003,
00000007,
0000000B,
00000000,
00000000,
00000000,
00000000,
00000000,
00000000,
00000000,
00000000,
00000000,
00000000,
00000000,
00000000,
00000000,
00000000,
00000000,
00000000,
00000000,
00000000,
00000000,
00000000,
00000000,
00000000,
00000000,
00000000,
00000000,
00000000,
00000000,
00000000,
00000000,
00000000,
00000000,
00000000,
00000000,
00000000,
00000000,
00000000,
00000000,
00000000,
00000000,
00000000,
00000000,
00000000,
00000000,
00000000,
00000000,
00000000,
00000000,
00000000,
00000000,
00000000,
00000000,
00000000,
00000000,
00000000,
00000000,
00000000,
00000000,
00000000,
00000000,
73762140,
E1DE32B8,
733DA544,
6679A1FE,
AFF68A97,
095C8B64,
00000000,
00000000,
00000000,
00000000,
00000000,
00000000,
00000020,
00000220,
00000000,
00000000,
389FE159,
3818E9C0,
D6A2AC74,
A9FD4A0D,
F647002B,
0946381C,
A49F6320,
18755AB8,
C4BCD66B,
C8147203,
E405D44E,
662042A2,
8F96E7AF,
D3FBA888,
9BE3AACD,
ABCE8F07,
6DEF98CE,
DB425BF4,
61576227,
8A535EF8,
3EF67FDE,
5E3B1B13,
2E30464B,
6BB7BB33,
31C0FA40,
AB6872E3,
923047D6,
3060425B,
888DA656,
E4AC332E,
CA051F60,
AFDE7FA9,
DA3FA821,
F6FC987D,
C41EB0A9,
562D8DEA,
035148AC,
E822C78B,
EF910ECF,
0CE93843,
99A8984F,
FAE303A6,
4FD40D98,
5B5028D7,
E746D7AD,
43B8562A,
2F7C3967,
F4620EC0,
A887B581,
E2139FE4,
DD72F207,
CAAC6DB2,
96535A8F,
663CB4C1,
4F9A8255,
CF0E275F,
C7D22827,
7F226EA5,
E7325651,
18E0856D,
1FFC2508,
186057FC,
66942C4C,
BE00AB9E,
739B06D3,
B524A88F,
B133994C,
B41307CD,
04DD77DC,
EE960259,
E8220716,
2E41C9C4,
5970370F,
14C9CF90,
57C20DA3,
D766B67D,
10D4FC18,
66ADEA5E,
646C1266,
3D96A5A8,
9C495CD4,
8D1CC338,
FE53C271,
D1C641E2,
B917746E,
CCF87228,
384E549B,
0EA33A43,
5CD58306,
BB46166E,
E38AD51E,
7F8862AC,
3589FBBE,
961D8737,
B79163AE,
777B6660,
C13E8056,
B1C80D16,
DE388266,
992B35D8,
B45B4B3E,
939659F8,
967E7B27,
F462B7DA,
89A73447,
EDB34220,
EBCDF6A3,
9FF74891,
17D221ED,
5A2239C9,
769536D9,
970F19CE,
D3BC747D,
53373B4A,
97B7F87E,
DD4C5FAE,
5C0BAB4C,
34A17E34,
35F4FC92,
AB2E6A15,
CE84AE70,
AE8521E6,
411331E0,
8FAB82E3,
09AFA47C,
B4B9B7C0,
6708C99D,
CD0B3CA0,
0CDE492F,
40199564,
B97C2A72,
DDA2920A,
21EB8CC3,
6D52E705,
50015519,
2FBD1B72,
73FE829F,
BFA0FE19,
7C426D76,
32473615,
2EDEE8E6,
CA07A36B,
409996CD,
19EA7EC9,
879D3DA0,
8288E7E4,
349FA527,
DFAE0337,
A8356402,
09099EEC,
380AFF79,
8C9A8766,
CDE4F49D,
A9079636,
AE2E4EC5,
E986B28E,
715DE8EE,
84F3302A,
581A80B8,
AAB81DC4,
AE5991F3,
169BA38A,
A326B20A,
E558B796,
87FB00E4,
507CB177,
3A18C2E3,
C112A60D,
06EB806C,
5AEE34CC,
1C873546,
1D0583D8,
9122AAF6,
AD87AB76,
1879E209,
C3A31567,
3A7C0FA0,
4C7BFCFC,
DD5CE486,
5813B897,
AE8C75C8,
021E3345,
A9540915,
534F2847,
4D5FD0C7,
09BD93B0,
087905BC,
BCAF2CBD,
BB21D160,
B8814C6C,
5E4539A3,
3154B782,
EF86E45E,
CAD6B831,
A24C845B,
ACE529BF,
BF89B44C,
D3696650,
EBDA7D00,
BB450FE1,
D1301AC6,
9466DC01,
75CEF8FC,
D9CECF1F,
9E5A55A4,
3EE651C7,
74408209,
EAA0F5B2,
709F0EFB,
468A69BF,
0792DC74,
0370C644,
816640C7,
F5B8F045,
0FCAD8B0,
9E4894FF,
85CB7BEC,
675DFEE9,
13D16795,
D9359E8A,
534D6B9D,
4253B16B,
511E3540,
8192915F,
1F8EBE37,
D385AB85,
371C0FAE,
D9F7A275,
3DD9D72A,
80B04C14,
0440C5BA,
0EBEABCC,
3835626C,
A5CE4915,
2A10B56A,
D23BD26A,
AD2E3446,
8B78576E,
C4DE6568,
058FD66E,
34B9AA80,
77FF6C1A,
3787DD33,
1333A7A9,
3A90327B,
9B2131C8,
F54CA673,
42794614,
1BEFF478,
D97E6F31,
AA599734,
E5E667F3,
86F561E7,
516DCEB3,
DC86C755,
43FA3878,
00000000,
00000000,
00000000,
00000000,
00000000,
00000000,
00000000,
00000000,
00000000,
00000000,
00000000,
00000000,
00000000,
00000000,
00000000,
00000000,
00000000,
00000000,
00000000,
00000000,
00000000,
00000000,
00000000,
00000000,
00000000,
00000000,
00000000,
00000000,
00000000,
00000000,
00000000,
00000000,
00000000,
00000000,
00000000,
00000000,
00000000,
00000000,
00000000,
00000000,
00000000,
00000000,
00000000,
00000000,
00000000,
00000000,
00000000,
00000000,
00000000,
00000000,
00000000,
00000000,
00000000,
00000000,
00000000,
00000000,
00000000,
00000000,
00000000,
00000000,
00000000,
00000000,
00000000,
00000000,
00000000,
00000000,
00000000,
00000000,
00000000,
00000000,
00000000,
00000000,
00000000,
00000000,
00000000,
00000000,
00000000,
00000000,
00000000,
00000000,
00000000,
00000000,
00000000,
00000000,
00000000,
00000000,
00000000,
00000000,
00000000,
00000000,
00000000,
00000000,
00000000,
00000000,
00000000,
00000000,
00000000,
00000000,
00000000,
00000000,
00000000,
00000000,
00000000,
00000000,
00000000,
00000000,
00000000,
00000000,
00000000,
00000000,
00000000,
00000000,
00000000,
00000000,
00000000,
00000000,
00000000,
00000000,
00000000,
00000000,
00000000,
00000000,
00000000,
00000000,
00000000,
00000000,
00000000,
00000000,
00000000,
00000000,
00000000,
00000000,
00000000,
00000000,
00000000,
00000000,
00000000,
00000000,
00000000,
00000000,
00000000,
00000000,
00000000,
00000000,
00000000,
00000000,
00000000,
00000000,
00000000,
00000000,
00000000,
00000000,
00000000,
00000000,
00000000,
00000000,
00000000,
00000000,
00000000,
00000000,
00000000,
00000000,
00000000,
00000000,
00000000,
00000000,
00000000,
00000000,
00000000,
00000000,
00000000,
00000000,
00000000,
00000000,
00000000,
00000000,
00000000,
00000000,
00000000,
00000000,
00000000,
00000000,
00000000,
00000000,
00000000,
00000000,
00000000,
00000000,
00000000,
00000000,
00000000,
00000000,
00000000,
00000000,
00000000,
00000000,
00000000,
00000000,
00000000,
00000000,
00000000,
00000000,
00000000,
00000000,
00000000,
00000000,
00000000,
00000000,
00000000,
00000000,
00000000,
00000000,
00000000,
00000000,
00000000,
00000000,
00000000,
00000000,
00000000,
00000000,
00000000,
00000000,
00000000,
00000000,
00000000,
00000000,
00000000,
00000000,
00000000,
00000000,
00000000,
00000000,
00000000,
00000000,
00000000,
00000000,
00000000,
00000000,
00000000,
00000000,
00000000,
00000000,
00000000,
00000000,
00000000,
00000000,
00000000,
00000000,
00000000,
00000000,
00000000,
00000000,
00000000,
00000000,
00000000,
00000000,
00000000,
00000000,
00000000,
00000000,
00000000,
00000000,
00000000,
00000000,
00000000,
00000000,
00000000,
00000000,
00000000,
00000000,
00000000,
00000000,
00000000,
00000000,
00000000,
00000000,
00000000,
00000000,
00000000,
00000000,
00000000,
00000000,
00000000,
00000000,
00000000,
00000000,
00000000,
00000000,
00000000,
00000000,
00000000,
00000000,
00000000,
00000000,
00000000,
00000000,
00000000,
00000000,
00000000,
00000000,
00000000,
00000000,
00000000,
00000000,
00000000,
00000000,
00000000,
00000000,
00000000,
00000000,
00000000,
00000000,
00000000,
00000000,
00000000,
00000000,
00000000,
00000000,
00000000,
00000000,
00000000,
00000000,
00000000,
00000000,
00000000,
00000000,
00000000,
00000000,
00000000,
00000000,
00000000,
00000000,
00000000,
00000000,
00000000,
00000000,
00000000,
00000000,
00000000,
00000000,
00000000,
00000000,
00000000,
00000000,
00000000,
00000000,
00000000,
00000000,
00000000,
00000000,
00000000,
00000000,
00000000,
00000000,
00000000,
00000000,
00000000,
00000000,
00000000,
00000000,
00000000,
00000000,
00000000,
00000000,
00000000,
00000000,
00000000,
00000000,
00000000,
00000000,
00000000,
00000000,
00000000,
00000000,
00000000,
00000000,
00000000,
00000000,
00000000,
00000000,
00000000,
00000000,
00000000,
00000000,
00000000,
00000000,
00000000,
00000000,
00000000,
00000000,
00000000,
00000000,
00000000,
00000000,
00000000,
00000000,
00000000,
00000000,
00000000,
00000000,
00000000,
00000000,
00000000,
00000000,
00000000,
00000000,
00000000,
00000000,
00000000,
00000000,
00000000,
00000000,
00000000,
00000000,
00000000,
00000000,
00000000,
00000000,
00000000,
00000000,
00000000,
00000000,
00000000,
00000000,
00000000,
00000000,
00000000,
00000000,
00000000,
00000000,
00000000,
00000000,
00000000,
00000000,
00000000,
00000000,
00000000,
00000000,
00000000,
00000000,
00000000,
00000000,
00000000,
00000000,
00000000,
00000000,
00000000,
00000000,
00000000,
00000000,
00000000,
00000000,
00000000,
00000000,
00000000,
00000000,
00000000,
00000000,
00000000,
00000000,
00000000,
00000000,
00000000,
00000000,
00000000,
00000000,
00000000,
00000000,
00000000,
00000000,
00000000,
00000000,
00000000,
00000000,
00000000,
00000000,
00000000,
00000000,
00000000,
00000000,
00000000,
00000000,
00000000,
00000000,
00000000,
00000000,
00000000,
00000000,
00000000,
00000000,
00000000,
00000000,
00000000,
00000000,
00000000,
00000000,
00000000,
00000000,
00000000,
00000000,
00000000,
00000000,
00000000,
00000000,
00000000,
00000000,
00000000,
00000000,
00000000,
00000000,
00000000,
00000000,
00000000,
00000000,
00000000,
00000000,
00000000,
00000000,
00000000,
00000000,
00000000,
00000000,
00000000,
00000000,
00000000,
00000000,
00000000,
00000000,
00000000,
00000000,
00000000,
00000000,
00000000,
00000000,
00000000,
00000000,
00000000,
00000000,
00000000,
00000000,
00000000,
00000000,
00000000,
00000000,
00000000,
00000000,
00000000,
00000000,
00000000,
00000000,
00000000,
00000000,
00000000,
00000000,
00000000,
00000000,
00000000,
00000000,
00000000,
00000000,
00000000,
00000000,
00000000,
00000000,
00000000,
00000000,
00000000,
00000000,
00000000,
00000000,
00000000,
00000000,
00000000,
00000000,
00000000,
00000000,
00000000,
00000000,
00000000,
00000000,
00000000,
00000000,
00000000,
00000000,
00000000,
00000000,
00000000,
00000000,
00000000,
00000000,
00000000,
00000000,
00000000,
00000000,
00000000,
00000000,
00000000,
00000000,
00000000,
00000000,
00000000,
00000000,
00000000,
00000000,
00000000,
00000000,
00000000,
00000000,
00000000,
00000000,
00000000,
00000000,
00000000,
00000000,
00000000,
00000000,
00000000,
00000000,
00000000,
00000000,
00000000,
00000000,
00000000,
00000000,
00000000,
00000000,
00000000,
00000000,
00000000,
00000000,
00000000,
00000000,
00000000,
00000000,
00000000,
00000000,
00000000,
00000000,
00000000,
00000000,
00000000,
00000000,
00000000,
00000000,
00000000,
00000000,
00000000,
00000000,
00000000,
00000000,
00000000,
00000000,
00000000,
00000000,
00000000,
00000000,
00000000,
00000000,
00000000,
00000000,
00000000,
00000000,
00000000,
00000000,
00000000,
00000000,
00000000,
00000000,
00000000,
00000000,
00000000,
00000000,
00000000,
00000000,
00000000,
00000000,
00000000,
00000000,
00000000,
00000000,
00000000,
00000000,
00000000,
00000000,
00000000,
00000000,
00000000,
00000000,
0000000A,
0000001E,
00000003,
00000007,
0000000B,
00000000,
00000000,
00000000,
00000000,
00000000,
00000000,
00000000,
00000000,
00000000,
00000000,
00000000,
00000000,
00000000,
00000000,
00000000,
00000000,
00000000,
00000000,
00000000,
00000000,
00000000,
00000000,
00000000,
00000000,
00000000,
00000000,
00000000,
00000000,
00000000,
00000000,
00000000,
00000000,
00000000,
00000000,
00000000,
00000000,
00000000,
00000000,
00000000,
00000000,
00000000,
00000000,
00000000,
00000000,
00000000,
00000000,
00000000,
00000000,
00000000,
00000000,
00000000,
00000000,
00000000,
00000000,
00000000,
00000000,
00000000,
00000000,
00000000,
B08D039C,
E46CCA73,
94A10CB8,
11DA0C0B,
181BD099,
E7A90DC3,
00000000,
00000000,
00000000,
00000000,
00000000,
00000000,
00000024,
00000220,
00000000,
00000000,
36D78C16,
AD161FB2,
3C073211,
6CD28F33,
375C3E4F,
7A76F785,
CC681AF9,
267442C9,
EA217E74,
3C4FDEFB,
D7836212,
C74FFC47,
189DC5F5,
E9D7AA76,
209979AE,
9B7ADE8B,
95C2A5A3,
6A309B99,
63347CD1,
53A16CD6,
ED7D8CBA,
C821F3E1,
31553D88,
8704C7C9,
650C531E,
D4D9AADA,
C21488F2,
072C124D,
7954AAD9,
4795F97E,
26894B63,
7E44060E,
E28D9A0A,
C3EE5513,
5504CCB5,
2EA00DEC,
7684C11E,
DDE6FA54,
6E38306F,
CCA48D76,
1EA38E2C,
5E37EB0B,
F4B580DE,
58135A52,
DC65991A,
1B750CBD,
83E8908E,
A9BF4222,
E13A314E,
54ADD46F,
80B4B582,
0520D738,
D7EB2533,
E94BC35E,
D111B0D9,
8E90482A,
E3A06016,
70E3D145,
11649169,
871CBB91,
C4431262,
9969E596,
0115DBDF,
055534BB,
D67689CD,
B54F2EA7,
6E15C9C0,
8EA86379,
12FB7E69,
8F525EE7,
76162876,
CACBD80E,
4A939D16,
6898F8C3,
39B22DEA,
BA721633,
B7EC619E,
94320122,
DE66FD68,
FACFF252,
4F02E825,
D3A35B29,
AEE962FA,
D61A5080,
9596DF00,
FC23F195,
EFBBF523,
9D6BD6ED,
B4E24AF6,
B820836B,
4592295A,
02E9F78E,
5C02DEB4,
9ADF1810,
177FD82E,
17C0F06B,
3B880958,
F2182209,
804AE051,
6F7A7009,
1FE5FAA9,
4D241F18,
1C74CD87,
04FD8533,
4C28BDA3,
666C997E,
505EB522,
3392D4D8,
824E38BE,
CB3D5F19,
D10F8BA1,
78081C10,
0B77A739,
2E9183EE,
1D36D877,
878A3845,
3CBDB988,
BB1B20D1,
95B98F03,
46FAAB70,
6826D9B1,
25525A77,
2D92C21D,
B66EEC67,
EF34E264,
B3A0AE0C,
D936A1C7,
D8BF7A43,
BFC0C690,
606A23C0,
6A5D6218,
ACC12035,
17BA4E54,
B7ECD4AD,
9994A4DA,
57E746ED,
47D1B4A2,
3E0F4AB6,
A6683E94,
B91830E0,
7508E8F3,
21792668,
6A65B6BE,
03988F04,
AD1EB054,
D228DD4A,
E9F3A006,
BF0B2AEE,
F8037E1D,
37C132D1,
41F49BC5,
02106F55,
5AEC5BE7,
610517F0,
F8C689E8,
AD325714,
E5F8F588,
D9731710,
A7C3F878,
0B66AB63,
4F965DDF,
3683C46F,
20BDCB4C,
D2FA3587,
D8B6BBCC,
B6D28503,
6AEABB6D,
2FA206C0,
D668D97F,
D6A23B08,
6A98266D,
9A2B6851,
78DEA696,
507BFC03,
43F82101,
9DE28965,
47AE9C45,
5EA5CE97,
B3E6F6D4,
5AE86B87,
D6DFFB1F,
AFFBAF19,
A5FDBAE0,
222F9197,
DFAEE939,
B1E4D310,
CBB303B5,
0BF0D970,
1E9C636F,
3ACF3C1B,
86A3AD1A,
E74C09D0,
80F68B72,
96537E66,
FB7C7C8A,
B060A64C,
20C46369,
6AC353F8,
9A28309D,
6F0E1BB2,
2CE6949F,
FCC08D71,
BE37A6C9,
BD3C4AF3,
C4B3884C,
45264E2F,
831670B6,
C7B236F0,
0C67D20A,
D3D97C35,
29ACD49C,
6DFCEC58,
92F0BA32,
00AEB1EB,
4D8C1A20,
E75CFC9A,
4D51247B,
52EB133D,
B4ABDAB3,
7439D2F8,
2DEF9B0F,
AEF53C99,
34BE155C,
9F5DAEF4,
72C2AC06,
BEADE468,
EAD5A1DC,
DBF46151,
F51A6215,
FD005135,
536C393E,
DB600A52,
C1523CD7,
AB73EA1E,
38386535,
352B2804,
5C82EA4A,
9E9672A4,
8E42FD55,
A8667A40,
C9F2C21E,
5D099032,
18DB114C,
6C9C2762,
0AE6C1DF,
F26A8C26,
B4FBDAA9,
08103AF0,
E164E503,
817D1574,
A18D10C8,
BB6A7C60,
A1093519,
2D70B536,
C88B665F,
E0E7EA70,
00000000,
00000000,
00000000,
00000000,
00000000,
00000000,
00000000,
00000000,
00000000,
00000000,
00000000,
00000000,
00000000,
00000000,
00000000,
00000000,
00000000,
00000000,
00000000,
00000000,
00000000,
00000000,
00000000,
00000000,
00000000,
00000000,
00000000,
00000000,
00000000,
00000000,
00000000,
00000000,
00000000,
00000000,
00000000,
00000000,
00000000,
00000000,
00000000,
00000000,
00000000,
00000000,
00000000,
00000000,
00000000,
00000000,
00000000,
00000000,
00000000,
00000000,
00000000,
00000000,
00000000,
00000000,
00000000,
00000000,
00000000,
00000000,
00000000,
00000000,
00000000,
00000000,
00000000,
00000000,
00000000,
00000000,
00000000,
00000000,
00000000,
00000000,
00000000,
00000000,
00000000,
00000000,
00000000,
00000000,
00000000,
00000000,
00000000,
00000000,
00000000,
00000000,
00000000,
00000000,
00000000,
00000000,
00000000,
00000000,
00000000,
00000000,
00000000,
00000000,
00000000,
00000000,
00000000,
00000000,
00000000,
00000000,
00000000,
00000000,
00000000,
00000000,
00000000,
00000000,
00000000,
00000000,
00000000,
00000000,
00000000,
00000000,
00000000,
00000000,
00000000,
00000000,
00000000,
00000000,
00000000,
00000000,
00000000,
00000000,
00000000,
00000000,
00000000,
00000000,
00000000,
00000000,
00000000,
00000000,
00000000,
00000000,
00000000,
00000000,
00000000,
00000000,
00000000,
00000000,
00000000,
00000000,
00000000,
00000000,
00000000,
00000000,
00000000,
00000000,
00000000,
00000000,
00000000,
00000000,
00000000,
00000000,
00000000,
00000000,
00000000,
00000000,
00000000,
00000000,
00000000,
00000000,
00000000,
00000000,
00000000,
00000000,
00000000,
00000000,
00000000,
00000000,
00000000,
00000000,
00000000,
00000000,
00000000,
00000000,
00000000,
00000000,
00000000,
00000000,
00000000,
00000000,
00000000,
00000000,
00000000,
00000000,
00000000,
00000000,
00000000,
00000000,
00000000,
00000000,
00000000,
00000000,
00000000,
00000000,
00000000,
00000000,
00000000,
00000000,
00000000,
00000000,
00000000,
00000000,
00000000,
00000000,
00000000,
00000000,
00000000,
00000000,
00000000,
00000000,
00000000,
00000000,
00000000,
00000000,
00000000,
00000000,
00000000,
00000000,
00000000,
00000000,
00000000,
00000000,
00000000,
00000000,
00000000,
00000000,
00000000,
00000000,
00000000,
00000000,
00000000,
00000000,
00000000,
00000000,
00000000,
00000000,
00000000,
00000000,
00000000,
00000000,
00000000,
00000000,
00000000,
00000000,
00000000,
00000000,
00000000,
00000000,
00000000,
00000000,
00000000,
00000000,
00000000,
00000000,
00000000,
00000000,
00000000,
00000000,
00000000,
00000000,
00000000,
00000000,
00000000,
00000000,
00000000,
00000000,
00000000,
00000000,
00000000,
00000000,
00000000,
00000000,
00000000,
00000000,
00000000,
00000000,
00000000,
00000000,
00000000,
00000000,
00000000,
00000000,
00000000,
00000000,
00000000,
00000000,
00000000,
00000000,
00000000,
00000000,
00000000,
00000000,
00000000,
00000000,
00000000,
00000000,
00000000,
00000000,
00000000,
00000000,
00000000,
00000000,
00000000,
00000000,
00000000,
00000000,
00000000,
00000000,
00000000,
00000000,
00000000,
00000000,
00000000,
00000000,
00000000,
00000000,
00000000,
00000000,
00000000,
00000000,
00000000,
00000000,
00000000,
00000000,
00000000,
00000000,
00000000,
00000000,
00000000,
00000000,
00000000,
00000000,
00000000,
00000000,
00000000,
00000000,
00000000,
00000000,
00000000,
00000000,
00000000,
00000000,
00000000,
00000000,
00000000,
00000000,
00000000,
00000000,
00000000,
00000000,
00000000,
00000000,
00000000,
00000000,
00000000,
00000000,
00000000,
00000000,
00000000,
00000000,
00000000,
00000000,
00000000,
00000000,
00000000,
00000000,
00000000,
00000000,
00000000,
00000000,
00000000,
00000000,
00000000,
00000000,
00000000,
00000000,
00000000,
00000000,
00000000,
00000000,
00000000,
00000000,
00000000,
00000000,
00000000,
00000000,
00000000,
00000000,
00000000,
00000000,
00000000,
00000000,
00000000,
00000000,
00000000,
00000000,
00000000,
00000000,
00000000,
00000000,
00000000,
00000000,
00000000,
00000000,
00000000,
00000000,
00000000,
00000000,
00000000,
00000000,
00000000,
00000000,
00000000,
00000000,
00000000,
00000000,
00000000,
00000000,
00000000,
00000000,
00000000,
00000000,
00000000,
00000000,
00000000,
00000000,
00000000,
00000000,
00000000,
00000000,
00000000,
00000000,
00000000,
00000000,
00000000,
00000000,
00000000,
00000000,
00000000,
00000000,
00000000,
00000000,
00000000,
00000000,
00000000,
00000000,
00000000,
00000000,
00000000,
00000000,
00000000,
00000000,
00000000,
00000000,
00000000,
00000000,
00000000,
00000000,
00000000,
00000000,
00000000,
00000000,
00000000,
00000000,
00000000,
00000000,
00000000,
00000000,
00000000,
00000000,
00000000,
00000000,
00000000,
00000000,
00000000,
00000000,
00000000,
00000000,
00000000,
00000000,
00000000,
00000000,
00000000,
00000000,
00000000,
00000000,
00000000,
00000000,
00000000,
00000000,
00000000,
00000000,
00000000,
00000000,
00000000,
00000000,
00000000,
00000000,
00000000,
00000000,
00000000,
00000000,
00000000,
00000000,
00000000,
00000000,
00000000,
00000000,
00000000,
00000000,
00000000,
00000000,
00000000,
00000000,
00000000,
00000000,
00000000,
00000000,
00000000,
00000000,
00000000,
00000000,
00000000,
00000000,
00000000,
00000000,
00000000,
00000000,
00000000,
00000000,
00000000,
00000000,
00000000,
00000000,
00000000,
00000000,
00000000,
00000000,
00000000,
00000000,
00000000,
00000000,
00000000,
00000000,
00000000,
00000000,
00000000,
00000000,
00000000,
00000000,
00000000,
00000000,
00000000,
00000000,
00000000,
00000000,
00000000,
00000000,
00000000,
00000000,
00000000,
00000000,
00000000,
00000000,
00000000,
00000000,
00000000,
00000000,
00000000,
00000000,
00000000,
00000000,
00000000,
00000000,
00000000,
00000000,
00000000,
00000000,
00000000,
00000000,
00000000,
00000000,
00000000,
00000000,
00000000,
00000000,
00000000,
00000000,
00000000,
00000000,
00000000,
00000000,
00000000,
00000000,
00000000,
00000000,
00000000,
00000000,
00000000,
00000000,
00000000,
00000000,
00000000,
00000000,
00000000,
00000000,
00000000,
00000000,
00000000,
00000000,
00000000,
00000000,
00000000,
00000000,
00000000,
00000000,
00000000,
00000000,
00000000,
00000000,
00000000,
00000000,
00000000,
00000000,
00000000,
00000000,
00000000,
00000000,
00000000,
00000000,
00000000,
00000000,
00000000,
00000000,
00000000,
00000000,
00000000,
00000000,
00000000,
00000000,
00000000,
00000000,
00000000,
00000000,
00000000,
00000000,
00000000,
00000000,
00000000,
00000000,
00000000,
00000000,
00000000,
00000000,
00000000,
00000000,
00000000,
00000000,
00000000,
00000000,
00000000,
00000000,
00000000,
00000000,
00000000,
00000000,
00000000,
00000000,
00000000,
00000000,
00000000,
00000000,
00000000,
00000000,
00000000,
00000000,
00000000,
00000000,
00000000,
00000000,
00000000,
00000000,
00000000,
00000000,
00000000,
00000000,
00000000,
00000000,
00000000,
00000000,
0000000A,
0000001E,
00000003,
00000007,
0000000B,
00000000,
00000000,
00000000,
00000000,
00000000,
00000000,
00000000,
00000000,
00000000,
00000000,
00000000,
00000000,
00000000,
00000000,
00000000,
00000000,
00000000,
00000000,
00000000,
00000000,
00000000,
00000000,
00000000,
00000000,
00000000,
00000000,
00000000,
00000000,
00000000,
00000000,
00000000,
00000000,
00000000,
00000000,
00000000,
00000000,
00000000,
00000000,
00000000,
00000000,
00000000,
00000000,
00000000,
00000000,
00000000,
00000000,
00000000,
00000000,
00000000,
00000000,
00000000,
00000000,
00000000,
00000000,
00000000,
00000000,
00000000,
00000000,
00000000,
2F5D3FAE,
5E2584DD,
9B694437,
7C6B9E81,
18364BFF,
86442A39,
00000000,
00000000,
00000000,
00000000,
00000000,
00000000,
00000028,
00000220,
00000000,
00000000,
667F7143,
E765FEFD,
34B9D95A,
00D14143,
C7BC6568,
B773FF19,
D3ED15A4,
67A1530E,
A6FB25CE,
9D5B7308,
F33B69E4,
949B9403,
B38A2E07,
0CEF184C,
2B1C839F,
25202972,
11A0AAED,
0CF9CE94,
0D7AB6B3,
A457D661,
CA1A0E89,
6D994D06,
CD837E09,
145BE74C,
72A898C8,
27F37089,
8711BB98,
82779DAA,
958CC1F8,
3927D564,
596A8CBE,
E2E1D16B,
E3AF306F,
F49E350B,
102477D8,
A4302EF7,
97FDEF1E,
9EF2BDF2,
417319E6,
7B7F7411,
9138C5AC,
D5B048C4,
E941D450,
7613BFEC,
E83AA884,
42981264,
95857929,
EA3AF9A4,
5C9C3501,
6871B95B,
BEAA769E,
631CC183,
94C6892B,
1D004374,
00419358,
52F913FE,
9F7AB73D,
6B704E4F,
8FF49CE4,
9762AF69,
45ECF453,
71DCC78D,
6FB29DEC,
43DDC0E5,
D16C1A82,
19F618D3,
590E0781,
5A23108B,
AA0B99C8,
34C2D0A9,
697F54E3,
C4A0E74B,
3190E73B,
459B7FAE,
D2AB22B9,
FC07394B,
45838D41,
7A52B2AE,
71781763,
FABE59CA,
F0FD68E5,
C49A743D,
ECD48BA1,
2C314D73,
FD5C1EEB,
5FF6420D,
795F6410,
AEB2F69E,
A8ABA52B,
9ACF25FA,
A2B3DC30,
3D084EBB,
7B0C2834,
9DDAC494,
A4F41E78,
8BA9D3A7,
1C2A2714,
A0441A9A,
8772A56D,
6946E5C1,
4F2987C0,
A7A896DE,
A96308D8,
4AA12543,
7641F79F,
17E3E14B,
C62B79EA,
D5A77216,
0A8CCD49,
7075D459,
4A197B31,
027A3A20,
15627E4E,
6FACD0D1,
29BD2DA1,
C63EA61A,
26189698,
125637BF,
B49157E8,
DA617C2F,
3ED451FE,
E85B0030,
08F64E69,
A81A2B82,
4185A9D9,
3CC80291,
99D4A2FD,
9D1B08FC,
413E106B,
80743D72,
6197DD96,
ECF4D66D,
68026EBB,
559D6F11,
DED1AD6D,
42962C42,
1EA91942,
22383818,
3C4BC19C,
0FE13461,
06775404,
E087945C,
C9A13555,
3D4AF24F,
0511986F,
3C8584E6,
F8718ADF,
E99AE370,
D636D6C8,
663EBA7C,
0A230AD0,
B66668A8,
DF3717FB,
DD9C8BC7,
8EC44F40,
08235815,
A2BAEFDF,
67CD1FB6,
C4EACE81,
38589257,
CF834729,
9FDE9BDE,
01FE6891,
67069D31,
D0B9C3BB,
C36BA004,
1E34D538,
D4AC70AE,
ABB2BD4B,
A0AD2B82,
AF8C904D,
D3CA7135,
7589E542,
91468D18,
047AB9AA,
3BE71E8C,
4EF96E74,
AA2E3686,
FBEF9CD7,
BA5E2E3C,
40CE8B2B,
9455F2D4,
7DBF8C8A,
A859846F,
3295C5CC,
ADEE3023,
7C54EA60,
B8881245,
03BCE392,
9FA85B07,
97530DE1,
E33DDFF2,
2A12EEDF,
738D41F4,
E42CB4D4,
9EFEF2E6,
A09E2A3A,
36267ED9,
E122EE0B,
5B48D2A9,
55AB507C,
F6C85631,
BB51E931,
4DAA133A,
999F8C59,
6AC9F10A,
89CC3998,
BDC39397,
28E57394,
F20A7A09,
380BABD8,
49981434,
329DEF9D,
47DB82B9,
84D6D79F,
F7DF795B,
E8924431,
5D428090,
8D36A239,
026421A2,
1788F8DA,
3D578363,
76A05C13,
1A006430,
19FD2E9C,
64B6DA51,
7B55E8C4,
671BDAFC,
4CD02758,
56A152D2,
B8D8D594,
69CFD0D5,
72EB2B05,
F312A6AC,
A6F79024,
1F22975E,
8B7C2C30,
61119BDF,
832B1009,
42772BD9,
43B32769,
75F22E72,
ED50EABF,
7F47399C,
F81ECE6F,
DDE840C5,
14017EBB,
0F432D36,
7054C6BE,
6924D165,
4977F0D2,
99B4508D,
98CBBF7A,
7C65D346,
CF906956,
15A2AE11,
00000000,
00000000,
00000000,
00000000,
00000000,
00000000,
00000000,
00000000,
00000000,
00000000,
00000000,
00000000,
00000000,
00000000,
00000000,
00000000,
00000000,
00000000,
00000000,
00000000,
00000000,
00000000,
00000000,
00000000,
00000000,
00000000,
00000000,
00000000,
00000000,
00000000,
00000000,
00000000,
00000000,
00000000,
00000000,
00000000,
00000000,
00000000,
00000000,
00000000,
00000000,
00000000,
00000000,
00000000,
00000000,
00000000,
00000000,
00000000,
00000000,
00000000,
00000000,
00000000,
00000000,
00000000,
00000000,
00000000,
00000000,
00000000,
00000000,
00000000,
00000000,
00000000,
00000000,
00000000,
00000000,
00000000,
00000000,
00000000,
00000000,
00000000,
00000000,
00000000,
00000000,
00000000,
00000000,
00000000,
00000000,
00000000,
00000000,
00000000,
00000000,
00000000,
00000000,
00000000,
00000000,
00000000,
00000000,
00000000,
00000000,
00000000,
00000000,
00000000,
00000000,
00000000,
00000000,
00000000,
00000000,
00000000,
00000000,
00000000,
00000000,
00000000,
00000000,
00000000,
00000000,
00000000,
00000000,
00000000,
00000000,
00000000,
00000000,
00000000,
00000000,
00000000,
00000000,
00000000,
00000000,
00000000,
00000000,
00000000,
00000000,
00000000,
00000000,
00000000,
00000000,
00000000,
00000000,
00000000,
00000000,
00000000,
00000000,
00000000,
00000000,
00000000,
00000000,
00000000,
00000000,
00000000,
00000000,
00000000,
00000000,
00000000,
00000000,
00000000,
00000000,
00000000,
00000000,
00000000,
00000000,
00000000,
00000000,
00000000,
00000000,
00000000,
00000000,
00000000,
00000000,
00000000,
00000000,
00000000,
00000000,
00000000,
00000000,
00000000,
00000000,
00000000,
00000000,
00000000,
00000000,
00000000,
00000000,
00000000,
00000000,
00000000,
00000000,
00000000,
00000000,
00000000,
00000000,
00000000,
00000000,
00000000,
00000000,
00000000,
00000000,
00000000,
00000000,
00000000,
00000000,
00000000,
00000000,
00000000,
00000000,
00000000,
00000000,
00000000,
00000000,
00000000,
00000000,
00000000,
00000000,
00000000,
00000000,
00000000,
00000000,
00000000,
00000000,
00000000,
00000000,
00000000,
00000000,
00000000,
00000000,
00000000,
00000000,
00000000,
00000000,
00000000,
00000000,
00000000,
00000000,
00000000,
00000000,
00000000,
00000000,
00000000,
00000000,
00000000,
00000000,
00000000,
00000000,
00000000,
00000000,
00000000,
00000000,
00000000,
00000000,
00000000,
00000000,
00000000,
00000000,
00000000,
00000000,
00000000,
00000000,
00000000,
00000000,
00000000,
00000000,
00000000,
00000000,
00000000,
00000000,
00000000,
00000000,
00000000,
00000000,
00000000,
00000000,
00000000,
00000000,
00000000,
00000000,
00000000,
00000000,
00000000,
00000000,
00000000,
00000000,
00000000,
00000000,
00000000,
00000000,
00000000,
00000000,
00000000,
00000000,
00000000,
00000000,
00000000,
00000000,
00000000,
00000000,
00000000,
00000000,
00000000,
00000000,
00000000,
00000000,
00000000,
00000000,
00000000,
00000000,
00000000,
00000000,
00000000,
00000000,
00000000,
00000000,
00000000,
00000000,
00000000,
00000000,
00000000,
00000000,
00000000,
00000000,
00000000,
00000000,
00000000,
00000000,
00000000,
00000000,
00000000,
00000000,
00000000,
00000000,
00000000,
00000000,
00000000,
00000000,
00000000,
00000000,
00000000,
00000000,
00000000,
00000000,
00000000,
00000000,
00000000,
00000000,
00000000,
00000000,
00000000,
00000000,
00000000,
00000000,
00000000,
00000000,
00000000,
00000000,
00000000,
00000000,
00000000,
00000000,
00000000,
00000000,
00000000,
00000000,
00000000,
00000000,
00000000,
00000000,
00000000,
00000000,
00000000,
00000000,
00000000,
00000000,
00000000,
00000000,
00000000,
00000000,
00000000,
00000000,
00000000,
00000000,
00000000,
00000000,
00000000,
00000000,
00000000,
00000000,
00000000,
00000000,
00000000,
00000000,
00000000,
00000000,
00000000,
00000000,
00000000,
00000000,
00000000,
00000000,
00000000,
00000000,
00000000,
00000000,
00000000,
00000000,
00000000,
00000000,
00000000,
00000000,
00000000,
00000000,
00000000,
00000000,
00000000,
00000000,
00000000,
00000000,
00000000,
00000000,
00000000,
00000000,
00000000,
00000000,
00000000,
00000000,
00000000,
00000000,
00000000,
00000000,
00000000,
00000000,
00000000,
00000000,
00000000,
00000000,
00000000,
00000000,
00000000,
00000000,
00000000,
00000000,
00000000,
00000000,
00000000,
00000000,
00000000,
00000000,
00000000,
00000000,
00000000,
00000000,
00000000,
00000000,
00000000,
00000000,
00000000,
00000000,
00000000,
00000000,
00000000,
00000000,
00000000,
00000000,
00000000,
00000000,
00000000,
00000000,
00000000,
00000000,
00000000,
00000000,
00000000,
00000000,
00000000,
00000000,
00000000,
00000000,
00000000,
00000000,
00000000,
00000000,
00000000,
00000000,
00000000,
00000000,
00000000,
00000000,
00000000,
00000000,
00000000,
00000000,
00000000,
00000000,
00000000,
00000000,
00000000,
00000000,
00000000,
00000000,
00000000,
00000000,
00000000,
00000000,
00000000,
00000000,
00000000,
00000000,
00000000,
00000000,
00000000,
00000000,
00000000,
00000000,
00000000,
00000000,
00000000,
00000000,
00000000,
00000000,
00000000,
00000000,
00000000,
00000000,
00000000,
00000000,
00000000,
00000000,
00000000,
00000000,
00000000,
00000000,
00000000,
00000000,
00000000,
00000000,
00000000,
00000000,
00000000,
00000000,
00000000,
00000000,
00000000,
00000000,
00000000,
00000000,
00000000,
00000000,
00000000,
00000000,
00000000,
00000000,
00000000,
00000000,
00000000,
00000000,
00000000,
00000000,
00000000,
00000000,
00000000,
00000000,
00000000,
00000000,
00000000,
00000000,
00000000,
00000000,
00000000,
00000000,
00000000,
00000000,
00000000,
00000000,
00000000,
00000000,
00000000,
00000000,
00000000,
00000000,
00000000,
00000000,
00000000,
00000000,
00000000,
00000000,
00000000,
00000000,
00000000,
00000000,
00000000,
00000000,
00000000,
00000000,
00000000,
00000000,
00000000,
00000000,
00000000,
00000000,
00000000,
00000000,
00000000,
00000000,
00000000,
00000000,
00000000,
00000000,
00000000,
00000000,
00000000,
00000000,
00000000,
00000000,
00000000,
00000000,
00000000,
00000000,
00000000,
00000000,
00000000,
00000000,
00000000,
00000000,
00000000,
00000000,
00000000,
00000000,
00000000,
00000000,
00000000,
00000000,
00000000,
00000000,
00000000,
00000000,
00000000,
00000000,
00000000,
00000000,
00000000,
00000000,
00000000,
00000000,
00000000,
00000000,
00000000,
00000000,
00000000,
00000000,
00000000,
00000000,
00000000,
00000000,
00000000,
00000000,
00000000,
00000000,
00000000,
00000000,
00000000,
00000000,
00000000,
00000000,
00000000,
00000000,
00000000,
00000000,
00000000,
00000000,
00000000,
00000000,
00000000,
00000000,
00000000,
00000000,
00000000,
00000000,
00000000,
00000000,
00000000,
00000000,
00000000,
00000000,
00000000,
00000000,
00000000,
00000000,
00000000,
00000000,
00000000,
00000000,
00000000,
00000000,
00000000,
00000000,
00000000,
00000000,
00000000,
00000000,
00000000,
00000000,
00000000,
0000000A,
0000001E,
00000003,
00000007,
0000000B,
00000000,
00000000,
00000000,
00000000,
00000000,
00000000,
00000000,
00000000,
00000000,
00000000,
00000000,
00000000,
00000000,
00000000,
00000000,
00000000,
00000000,
00000000,
00000000,
00000000,
00000000,
00000000,
00000000,
00000000,
00000000,
00000000,
00000000,
00000000,
00000000,
00000000,
00000000,
00000000,
00000000,
00000000,
00000000,
00000000,
00000000,
00000000,
00000000,
00000000,
00000000,
00000000,
00000000,
00000000,
00000000,
00000000,
00000000,
00000000,
00000000,
00000000,
00000000,
00000000,
00000000,
00000000,
00000000,
00000000,
00000000,
00000000,
00000000,
9460F945,
17546BBD,
EBD87441,
5CF6490A,
14CE431F,
67C36CF4,
00000000,
00000000,
00000000,
00000000,
00000000,
00000000,
00000030,
00000220,
00000000,
00000000,
01CE3F85,
ED19A1F7,
1BF84645,
B4E9A71F,
2A65002A,
D38B6A3B,
AC78ABF4,
C86276C8,
24F8F808,
E0640064,
749E552E,
F8C9C858,
0E1F2732,
FD302468,
C8A48C1C,
F3A732AE,
840A8A1E,
11CEB202,
F1B35F7D,
5E548CE0,
EB466E8A,
5F3F7147,
2A8AE6F0,
B0044964,
B37E1609,
835F12E0,
85B736C0,
8AA5CDAE,
C0B4A262,
9BFA6418,
168EB650,
F29BC47D,
0C4C8B58,
CF9B8709,
B137BBAF,
A7727981,
0955A16A,
87B07DC8,
B0C1A4A9,
DFCF9577,
368E2BAE,
EB4BF92A,
836C533C,
89A608AE,
004EB8F6,
347CC676,
871A02B0,
89A30F00,
C67BEBF7,
9540C50D,
6F74D821,
2F9F24AC,
43DB3A39,
6C345962,
66BC287F,
8C64628C,
286CF579,
24B1009C,
586B09EF,
B073CD47,
BB52FD26,
6AFFB9F1,
D5825901,
FA871424,
10B0F7DF,
F93F6719,
BDC785B0,
AD47A84C,
3EB62E8A,
B3CC35A0,
48C79081,
B7531C38,
63F22FA0,
7182E256,
DB68E85F,
F842F2F6,
B8106B54,
21A0C1FE,
CBCE12A2,
49518653,
56EC33B3,
72CEA446,
E337CBC0,
95AAE2A3,
C5E93640,
FEF7E25A,
6D5839B2,
415DE271,
72D0F05C,
16889530,
0AFB8DDA,
1480F415,
F2F6ACF3,
D88D1324,
2C74606E,
8CA159CF,
747C2D0B,
BB065C9D,
CDF31E4A,
BA3F9C4A,
C4D7F9F0,
A5567FB0,
A257D0C3,
AAA7D049,
E2289BC4,
640CE071,
9C050495,
001F7BA9,
B9B32B8F,
0B451E23,
AA27894A,
B07D03DF,
AEDBCBC4,
EC3B02E2,
853AB725,
FBABCAC1,
33005BD2,
CFB0111D,
51B55BEA,
94F7A098,
33BA58FC,
12EADD89,
BD6303BE,
7E3B69C4,
9D570FD6,
BEEA5BD0,
976389B0,
A0C0D639,
C169126A,
FBAC747F,
FBF47F38,
444C8AA2,
4115C054,
C0ED1483,
EFBC9CC7,
DD21D6F0,
9B7F09D5,
96E5F7C5,
A9B341B0,
9DEB4968,
9D2BEA47,
803B54B8,
F4145ED6,
668904B3,
00A3A832,
622EC315,
C6937D40,
32B16B60,
D352DF09,
8C802B01,
E7978DBB,
14D61015,
64004A2C,
67CAD0A1,
37337BA1,
2A5B5B78,
F82FDD76,
AB8AC3E3,
3700D129,
B0961D18,
BE5D327E,
B711A978,
72A22D29,
1C32A4FF,
C7CEFEAF,
B71743E5,
2FAE45D3,
AF10E3D0,
58B6EEEE,
7AB50670,
267E2D5B,
D5E17B9A,
3702FC1D,
084F1AF5,
4463DE4B,
1468540B,
6A224E02,
65CDF404,
ECCC8A0B,
E059F865,
2563ED0F,
A6C53CCB,
5DC5D89F,
5AD3883D,
D42CB304,
F697C7E2,
FDB6F47D,
0DB9757E,
9D81DCDF,
8E90400C,
7B45FE68,
FDFF1CF1,
16093374,
277B4DD9,
9B486D84,
EB968F4B,
8273D569,
7D14458C,
B8718770,
0926FC89,
6F0FB6C1,
D6E1BFDB,
858F94AD,
940101BB,
3FC0B5FF,
F5BB4F50,
09CA7D36,
47669A8C,
EE84739A,
1F4975B4,
AB66F73B,
FE8167C9,
D116DE1F,
C224ED6A,
A70B48E2,
EBD71242,
4C71FB25,
17230E01,
A621B917,
6EF02466,
9E9D0F71,
F85B79B0,
1B1FE7A2,
C0171608,
5E247BF9,
7A1E70E2,
05401656,
E779F230,
A3DCE37A,
7E2288C0,
F7C85C93,
9586026C,
7376EF03,
2DCBA522,
FE05BBE6,
FD198C8B,
67588181,
2D36D0C1,
20B28787,
DBE4E5D1,
D1D58134,
4CD609A2,
5DCC9912,
A5060F06,
7EBB6726,
69156E5F,
B18ED634,
FC4DD903,
B75AF4AA,
0300886B,
5AC9F2FB,
6772BCF7,
B9DC97DF,
8091FA30,
180289C7,
C9621DC0,
00000000,
00000000,
00000000,
00000000,
00000000,
00000000,
00000000,
00000000,
00000000,
00000000,
00000000,
00000000,
00000000,
00000000,
00000000,
00000000,
00000000,
00000000,
00000000,
00000000,
00000000,
00000000,
00000000,
00000000,
00000000,
00000000,
00000000,
00000000,
00000000,
00000000,
00000000,
00000000,
00000000,
00000000,
00000000,
00000000,
00000000,
00000000,
00000000,
00000000,
00000000,
00000000,
00000000,
00000000,
00000000,
00000000,
00000000,
00000000,
00000000,
00000000,
00000000,
00000000,
00000000,
00000000,
00000000,
00000000,
00000000,
00000000,
00000000,
00000000,
00000000,
00000000,
00000000,
00000000,
00000000,
00000000,
00000000,
00000000,
00000000,
00000000,
00000000,
00000000,
00000000,
00000000,
00000000,
00000000,
00000000,
00000000,
00000000,
00000000,
00000000,
00000000,
00000000,
00000000,
00000000,
00000000,
00000000,
00000000,
00000000,
00000000,
00000000,
00000000,
00000000,
00000000,
00000000,
00000000,
00000000,
00000000,
00000000,
00000000,
00000000,
00000000,
00000000,
00000000,
00000000,
00000000,
00000000,
00000000,
00000000,
00000000,
00000000,
00000000,
00000000,
00000000,
00000000,
00000000,
00000000,
00000000,
00000000,
00000000,
00000000,
00000000,
00000000,
00000000,
00000000,
00000000,
00000000,
00000000,
00000000,
00000000,
00000000,
00000000,
00000000,
00000000,
00000000,
00000000,
00000000,
00000000,
00000000,
00000000,
00000000,
00000000,
00000000,
00000000,
00000000,
00000000,
00000000,
00000000,
00000000,
00000000,
00000000,
00000000,
00000000,
00000000,
00000000,
00000000,
00000000,
00000000,
00000000,
00000000,
00000000,
00000000,
00000000,
00000000,
00000000,
00000000,
00000000,
00000000,
00000000,
00000000,
00000000,
00000000,
00000000,
00000000,
00000000,
00000000,
00000000,
00000000,
00000000,
00000000,
00000000,
00000000,
00000000,
00000000,
00000000,
00000000,
00000000,
00000000,
00000000,
00000000,
00000000,
00000000,
00000000,
00000000,
00000000,
00000000,
00000000,
00000000,
00000000,
00000000,
00000000,
00000000,
00000000,
00000000,
00000000,
00000000,
00000000,
00000000,
00000000,
00000000,
00000000,
00000000,
00000000,
00000000,
00000000,
00000000,
00000000,
00000000,
00000000,
00000000,
00000000,
00000000,
00000000,
00000000,
00000000,
00000000,
00000000,
00000000,
00000000,
00000000,
00000000,
00000000,
00000000,
00000000,
00000000,
00000000,
00000000,
00000000,
00000000,
00000000,
00000000,
00000000,
00000000,
00000000,
00000000,
00000000,
00000000,
00000000,
00000000,
00000000,
00000000,
00000000,
00000000,
00000000,
00000000,
00000000,
00000000,
00000000,
00000000,
00000000,
00000000,
00000000,
00000000,
00000000,
00000000,
00000000,
00000000,
00000000,
00000000,
00000000,
00000000,
00000000,
00000000,
00000000,
00000000,
00000000,
00000000,
00000000,
00000000,
00000000,
00000000,
00000000,
00000000,
00000000,
00000000,
00000000,
00000000,
00000000,
00000000,
00000000,
00000000,
00000000,
00000000,
00000000,
00000000,
00000000,
00000000,
00000000,
00000000,
00000000,
00000000,
00000000,
00000000,
00000000,
00000000,
00000000,
00000000,
00000000,
00000000,
00000000,
00000000,
00000000,
00000000,
00000000,
00000000,
00000000,
00000000,
00000000,
00000000,
00000000,
00000000,
00000000,
00000000,
00000000,
00000000,
00000000,
00000000,
00000000,
00000000,
00000000,
00000000,
00000000,
00000000,
00000000,
00000000,
00000000,
00000000,
00000000,
00000000,
00000000,
00000000,
00000000,
00000000,
00000000,
00000000,
00000000,
00000000,
00000000,
00000000,
00000000,
00000000,
00000000,
00000000,
00000000,
00000000,
00000000,
00000000,
00000000,
00000000,
00000000,
00000000,
00000000,
00000000,
00000000,
00000000,
00000000,
00000000,
00000000,
00000000,
00000000,
00000000,
00000000,
00000000,
00000000,
00000000,
00000000,
00000000,
00000000,
00000000,
00000000,
00000000,
00000000,
00000000,
00000000,
00000000,
00000000,
00000000,
00000000,
00000000,
00000000,
00000000,
00000000,
00000000,
00000000,
00000000,
00000000,
00000000,
00000000,
00000000,
00000000,
00000000,
00000000,
00000000,
00000000,
00000000,
00000000,
00000000,
00000000,
00000000,
00000000,
00000000,
00000000,
00000000,
00000000,
00000000,
00000000,
00000000,
00000000,
00000000,
00000000,
00000000,
00000000,
00000000,
00000000,
00000000,
00000000,
00000000,
00000000,
00000000,
00000000,
00000000,
00000000,
00000000,
00000000,
00000000,
00000000,
00000000,
00000000,
00000000,
00000000,
00000000,
00000000,
00000000,
00000000,
00000000,
00000000,
00000000,
00000000,
00000000,
00000000,
00000000,
00000000,
00000000,
00000000,
00000000,
00000000,
00000000,
00000000,
00000000,
00000000,
00000000,
00000000,
00000000,
00000000,
00000000,
00000000,
00000000,
00000000,
00000000,
00000000,
00000000,
00000000,
00000000,
00000000,
00000000,
00000000,
00000000,
00000000,
00000000,
00000000,
00000000,
00000000,
00000000,
00000000,
00000000,
00000000,
00000000,
00000000,
00000000,
00000000,
00000000,
00000000,
00000000,
00000000,
00000000,
00000000,
00000000,
00000000,
00000000,
00000000,
00000000,
00000000,
00000000,
00000000,
00000000,
00000000,
00000000,
00000000,
00000000,
00000000,
00000000,
00000000,
00000000,
00000000,
00000000,
00000000,
00000000,
00000000,
00000000,
00000000,
00000000,
00000000,
00000000,
00000000,
00000000,
00000000,
00000000,
00000000,
00000000,
00000000,
00000000,
00000000,
00000000,
00000000,
00000000,
00000000,
00000000,
00000000,
00000000,
00000000,
00000000,
00000000,
00000000,
00000000,
00000000,
00000000,
00000000,
00000000,
00000000,
00000000,
00000000,
00000000,
00000000,
00000000,
00000000,
00000000,
00000000,
00000000,
00000000,
00000000,
00000000,
00000000,
00000000,
00000000,
00000000,
00000000,
00000000,
00000000,
00000000,
00000000,
00000000,
00000000,
00000000,
00000000,
00000000,
00000000,
00000000,
00000000,
00000000,
00000000,
00000000,
00000000,
00000000,
00000000,
00000000,
00000000,
00000000,
00000000,
00000000,
00000000,
00000000,
00000000,
00000000,
00000000,
00000000,
00000000,
00000000,
00000000,
00000000,
00000000,
00000000,
00000000,
00000000,
00000000,
00000000,
00000000,
00000000,
00000000,
00000000,
00000000,
00000000,
00000000,
00000000,
00000000,
00000000,
00000000,
00000000,
00000000,
00000000,
00000000,
00000000,
00000000,
00000000,
00000000,
00000000,
00000000,
00000000,
00000000,
00000000,
00000000,
00000000,
00000000,
00000000,
00000000,
00000000,
00000000,
00000000,
00000000,
00000000,
00000000,
00000000,
00000000,
00000000,
00000000,
00000000,
00000000,
00000000,
00000000,
00000000,
00000000,
00000000,
00000000,
00000000,
00000000,
00000000,
00000000,
00000000,
00000000,
00000000,
00000000,
00000000,
00000000,
00000000,
00000000,
00000000,
00000000,
00000000,
00000000,
00000000,
00000000,
00000000,
00000000,
00000000,
00000000,
00000000,
00000000,
00000000,
00000000,
00000000,
00000000,
00000000,
00000000,
00000000,
00000000,
00000000,
00000000,
00000000,
00000000,
0000000A,
0000001E,
00000003,
00000007,
0000000B,
00000000,
00000000,
00000000,
00000000,
00000000,
00000000,
00000000,
00000000,
00000000,
00000000,
00000000,
00000000,
00000000,
00000000,
00000000,
00000000,
00000000,
00000000,
00000000,
00000000,
00000000,
00000000,
00000000,
00000000,
00000000,
00000000,
00000000,
00000000,
00000000,
00000000,
00000000,
00000000,
00000000,
00000000,
00000000,
00000000,
00000000,
00000000,
00000000,
00000000,
00000000,
00000000,
00000000,
00000000,
00000000,
00000000,
00000000,
00000000,
00000000,
00000000,
00000000,
00000000,
00000000,
00000000,
00000000,
00000000,
00000000,
00000000,
00000000,
0BA6FE7E,
B9A91F11,
71E1D1FE,
8D902C09,
822E3679,
A57554FB,
00000000,
00000000,
00000000,
00000000,
00000000,
00000000,
00000038,
00000220,
00000000,
00000000,
D33CB418,
2F4E3F37,
C4F8C559,
A3FD0C62,
9EA87A56,
C5978935,
C7B02987,
BF6ADCB1,
2F01F40D,
7C259539,
81DD1A81,
36C06BBF,
6B4DEA23,
C03E5C39,
E56B59A0,
500299DF,
D4176225,
FD5B75EB,
EC06C939,
866DC560,
2D333DCE,
6A9F073B,
B9700FC7,
13463546,
26E4BC6E,
548929D5,
A494A03A,
7A61CFD1,
48277A72,
95DE93D1,
191FC9C8,
8F0DCE34,
03390A92,
1609C449,
F9302E19,
D1697E78,
0025306F,
6BE1BEAD,
B205DEC7,
C2F7D5A7,
4D036F6B,
CDCB42FA,
8816D5A6,
6008D4A5,
5B3B7BA2,
CAA3A25D,
637FC037,
C57E9904,
5D9AB9A5,
ACD1E25D,
B22B7EBB,
B96613A7,
30BF800C,
2B8D45E1,
8D962527,
473D217D,
1C42AC31,
264759B3,
4485F28E,
7D01966D,
B264C3FC,
A782064A,
87759B99,
477EA64D,
2C36FFAC,
2B779652,
148D070D,
289D84A2,
DAD6453A,
D4E6B79A,
F334E3DA,
39DF359C,
E48755C8,
43D06146,
522F7563,
BB9897EB,
FB15AF8E,
96DCFF0A,
90DA0963,
287B9273,
0BD42B72,
2A8632C3,
C13EE42C,
078953B7,
FE786C95,
B4624D4B,
FE6CFC5E,
4EA78C07,
4F8527E0,
7BD97AE5,
1DBC36DA,
8E21FFB3,
602C5E23,
0FDE3FAE,
A53A50A9,
993945AF,
D35F4A15,
AD9C667F,
92E00281,
3E066A5E,
D00C42E7,
CFE2EBA3,
E0F72D8A,
21DB6428,
2AB32BC4,
C9D560AF,
FC15A144,
9C960442,
1C558CA5,
CE80CE75,
64A9F6A5,
5A0F8A4B,
8B72CF3E,
D7EBE1D0,
D32D046C,
9E027543,
5CC15766,
D9145B08,
10448D8E,
89D16527,
2A0B996F,
09A620A5,
7524E4F7,
F5E0ED79,
3718131C,
D9D1F569,
0CA502DF,
6AFD2E35,
8ED04191,
610F5CDD,
70BF1C49,
CBE9C933,
C4991E8B,
7548C258,
A4701FBB,
CDD30E79,
25BE53FA,
3232F6B9,
F00A525B,
E069FF43,
DA981FEE,
5460F824,
43C53772,
D1FC999A,
3E24E0D9,
C26147B3,
26098574,
A12B4A70,
D01B9003,
25D922C2,
16223A62,
20D413CE,
A2C702FB,
9ABFF11C,
80019790,
7F5A9870,
306177E5,
D43B0342,
57315EC6,
64E1F464,
77219B44,
1CD98C95,
8AF1CB82,
ACC12631,
F22241AB,
BB23D38D,
CC5C9D9B,
1D9C4DF3,
62DE156A,
948D24E7,
528D2AA4,
1D545ADA,
AFAB0527,
4BBBB4DA,
0CB920B3,
AF4AEB37,
E543E4C1,
F69EF86C,
D8A10CF9,
D14B96A0,
6D386441,
D314FBAD,
89A9F736,
010FBE8E,
D776C670,
22328B08,
CA95BFCF,
5EB8C03F,
D9AA84AB,
305BE37A,
6132E554,
015EB61C,
9C78522A,
A7F529A6,
0F14A53A,
34D4F5C2,
B28D127B,
8A6400FD,
020E0226,
5AB9EBFD,
30CE51EC,
5FBCEE53,
21EC0EEE,
C4281AEC,
2A394EE1,
50113F16,
DDBFAF3E,
BED4FE34,
1E623F5A,
EA05FCD5,
450847CE,
383F757E,
0C3A2A14,
A761BA3A,
A141A272,
19FA3343,
A7F44E5B,
F9B14516,
578EB1AD,
7D88D393,
A208F396,
4D846308,
FA9DF304,
33BD7E7A,
C763C531,
5A823390,
5644E9D3,
C4D47629,
2FDBA39D,
FFD4D2B1,
CEF1CB7F,
103B90A4,
1BA09BA7,
FA274011,
35C97F01,
97769F33,
C5D68D20,
0773930B,
24884E73,
68799220,
2A71ED22,
0BFB42B5,
D9C3AAED,
450364DE,
6F258E3B,
9AEFC563,
C27F34D0,
1B20A3AB,
9D54410E,
7B2E9612,
7558DFD5,
AA3CF226,
C1F11837,
56F2D286,
6FD49F57,
2B32E908,
00000000,
00000000,
00000000,
00000000,
00000000,
00000000,
00000000,
00000000,
00000000,
00000000,
00000000,
00000000,
00000000,
00000000,
00000000,
00000000,
00000000,
00000000,
00000000,
00000000,
00000000,
00000000,
00000000,
00000000,
00000000,
00000000,
00000000,
00000000,
00000000,
00000000,
00000000,
00000000,
00000000,
00000000,
00000000,
00000000,
00000000,
00000000,
00000000,
00000000,
00000000,
00000000,
00000000,
00000000,
00000000,
00000000,
00000000,
00000000,
00000000,
00000000,
00000000,
00000000,
00000000,
00000000,
00000000,
00000000,
00000000,
00000000,
00000000,
00000000,
00000000,
00000000,
00000000,
00000000,
00000000,
00000000,
00000000,
00000000,
00000000,
00000000,
00000000,
00000000,
00000000,
00000000,
00000000,
00000000,
00000000,
00000000,
00000000,
00000000,
00000000,
00000000,
00000000,
00000000,
00000000,
00000000,
00000000,
00000000,
00000000,
00000000,
00000000,
00000000,
00000000,
00000000,
00000000,
00000000,
00000000,
00000000,
00000000,
00000000,
00000000,
00000000,
00000000,
00000000,
00000000,
00000000,
00000000,
00000000,
00000000,
00000000,
00000000,
00000000,
00000000,
00000000,
00000000,
00000000,
00000000,
00000000,
00000000,
00000000,
00000000,
00000000,
00000000,
00000000,
00000000,
00000000,
00000000,
00000000,
00000000,
00000000,
00000000,
00000000,
00000000,
00000000,
00000000,
00000000,
00000000,
00000000,
00000000,
00000000,
00000000,
00000000,
00000000,
00000000,
00000000,
00000000,
00000000,
00000000,
00000000,
00000000,
00000000,
00000000,
00000000,
00000000,
00000000,
00000000,
00000000,
00000000,
00000000,
00000000,
00000000,
00000000,
00000000,
00000000,
00000000,
00000000,
00000000,
00000000,
00000000,
00000000,
00000000,
00000000,
00000000,
00000000,
00000000,
00000000,
00000000,
00000000,
00000000,
00000000,
00000000,
00000000,
00000000,
00000000,
00000000,
00000000,
00000000,
00000000,
00000000,
00000000,
00000000,
00000000,
00000000,
00000000,
00000000,
00000000,
00000000,
00000000,
00000000,
00000000,
00000000,
00000000,
00000000,
00000000,
00000000,
00000000,
00000000,
00000000,
00000000,
00000000,
00000000,
00000000,
00000000,
00000000,
00000000,
00000000,
00000000,
00000000,
00000000,
00000000,
00000000,
00000000,
00000000,
00000000,
00000000,
00000000,
00000000,
00000000,
00000000,
00000000,
00000000,
00000000,
00000000,
00000000,
00000000,
00000000,
00000000,
00000000,
00000000,
00000000,
00000000,
00000000,
00000000,
00000000,
00000000,
00000000,
00000000,
00000000,
00000000,
00000000,
00000000,
00000000,
00000000,
00000000,
00000000,
00000000,
00000000,
00000000,
00000000,
00000000,
00000000,
00000000,
00000000,
00000000,
00000000,
00000000,
00000000,
00000000,
00000000,
00000000,
00000000,
00000000,
00000000,
00000000,
00000000,
00000000,
00000000,
00000000,
00000000,
00000000,
00000000,
00000000,
00000000,
00000000,
00000000,
00000000,
00000000,
00000000,
00000000,
00000000,
00000000,
00000000,
00000000,
00000000,
00000000,
00000000,
00000000,
00000000,
00000000,
00000000,
00000000,
00000000,
00000000,
00000000,
00000000,
00000000,
00000000,
00000000,
00000000,
00000000,
00000000,
00000000,
00000000,
00000000,
00000000,
00000000,
00000000,
00000000,
00000000,
00000000,
00000000,
00000000,
00000000,
00000000,
00000000,
00000000,
00000000,
00000000,
00000000,
00000000,
00000000,
00000000,
00000000,
00000000,
00000000,
00000000,
00000000,
00000000,
00000000,
00000000,
00000000,
00000000,
00000000,
00000000,
00000000,
00000000,
00000000,
00000000,
00000000,
00000000,
00000000,
00000000,
00000000,
00000000,
00000000,
00000000,
00000000,
00000000,
00000000,
00000000,
00000000,
00000000,
00000000,
00000000,
00000000,
00000000,
00000000,
00000000,
00000000,
00000000,
00000000,
00000000,
00000000,
00000000,
00000000,
00000000,
00000000,
00000000,
00000000,
00000000,
00000000,
00000000,
00000000,
00000000,
00000000,
00000000,
00000000,
00000000,
00000000,
00000000,
00000000,
00000000,
00000000,
00000000,
00000000,
00000000,
00000000,
00000000,
00000000,
00000000,
00000000,
00000000,
00000000,
00000000,
00000000,
00000000,
00000000,
00000000,
00000000,
00000000,
00000000,
00000000,
00000000,
00000000,
00000000,
00000000,
00000000,
00000000,
00000000,
00000000,
00000000,
00000000,
00000000,
00000000,
00000000,
00000000,
00000000,
00000000,
00000000,
00000000,
00000000,
00000000,
00000000,
00000000,
00000000,
00000000,
00000000,
00000000,
00000000,
00000000,
00000000,
00000000,
00000000,
00000000,
00000000,
00000000,
00000000,
00000000,
00000000,
00000000,
00000000,
00000000,
00000000,
00000000,
00000000,
00000000,
00000000,
00000000,
00000000,
00000000,
00000000,
00000000,
00000000,
00000000,
00000000,
00000000,
00000000,
00000000,
00000000,
00000000,
00000000,
00000000,
00000000,
00000000,
00000000,
00000000,
00000000,
00000000,
00000000,
00000000,
00000000,
00000000,
00000000,
00000000,
00000000,
00000000,
00000000,
00000000,
00000000,
00000000,
00000000,
00000000,
00000000,
00000000,
00000000,
00000000,
00000000,
00000000,
00000000,
00000000,
00000000,
00000000,
00000000,
00000000,
00000000,
00000000,
00000000,
00000000,
00000000,
00000000,
00000000,
00000000,
00000000,
00000000,
00000000,
00000000,
00000000,
00000000,
00000000,
00000000,
00000000,
00000000,
00000000,
00000000,
00000000,
00000000,
00000000,
00000000,
00000000,
00000000,
00000000,
00000000,
00000000,
00000000,
00000000,
00000000,
00000000,
00000000,
00000000,
00000000,
00000000,
00000000,
00000000,
00000000,
00000000,
00000000,
00000000,
00000000,
00000000,
00000000,
00000000,
00000000,
00000000,
00000000,
00000000,
00000000,
00000000,
00000000,
00000000,
00000000,
00000000,
00000000,
00000000,
00000000,
00000000,
00000000,
00000000,
00000000,
00000000,
00000000,
00000000,
00000000,
00000000,
00000000,
00000000,
00000000,
00000000,
00000000,
00000000,
00000000,
00000000,
00000000,
00000000,
00000000,
00000000,
00000000,
00000000,
00000000,
00000000,
00000000,
00000000,
00000000,
00000000,
00000000,
00000000,
00000000,
00000000,
00000000,
00000000,
00000000,
00000000,
00000000,
00000000,
00000000,
00000000,
00000000,
00000000,
00000000,
00000000,
00000000,
00000000,
00000000,
00000000,
00000000,
00000000,
00000000,
00000000,
00000000,
00000000,
00000000,
00000000,
00000000,
00000000,
00000000,
00000000,
00000000,
00000000,
00000000,
00000000,
00000000,
00000000,
00000000,
00000000,
00000000,
00000000,
00000000,
00000000,
00000000,
00000000,
00000000,
00000000,
00000000,
00000000,
00000000,
00000000,
00000000,
00000000,
00000000,
00000000,
00000000,
00000000,
00000000,
00000000,
00000000,
00000000,
00000000,
00000000,
00000000,
00000000,
00000000,
00000000,
00000000,
00000000,
00000000,
00000000,
00000000,
00000000,
00000000,
00000000,
00000000,
00000000,
00000000,
00000000,
00000000,
00000000,
00000000,
00000000,
00000000,
00000000,
00000000,
00000000,
00000000,
00000000,
00000000,
00000000,
00000000,
00000000,
00000000,
0000000A,
0000001E,
00000003,
00000007,
0000000B,
00000000,
00000000,
00000000,
00000000,
00000000,
00000000,
00000000,
00000000,
00000000,
00000000,
00000000,
00000000,
00000000,
00000000,
00000000,
00000000,
00000000,
00000000,
00000000,
00000000,
00000000,
00000000,
00000000,
00000000,
00000000,
00000000,
00000000,
00000000,
00000000,
00000000,
00000000,
00000000,
00000000,
00000000,
00000000,
00000000,
00000000,
00000000,
00000000,
00000000,
00000000,
00000000,
00000000,
00000000,
00000000,
00000000,
00000000,
00000000,
00000000,
00000000,
00000000,
00000000,
00000000,
00000000,
00000000,
00000000,
00000000,
00000000,
00000000,
945340C5,
4D7739C6,
4C6353F9,
BF3508C5,
0DD08982,
A72D6AB4,
00000000,
00000000,
00000000,
00000000,
00000000,
00000000,
0000003C,
00000220,
00000000,
00000000,
22B1107F,
CF2E2127,
9C12C60E,
CAD232B1,
6DFD5912,
23604689,
E0755EC9,
F43D8A89,
D423C2BE,
30324A95,
70E26268,
FF606764,
88DD8179,
82F546F9,
7E0EA926,
F6CF5DEF,
1011E171,
7277CF02,
7BF16EC4,
B4FA2A12,
FE7E3C66,
EF41983A,
1FA9148F,
4622A0C2,
EE932534,
F2B76D0A,
32C161AA,
DBE9AE88,
CBF728DD,
82626141,
4EBBF9B7,
E8819918,
E2A7B47C,
B708446F,
24B3DA57,
6229C7A6,
84B15DC5,
004C3016,
F00A7473,
ECAFB5DE,
B0A77522,
8F9E4301,
68AE91EB,
46523F2C,
4EC5D0C8,
15EA99C2,
375B68B5,
CE4192BF,
D6DB85AD,
08D11193,
E8D47843,
3B7DCB42,
84F36188,
9E6A73B9,
78179A9F,
FB97CBD6,
B53F0041,
B0302F6F,
89DDFA13,
D107BE2F,
EA9162AA,
EDCBFD07,
82BB3FF4,
A6946671,
2061AC84,
0470F2D3,
DFAC44FD,
47268164,
B3A6902B,
D22CD077,
81534578,
5F307791,
831333D1,
91A63521,
CB26540A,
F7705EDB,
D892C7DF,
F92A4691,
223BE6E1,
91EBA678,
8157F304,
DF345574,
0AFEF2BD,
B3EBA38E,
7115A92F,
53E2A145,
DFE82940,
F14B23DB,
8EEE19A8,
D415908C,
04468149,
92E5E1FE,
9906FC3E,
43583B19,
7FD21365,
C264276D,
936ACF48,
2A3DDD79,
9F0532EB,
FDB4D21D,
16613D17,
4CB8AD63,
0E6B8A4A,
344CB53C,
0F05288C,
8BDFF4A0,
49BF346C,
6A5F4095,
484B931E,
616D58C3,
86987011,
4E4465C1,
0DEA2FDA,
3816BDD4,
7B3E31EE,
424CDCE9,
8B1FA9CF,
AB60B5B1,
D2F26AE9,
BCCCCB60,
4ACA7079,
649D071E,
DBEF34AF,
17936B60,
732D8C08,
271E469F,
CB33DD76,
EF17589A,
5F82780F,
BFE70F3A,
1EA830BF,
FFC7C782,
8BC36504,
FD45C988,
998E44C5,
231EBFF1,
957035E6,
564A53B2,
AC0CFDF5,
61265B70,
D64CFC0F,
CC536E25,
CA1D0C56,
F79C95F6,
3C080C64,
B11C5CE6,
25A4A3B7,
AF8BBCE1,
68DF10AB,
BBD53064,
42F6E69A,
B5591276,
92AC29E9,
45DB2E62,
22582489,
C86A2AA7,
3F04534E,
07414E5F,
955F6E14,
5BA7A7D3,
5AA2954A,
C8E93C5A,
8450BCE1,
9C7A16E5,
C7049D60,
2E7DB377,
5D862EAC,
572A3126,
236ECC7F,
B83629A9,
A8D9C675,
EE162327,
0FE1B03D,
913A264A,
607214F9,
3C6666E8,
7D4A6F7E,
63586A28,
7850EF3B,
9DEBB64B,
5D558084,
979B744B,
5C091DE7,
57FC403F,
A9BDDF61,
2A896251,
FC24EEEE,
9710CAB6,
0E8E7167,
2A794FC4,
E63E27C2,
9B85FDDE,
FB5875F3,
1C31A256,
3EDC24F4,
4FCB5A1A,
775C28D1,
5A55A98C,
B5DD7793,
58D82F7D,
5A67A195,
0AD26A93,
A6F05F7F,
0A29DB1D,
8CA7120A,
F4C9CD70,
D1BD48D4,
9ABBBB24,
BF5225B9,
75C21736,
6F4AC053,
6D38FB7A,
60C85D03,
C11C0C31,
F059ED0A,
5F84F289,
6CB4D524,
2D2ADABE,
741D22E2,
C6F09B98,
5A41114C,
519716A7,
C9D85312,
53DD22A9,
F2AE5249,
02F95C78,
00A264FF,
9162206A,
876A4001,
8530F5DD,
A7640A85,
8D3799CB,
03C82956,
7E754FA1,
C376CEDB,
A3B47E91,
95BE530E,
20C9E771,
78AD3D4C,
BB59B977,
CF7D7BFF,
15DB1DAE,
1FBE3388,
010495E5,
E96A1CBF,
C8C3333B,
D82F754A,
C36F0988,
26469089,
531227C2,
7D236BC4,
E30A0FC2,
866D2035,
8233ECDD,
A76AC3A8,
11DC02D9,
00000000,
00000000,
00000000,
00000000,
00000000,
00000000,
00000000,
00000000,
00000000,
00000000,
00000000,
00000000,
00000000,
00000000,
00000000,
00000000,
00000000,
00000000,
00000000,
00000000,
00000000,
00000000,
00000000,
00000000,
00000000,
00000000,
00000000,
00000000,
00000000,
00000000,
00000000,
00000000,
00000000,
00000000,
00000000,
00000000,
00000000,
00000000,
00000000,
00000000,
00000000,
00000000,
00000000,
00000000,
00000000,
00000000,
00000000,
00000000,
00000000,
00000000,
00000000,
00000000,
00000000,
00000000,
00000000,
00000000,
00000000,
00000000,
00000000,
00000000,
00000000,
00000000,
00000000,
00000000,
00000000,
00000000,
00000000,
00000000,
00000000,
00000000,
00000000,
00000000,
00000000,
00000000,
00000000,
00000000,
00000000,
00000000,
00000000,
00000000,
00000000,
00000000,
00000000,
00000000,
00000000,
00000000,
00000000,
00000000,
00000000,
00000000,
00000000,
00000000,
00000000,
00000000,
00000000,
00000000,
00000000,
00000000,
00000000,
00000000,
00000000,
00000000,
00000000,
00000000,
00000000,
00000000,
00000000,
00000000,
00000000,
00000000,
00000000,
00000000,
00000000,
00000000,
00000000,
00000000,
00000000,
00000000,
00000000,
00000000,
00000000,
00000000,
00000000,
00000000,
00000000,
00000000,
00000000,
00000000,
00000000,
00000000,
00000000,
00000000,
00000000,
00000000,
00000000,
00000000,
00000000,
00000000,
00000000,
00000000,
00000000,
00000000,
00000000,
00000000,
00000000,
00000000,
00000000,
00000000,
00000000,
00000000,
00000000,
00000000,
00000000,
00000000,
00000000,
00000000,
00000000,
00000000,
00000000,
00000000,
00000000,
00000000,
00000000,
00000000,
00000000,
00000000,
00000000,
00000000,
00000000,
00000000,
00000000,
00000000,
00000000,
00000000,
00000000,
00000000,
00000000,
00000000,
00000000,
00000000,
00000000,
00000000,
00000000,
00000000,
00000000,
00000000,
00000000,
00000000,
00000000,
00000000,
00000000,
00000000,
00000000,
00000000,
00000000,
00000000,
00000000,
00000000,
00000000,
00000000,
00000000,
00000000,
00000000,
00000000,
00000000,
00000000,
00000000,
00000000,
00000000,
00000000,
00000000,
00000000,
00000000,
00000000,
00000000,
00000000,
00000000,
00000000,
00000000,
00000000,
00000000,
00000000,
00000000,
00000000,
00000000,
00000000,
00000000,
00000000,
00000000,
00000000,
00000000,
00000000,
00000000,
00000000,
00000000,
00000000,
00000000,
00000000,
00000000,
00000000,
00000000,
00000000,
00000000,
00000000,
00000000,
00000000,
00000000,
00000000,
00000000,
00000000,
00000000,
00000000,
00000000,
00000000,
00000000,
00000000,
00000000,
00000000,
00000000,
00000000,
00000000,
00000000,
00000000,
00000000,
00000000,
00000000,
00000000,
00000000,
00000000,
00000000,
00000000,
00000000,
00000000,
00000000,
00000000,
00000000,
00000000,
00000000,
00000000,
00000000,
00000000,
00000000,
00000000,
00000000,
00000000,
00000000,
00000000,
00000000,
00000000,
00000000,
00000000,
00000000,
00000000,
00000000,
00000000,
00000000,
00000000,
00000000,
00000000,
00000000,
00000000,
00000000,
00000000,
00000000,
00000000,
00000000,
00000000,
00000000,
00000000,
00000000,
00000000,
00000000,
00000000,
00000000,
00000000,
00000000,
00000000,
00000000,
00000000,
00000000,
00000000,
00000000,
00000000,
00000000,
00000000,
00000000,
00000000,
00000000,
00000000,
00000000,
00000000,
00000000,
00000000,
00000000,
00000000,
00000000,
00000000,
00000000,
00000000,
00000000,
00000000,
00000000,
00000000,
00000000,
00000000,
00000000,
00000000,
00000000,
00000000,
00000000,
00000000,
00000000,
00000000,
00000000,
00000000,
00000000,
00000000,
00000000,
00000000,
00000000,
00000000,
00000000,
00000000,
00000000,
00000000,
00000000,
00000000,
00000000,
00000000,
00000000,
00000000,
00000000,
00000000,
00000000,
00000000,
00000000,
00000000,
00000000,
00000000,
00000000,
00000000,
00000000,
00000000,
00000000,
00000000,
00000000,
00000000,
00000000,
00000000,
00000000,
00000000,
00000000,
00000000,
00000000,
00000000,
00000000,
00000000,
00000000,
00000000,
00000000,
00000000,
00000000,
00000000,
00000000,
00000000,
00000000,
00000000,
00000000,
00000000,
00000000,
00000000,
00000000,
00000000,
00000000,
00000000,
00000000,
00000000,
00000000,
00000000,
00000000,
00000000,
00000000,
00000000,
00000000,
00000000,
00000000,
00000000,
00000000,
00000000,
00000000,
00000000,
00000000,
00000000,
00000000,
00000000,
00000000,
00000000,
00000000,
00000000,
00000000,
00000000,
00000000,
00000000,
00000000,
00000000,
00000000,
00000000,
00000000,
00000000,
00000000,
00000000,
00000000,
00000000,
00000000,
00000000,
00000000,
00000000,
00000000,
00000000,
00000000,
00000000,
00000000,
00000000,
00000000,
00000000,
00000000,
00000000,
00000000,
00000000,
00000000,
00000000,
00000000,
00000000,
00000000,
00000000,
00000000,
00000000,
00000000,
00000000,
00000000,
00000000,
00000000,
00000000,
00000000,
00000000,
00000000,
00000000,
00000000,
00000000,
00000000,
00000000,
00000000,
00000000,
00000000,
00000000,
00000000,
00000000,
00000000,
00000000,
00000000,
00000000,
00000000,
00000000,
00000000,
00000000,
00000000,
00000000,
00000000,
00000000,
00000000,
00000000,
00000000,
00000000,
00000000,
00000000,
00000000,
00000000,
00000000,
00000000,
00000000,
00000000,
00000000,
00000000,
00000000,
00000000,
00000000,
00000000,
00000000,
00000000,
00000000,
00000000,
00000000,
00000000,
00000000,
00000000,
00000000,
00000000,
00000000,
00000000,
00000000,
00000000,
00000000,
00000000,
00000000,
00000000,
00000000,
00000000,
00000000,
00000000,
00000000,
00000000,
00000000,
00000000,
00000000,
00000000,
00000000,
00000000,
00000000,
00000000,
00000000,
00000000,
00000000,
00000000,
00000000,
00000000,
00000000,
00000000,
00000000,
00000000,
00000000,
00000000,
00000000,
00000000,
00000000,
00000000,
00000000,
00000000,
00000000,
00000000,
00000000,
00000000,
00000000,
00000000,
00000000,
00000000,
00000000,
00000000,
00000000,
00000000,
00000000,
00000000,
00000000,
00000000,
00000000,
00000000,
00000000,
00000000,
00000000,
00000000,
00000000,
00000000,
00000000,
00000000,
00000000,
00000000,
00000000,
00000000,
00000000,
00000000,
00000000,
00000000,
00000000,
00000000,
00000000,
00000000,
00000000,
00000000,
00000000,
00000000,
00000000,
00000000,
00000000,
00000000,
00000000,
00000000,
00000000,
00000000,
00000000,
00000000,
00000000,
00000000,
00000000,
00000000,
00000000,
00000000,
00000000,
00000000,
00000000,
00000000,
00000000,
00000000,
00000000,
00000000,
00000000,
00000000,
00000000,
00000000,
00000000,
00000000,
00000000,
00000000,
00000000,
00000000,
00000000,
00000000,
00000000,
00000000,
00000000,
00000000,
00000000,
00000000,
00000000,
00000000,
00000000,
00000000,
00000000,
00000000,
00000000,
00000000,
00000000,
00000000,
00000000,
00000000,
00000000,
00000000,
00000000,
00000000,
00000000,
00000000,
00000000,
00000000,
00000000,
00000000,
00000000,
00000000,
00000000,
00000000,
00000000,
0000000A,
0000001E,
00000003,
00000007,
0000000B,
00000000,
00000000,
00000000,
00000000,
00000000,
00000000,
00000000,
00000000,
00000000,
00000000,
00000000,
00000000,
00000000,
00000000,
00000000,
00000000,
00000000,
00000000,
00000000,
00000000,
00000000,
00000000,
00000000,
00000000,
00000000,
00000000,
00000000,
00000000,
00000000,
00000000,
00000000,
00000000,
00000000,
00000000,
00000000,
00000000,
00000000,
00000000,
00000000,
00000000,
00000000,
00000000,
00000000,
00000000,
00000000,
00000000,
00000000,
00000000,
00000000,
00000000,
00000000,
00000000,
00000000,
00000000,
00000000,
00000000,
00000000,
00000000,
00000000,
051B0475,
926C089E,
3872D97D,
9BBCFDCA,
B8060E24,
8990DE52,
00000000,
00000000,
00000000,
00000000,
00000000,
00000000,
00000040,
00000220,
00000000,
00000000,
E4D1CC99,
870B87BB,
5CA9ABEC,
B5E4DD5D,
FAB1975F,
61F758D6,
0802F251,
7C7AE6F1,
CB43D021,
09B882A9,
52D9A87F,
2BE10F31,
BC16A2CE,
35552ED6,
DA38D9C2,
5ECA27D9,
A6D64BA2,
73C4CE66,
3060A201,
FAC1D6C8,
F9DE41E7,
A6885376,
5A26C35C,
F258689C,
C74E5318,
53673923,
96B0EF58,
29E168D8,
CEC041C2,
355F74FA,
DFC70F80,
50D1F65A,
3A81E0D9,
9B4796CD,
C50F9112,
81771EEF,
2EBA1651,
7078DCA3,
84127C9E,
217DA35F,
CEA12584,
99A42DA6,
0F95EFEF,
31E6F218,
0847D25A,
39017ACA,
D303B1C2,
48F41F6D,
C28C5CDA,
F510EDFC,
2E0CB352,
AAA9EDBC,
41CCD44B,
1CD0A31D,
F4E74834,
4ECF3BB3,
7106BE0C,
35BBB417,
D88BBADD,
323051B1,
B1D63ADC,
3B259A57,
C74DD375,
93593E9B,
10CFDB38,
7551B22A,
4878FCAA,
E391E793,
E70A072C,
F88893DE,
2FBA7B72,
CD92DDB1,
AC1EE4E3,
5DA47F86,
A7CBB581,
86F1F5AD,
D6360809,
9F756F4A,
5B30F8AF,
D2BCB5BE,
F2EB9BBC,
11D40C14,
A66F43D3,
C94ECA9B,
4E46604C,
63CC0736,
8CF2D193,
7A514915,
BFBF9E82,
2106A039,
111D6C41,
72CD2A8A,
4AD0136C,
56F40048,
AFABDFA9,
E9A6AA06,
6179C457,
42CA1218,
CF81EC79,
19D2D2E3,
1DC66CD0,
D60AFB70,
42282523,
B6231528,
5E9F49F2,
7B6974A5,
B92681FE,
393E3FC8,
7E9E5E8E,
F2DB6BFD,
E1C3014A,
BA8F3371,
09805D9C,
5864B790,
132AE91D,
072C0670,
430DB657,
023CBE3C,
42AB7715,
0E98FBF2,
1D14D9B8,
D1592A67,
6FFC5939,
33E0490B,
4E65819F,
71F2A590,
4F24C705,
FB771E14,
CA2FFCAC,
ECBFA269,
150A6BA9,
A074EEAD,
A9504D4D,
AB6EC1B3,
DABBBDAB,
000514C1,
C4537B78,
97683C05,
F2ED87CA,
86D1DFDA,
B32F1787,
872FD8E9,
B296DC7F,
22F12A9F,
FE5455A1,
96AB9F61,
74CD4D77,
38022329,
285BFC86,
1740D442,
2A9B84F7,
672B3AC1,
31894B67,
D17D6B36,
EC696B24,
CAD62DBB,
21C80C53,
41290BC1,
FED5A34C,
662FC7F1,
A8C03D9A,
B909503F,
0987A43F,
7A33EFF0,
FB77027D,
92AF73AA,
CC3F6656,
D021D1E8,
0E47035E,
3BE9A2E3,
830B73D3,
AA9480EF,
7CDFDE86,
C3A96234,
76EE4D15,
737BD76D,
D42105D4,
CFF354DC,
495F5A2A,
37198961,
1D95178B,
09955D9F,
DE860393,
76EC54EC,
13C3F938,
8FA911F0,
9A0E5E38,
69EB6241,
9ED01B59,
8CFD16FA,
D8990D83,
7EBA5BC6,
59E1AEBA,
B9B8BAA5,
4D2000C9,
0CE177DF,
C495CA7C,
A5EF0AED,
9B3106E1,
C9A3880A,
CC3DC8B6,
01E2A929,
038A28F8,
0D7077B9,
E11B0619,
86C1D3CF,
6B9C0970,
50EDB5F6,
69CCAC30,
6A1F1DE6,
7533AB55,
48FA81B8,
063A78EE,
DEEFE217,
C43EE522,
A7D1455B,
57B0DE69,
30D19AD7,
6B0E7A30,
0DB5EC60,
A7058742,
4B921F68,
8E1A9084,
272AC0D2,
FFBC8E34,
539D0450,
CB79D955,
D54D3CE2,
B49B5707,
1FCED0A7,
84E1B73A,
AFC56764,
BC02BEB0,
657EB04C,
C22DCDF8,
60CBFED1,
8D145AD3,
38D4715A,
CABBFE0E,
54F9B425,
A5711395,
14DC86B8,
21A72E13,
C62FCEE7,
6CB80DC9,
E4C46412,
781C9592,
C2ECAAD3,
C33AD2E8,
95F06B03,
8CCF6BDB,
21A0CFF4,
05C8E777,
05557B6B,
FA96F17C,
306275BE,
00000000,
00000000,
00000000,
00000000,
00000000,
00000000,
00000000,
00000000,
00000000,
00000000,
00000000,
00000000,
00000000,
00000000,
00000000,
00000000,
00000000,
00000000,
00000000,
00000000,
00000000,
00000000,
00000000,
00000000,
00000000,
00000000,
00000000,
00000000,
00000000,
00000000,
00000000,
00000000,
00000000,
00000000,
00000000,
00000000,
00000000,
00000000,
00000000,
00000000,
00000000,
00000000,
00000000,
00000000,
00000000,
00000000,
00000000,
00000000,
00000000,
00000000,
00000000,
00000000,
00000000,
00000000,
00000000,
00000000,
00000000,
00000000,
00000000,
00000000,
00000000,
00000000,
00000000,
00000000,
00000000,
00000000,
00000000,
00000000,
00000000,
00000000,
00000000,
00000000,
00000000,
00000000,
00000000,
00000000,
00000000,
00000000,
00000000,
00000000,
00000000,
00000000,
00000000,
00000000,
00000000,
00000000,
00000000,
00000000,
00000000,
00000000,
00000000,
00000000,
00000000,
00000000,
00000000,
00000000,
00000000,
00000000,
00000000,
00000000,
00000000,
00000000,
00000000,
00000000,
00000000,
00000000,
00000000,
00000000,
00000000,
00000000,
00000000,
00000000,
00000000,
00000000,
00000000,
00000000,
00000000,
00000000,
00000000,
00000000,
00000000,
00000000,
00000000,
00000000,
00000000,
00000000,
00000000,
00000000,
00000000,
00000000,
00000000,
00000000,
00000000,
00000000,
00000000,
00000000,
00000000,
00000000,
00000000,
00000000,
00000000,
00000000,
00000000,
00000000,
00000000,
00000000,
00000000,
00000000,
00000000,
00000000,
00000000,
00000000,
00000000,
00000000,
00000000,
00000000,
00000000,
00000000,
00000000,
00000000,
00000000,
00000000,
00000000,
00000000,
00000000,
00000000,
00000000,
00000000,
00000000,
00000000,
00000000,
00000000,
00000000,
00000000,
00000000,
00000000,
00000000,
00000000,
00000000,
00000000,
00000000,
00000000,
00000000,
00000000,
00000000,
00000000,
00000000,
00000000,
00000000,
00000000,
00000000,
00000000,
00000000,
00000000,
00000000,
00000000,
00000000,
00000000,
00000000,
00000000,
00000000,
00000000,
00000000,
00000000,
00000000,
00000000,
00000000,
00000000,
00000000,
00000000,
00000000,
00000000,
00000000,
00000000,
00000000,
00000000,
00000000,
00000000,
00000000,
00000000,
00000000,
00000000,
00000000,
00000000,
00000000,
00000000,
00000000,
00000000,
00000000,
00000000,
00000000,
00000000,
00000000,
00000000,
00000000,
00000000,
00000000,
00000000,
00000000,
00000000,
00000000,
00000000,
00000000,
00000000,
00000000,
00000000,
00000000,
00000000,
00000000,
00000000,
00000000,
00000000,
00000000,
00000000,
00000000,
00000000,
00000000,
00000000,
00000000,
00000000,
00000000,
00000000,
00000000,
00000000,
00000000,
00000000,
00000000,
00000000,
00000000,
00000000,
00000000,
00000000,
00000000,
00000000,
00000000,
00000000,
00000000,
00000000,
00000000,
00000000,
00000000,
00000000,
00000000,
00000000,
00000000,
00000000,
00000000,
00000000,
00000000,
00000000,
00000000,
00000000,
00000000,
00000000,
00000000,
00000000,
00000000,
00000000,
00000000,
00000000,
00000000,
00000000,
00000000,
00000000,
00000000,
00000000,
00000000,
00000000,
00000000,
00000000,
00000000,
00000000,
00000000,
00000000,
00000000,
00000000,
00000000,
00000000,
00000000,
00000000,
00000000,
00000000,
00000000,
00000000,
00000000,
00000000,
00000000,
00000000,
00000000,
00000000,
00000000,
00000000,
00000000,
00000000,
00000000,
00000000,
00000000,
00000000,
00000000,
00000000,
00000000,
00000000,
00000000,
00000000,
00000000,
00000000,
00000000,
00000000,
00000000,
00000000,
00000000,
00000000,
00000000,
00000000,
00000000,
00000000,
00000000,
00000000,
00000000,
00000000,
00000000,
00000000,
00000000,
00000000,
00000000,
00000000,
00000000,
00000000,
00000000,
00000000,
00000000,
00000000,
00000000,
00000000,
00000000,
00000000,
00000000,
00000000,
00000000,
00000000,
00000000,
00000000,
00000000,
00000000,
00000000,
00000000,
00000000,
00000000,
00000000,
00000000,
00000000,
00000000,
00000000,
00000000,
00000000,
00000000,
00000000,
00000000,
00000000,
00000000,
00000000,
00000000,
00000000,
00000000,
00000000,
00000000,
00000000,
00000000,
00000000,
00000000,
00000000,
00000000,
00000000,
00000000,
00000000,
00000000,
00000000,
00000000,
00000000,
00000000,
00000000,
00000000,
00000000,
00000000,
00000000,
00000000,
00000000,
00000000,
00000000,
00000000,
00000000,
00000000,
00000000,
00000000,
00000000,
00000000,
00000000,
00000000,
00000000,
00000000,
00000000,
00000000,
00000000,
00000000,
00000000,
00000000,
00000000,
00000000,
00000000,
00000000,
00000000,
00000000,
00000000,
00000000,
00000000,
00000000,
00000000,
00000000,
00000000,
00000000,
00000000,
00000000,
00000000,
00000000,
00000000,
00000000,
00000000,
00000000,
00000000,
00000000,
00000000,
00000000,
00000000,
00000000,
00000000,
00000000,
00000000,
00000000,
00000000,
00000000,
00000000,
00000000,
00000000,
00000000,
00000000,
00000000,
00000000,
00000000,
00000000,
00000000,
00000000,
00000000,
00000000,
00000000,
00000000,
00000000,
00000000,
00000000,
00000000,
00000000,
00000000,
00000000,
00000000,
00000000,
00000000,
00000000,
00000000,
00000000,
00000000,
00000000,
00000000,
00000000,
00000000,
00000000,
00000000,
00000000,
00000000,
00000000,
00000000,
00000000,
00000000,
00000000,
00000000,
00000000,
00000000,
00000000,
00000000,
00000000,
00000000,
00000000,
00000000,
00000000,
00000000,
00000000,
00000000,
00000000,
00000000,
00000000,
00000000,
00000000,
00000000,
00000000,
00000000,
00000000,
00000000,
00000000,
00000000,
00000000,
00000000,
00000000,
00000000,
00000000,
00000000,
00000000,
00000000,
00000000,
00000000,
00000000,
00000000,
00000000,
00000000,
00000000,
00000000,
00000000,
00000000,
00000000,
00000000,
00000000,
00000000,
00000000,
00000000,
00000000,
00000000,
00000000,
00000000,
00000000,
00000000,
00000000,
00000000,
00000000,
00000000,
00000000,
00000000,
00000000,
00000000,
00000000,
00000000,
00000000,
00000000,
00000000,
00000000,
00000000,
00000000,
00000000,
00000000,
00000000,
00000000,
00000000,
00000000,
00000000,
00000000,
00000000,
00000000,
00000000,
00000000,
00000000,
00000000,
00000000,
00000000,
00000000,
00000000,
00000000,
00000000,
00000000,
00000000,
00000000,
00000000,
00000000,
00000000,
00000000,
00000000,
00000000,
00000000,
00000000,
00000000,
00000000,
00000000,
00000000,
00000000,
00000000,
00000000,
00000000,
00000000,
00000000,
00000000,
00000000,
00000000,
00000000,
00000000,
00000000,
00000000,
00000000,
00000000,
00000000,
00000000,
00000000,
00000000,
00000000,
00000000,
00000000,
00000000,
00000000,
00000000,
00000000,
00000000,
00000000,
00000000,
00000000,
00000000,
00000000,
00000000,
00000000,
00000000,
00000000,
00000000,
00000000,
00000000,
00000000,
00000000,
00000000,
00000000,
00000000,
00000000,
00000000,
00000000,
00000000,
00000000,
00000000,
00000000,
00000000,
00000000,
00000000,
00000000,
00000000,
00000000,
00000000,
00000000,
00000000,
0000000A,
0000001E,
00000003,
00000007,
0000000B,
00000000,
00000000,
00000000,
00000000,
00000000,
00000000,
00000000,
00000000,
00000000,
00000000,
00000000,
00000000,
00000000,
00000000,
00000000,
00000000,
00000000,
00000000,
00000000,
00000000,
00000000,
00000000,
00000000,
00000000,
00000000,
00000000,
00000000,
00000000,
00000000,
00000000,
00000000,
00000000,
00000000,
00000000,
00000000,
00000000,
00000000,
00000000,
00000000,
00000000,
00000000,
00000000,
00000000,
00000000,
00000000,
00000000,
00000000,
00000000,
00000000,
00000000,
00000000,
00000000,
00000000,
00000000,
00000000,
00000000,
00000000,
00000000,
00000000;
